WRITE,0.0,,355926,2.471708 
WRITE,0.0,,643907,4.471576 
WRITE,0.0,,931889,6.471451 
WRITE,0.0,,1219870,8.471319 
WRITE,0.0,,1507851,10.471188 
WRITE,0.0,,1795833,12.471063 
WRITE,0.0,,2083814,14.470931 
WRITE,-1.0,,2371796,16.470806 
WRITE,-2.0,,2659777,18.470674 
WRITE,-3.0,,2947759,20.470549 
WRITE,-4.0,,3235740,22.470417 
WRITE,-5.0,,3523721,24.470285 
WRITE,-7.0,,3811703,26.470160 
WRITE,-8.0,,4099684,28.470028 
WRITE,-10.0,,4387666,30.469903 
WRITE,-12.0,,4675647,32.469771 
WRITE,-14.0,,4963629,34.469646 
WRITE,-17.0,,5251610,36.469514 
WRITE,-19.0,,5539591,38.469382 
WRITE,-21.0,,5827573,40.469257 
WRITE,-23.0,,6115554,42.469125 
WRITE,-26.0,,6403536,44.469000 
WRITE,-28.0,,6691517,46.468868 
WRITE,-30.0,,6979498,48.468736 
WRITE,-32.0,,7267480,50.468611 
WRITE,-34.0,,7555461,52.468479 
WRITE,-37.0,,7843443,54.468354 
WRITE,-39.0,,8131424,56.468222 
WRITE,-41.0,,8419406,58.468097 
WRITE,-42.0,,8707387,60.467965 
WRITE,-44.0,,8995368,62.467833 
WRITE,-46.0,,9283350,64.467708 
WRITE,-48.0,,9571331,66.467576 
WRITE,-50.0,,9859313,68.467451 
WRITE,-51.0,,10147294,70.467319 
WRITE,-53.0,,10435276,72.467194 
WRITE,-54.0,,10723257,74.467063 
WRITE,-56.0,,11011238,76.466931 
WRITE,-57.0,,11299220,78.466806 
WRITE,-58.0,,11587201,80.466674 
WRITE,-60.0,,11875183,82.466549 
WRITE,-61.0,,12163164,84.466417 
WRITE,-62.0,,12451145,86.466285 
WRITE,-64.0,,12739127,88.466160 
WRITE,-65.0,,13027108,90.466028 
WRITE,-66.0,,13315090,92.465903 
WRITE,-67.0,,13603071,94.465771 
WRITE,-68.0,,13891053,96.465646 
WRITE,-69.0,,14179034,98.465514 
WRITE,-70.0,,14467015,100.465382 
WRITE,-71.0,,14754997,102.465257 
WRITE,-72.0,,15042978,104.465125 
WRITE,-73.0,,15330960,106.465000 
WRITE,-74.0,,15618941,108.464868 
WRITE,-75.0,,15906923,110.464743 
WRITE,-76.0,,16194904,112.464611 
WRITE,-76.0,,16482885,114.464479 
WRITE,-77.0,,16770867,116.464354 
WRITE,-78.0,,17058848,118.464222 
WRITE,-79.0,,17346830,120.464097 
WRITE,-80.0,,17634811,122.463965 
WRITE,-81.0,,17922793,124.463840 
WRITE,-82.0,,18210774,126.463708 
WRITE,-83.0,,18498755,128.463576 
WRITE,-83.0,,18786737,130.463451 
WRITE,-84.0,,19074718,132.463319 
WRITE,-85.0,,19362700,134.463194 
WRITE,-86.0,,19650681,136.463063 
WRITE,-86.0,,19938662,138.462931 
WRITE,-87.0,,20226644,140.462806 
WRITE,-88.0,,20514625,142.462674 
WRITE,-89.0,,20802607,144.462549 
WRITE,-89.0,,21090588,146.462417 
WRITE,-90.0,,21378570,148.462292 
WRITE,-91.0,,21666551,150.462160 
WRITE,-91.0,,21954532,152.462028 
WRITE,-92.0,,22242514,154.461903 
WRITE,-92.0,,22530495,156.461771 
WRITE,-93.0,,22818477,158.461646 
WRITE,-94.0,,23106458,160.461514 
WRITE,-94.0,,23394440,162.461389 
WRITE,-95.0,,23682421,164.461257 
WRITE,-95.0,,23970402,166.461125 
WRITE,-96.0,,24258384,168.461000 
WRITE,-96.0,,24546365,170.460868 
WRITE,-97.0,,24834347,172.460743 
WRITE,-97.0,,25122328,174.460611 
WRITE,-97.0,,25410309,176.460479 
WRITE,-98.0,,25698291,178.460354 
WRITE,-98.0,,25986272,180.460222 
WRITE,-98.0,,26274254,182.460097 
WRITE,-99.0,,26562235,184.459965 
WRITE,-99.0,,26850217,186.459840 
WRITE,-99.0,,27138198,188.459708 
WRITE,-100.0,,27426179,190.459576 
WRITE,-100.0,,27714161,192.459451 
WRITE,-100.0,,28002142,194.459319 
WRITE,-101.0,,28290124,196.459194 
WRITE,-101.0,,28578105,198.459063 
WRITE,-101.0,,28866087,200.458938 
WRITE,-101.0,,29154068,202.458806 
WRITE,-102.0,,29442049,204.458674 
WRITE,-102.0,,29730031,206.458549 
WRITE,-102.0,,30018012,208.458417 
WRITE,-103.0,,30305994,210.458292 
WRITE,-103.0,,30593975,212.458160 
WRITE,-103.0,,30881956,214.458028 
WRITE,-104.0,,31169938,216.457903 
WRITE,-104.0,,31457919,218.457771 
WRITE,-104.0,,31745901,220.457646 
WRITE,-105.0,,32033882,222.457514 
WRITE,-105.0,,32321864,224.457389 
WRITE,-105.0,,32609845,226.457257 
WRITE,-106.0,,32897826,228.457125 
WRITE,-106.0,,33185808,230.457000 
WRITE,-106.0,,33473789,232.456868 
WRITE,-107.0,,33761771,234.456743 
WRITE,-107.0,,34049752,236.456611 
WRITE,-107.0,,34337734,238.456486 
WRITE,-108.0,,34625715,240.456354 
WRITE,-108.0,,34913696,242.456222 
WRITE,-108.0,,35201678,244.456097 
WRITE,-109.0,,35489659,246.455965 
WRITE,-109.0,,35777641,248.455840 
WRITE,-109.0,,36065622,250.455708 
WRITE,-109.0,,36353604,252.455583 
WRITE,-109.0,,36641585,254.455451 
WRITE,-109.0,,36929566,256.455319 
WRITE,-109.0,,37217548,258.455194 
WRITE,-110.0,,37505529,260.455063 
WRITE,-110.0,,37793511,262.454937 
WRITE,-110.0,,38081492,264.454806 
WRITE,-110.0,,38369473,266.454674 
WRITE,-110.0,,38657455,268.454549 
WRITE,-110.0,,38945436,270.454417 
WRITE,-111.0,,39233418,272.454292 
WRITE,-111.0,,39521399,274.454160 
WRITE,-111.0,,39809381,276.454035 
WRITE,-111.0,,40097362,278.453903 
WRITE,-111.0,,40385343,280.453771 
WRITE,-111.0,,40673325,282.453646 
WRITE,-112.0,,40961306,284.453514 
WRITE,-112.0,,41249288,286.453389 
WRITE,-112.0,,41537269,288.453257 
WRITE,-112.0,,41825251,290.453132 
WRITE,-112.0,,42113232,292.453000 
WRITE,-112.0,,42401213,294.452868 
WRITE,-112.0,,42689195,296.452743 
WRITE,-112.0,,42977176,298.452611 
WRITE,-112.0,,43265158,300.452486 
WRITE,-112.0,,43553139,302.452354 
WRITE,-112.0,,43841120,304.452222 
WRITE,-112.0,,44129102,306.452097 
WRITE,-112.0,,44417083,308.451965 
WRITE,-112.0,,44705065,310.451840 
WRITE,-112.0,,44993046,312.451708 
WRITE,-112.0,,45281028,314.451583 
WRITE,-112.0,,45569009,316.451451 
WRITE,-112.0,,45856990,318.451319 
WRITE,-112.0,,46144972,320.451194 
WRITE,-112.0,,46432953,322.451063 
WRITE,-112.0,,46720935,324.450938 
WRITE,-112.0,,47008916,326.450806 
WRITE,-112.0,,47296898,328.450681 
WRITE,-112.0,,47584879,330.450549 
WRITE,-112.0,,47872860,332.450417 
WRITE,-112.0,,48160842,334.450292 
WRITE,-112.0,,48448823,336.450160 
WRITE,-112.0,,48736805,338.450035 
WRITE,-112.0,,49024786,340.449903 
WRITE,-112.0,,49312767,342.449771 
WRITE,-112.0,,49600749,344.449646 
WRITE,-112.0,,49888730,346.449514 
WRITE,-112.0,,50176712,348.449389 
WRITE,-112.0,,50464693,350.449257 
WRITE,-112.0,,50752675,352.449132 
WRITE,-112.0,,51040656,354.449000 
WRITE,-112.0,,51328637,356.448868 
WRITE,-112.0,,51616619,358.448743 
WRITE,-112.0,,51904600,360.448611 
WRITE,-112.0,,52192582,362.448486 
WRITE,-112.0,,52480563,364.448354 
WRITE,-112.0,,52768545,366.448229 
WRITE,-112.0,,53056526,368.448097 
WRITE,-112.0,,53344507,370.447965 
WRITE,-112.0,,53632489,372.447840 
WRITE,-112.0,,53920470,374.447708 
WRITE,-112.0,,54208452,376.447583 
WRITE,-112.0,,54496433,378.447451 
WRITE,-112.0,,54784415,380.447326 
WRITE,-112.0,,55072396,382.447194 
WRITE,-112.0,,55360377,384.447063 
WRITE,-112.0,,55648359,386.446938 
WRITE,-112.0,,55936340,388.446806 
WRITE,-112.0,,56224322,390.446681 
WRITE,-112.0,,56512303,392.446549 
WRITE,-112.0,,56800284,394.446417 
WRITE,-112.0,,57088266,396.446292 
WRITE,-112.0,,57376247,398.446160 
WRITE,-112.0,,57664229,400.446035 
WRITE,-112.0,,57952210,402.445903 
WRITE,-112.0,,58240192,404.445778 
WRITE,-112.0,,58528173,406.445646 
WRITE,-112.0,,58816154,408.445514 
WRITE,-112.0,,59104136,410.445389 
WRITE,-112.0,,59392117,412.445257 
WRITE,-112.0,,59680099,414.445132 
WRITE,-112.0,,59968080,416.445000 
WRITE,-112.0,,60256062,418.444875 
WRITE,-112.0,,60544043,420.444743 
WRITE,-112.0,,60832024,422.444611 
WRITE,-112.0,,61120006,424.444486 
WRITE,-112.0,,61407987,426.444354 
WRITE,-112.0,,61695969,428.444229 
WRITE,-112.0,,61983950,430.444097 
WRITE,-112.0,,62271931,432.443965 
WRITE,-112.0,,62559913,434.443840 
WRITE,-112.0,,62847894,436.443708 
WRITE,-112.0,,63135876,438.443583 
WRITE,-112.0,,63423857,440.443451 
WRITE,-112.0,,63711839,442.443326 
WRITE,-112.0,,63999820,444.443194 
WRITE,-112.0,,64287801,446.443063 
WRITE,-112.0,,64575783,448.442938 
WRITE,-112.0,,64863764,450.442806 
WRITE,-112.0,,65151746,452.442681 
WRITE,-112.0,,65439727,454.442549 
WRITE,-112.0,,65727709,456.442424 
WRITE,-112.0,,66015690,458.442292 
WRITE,-112.0,,66303671,460.442160 
WRITE,-112.0,,66591653,462.442035 
WRITE,-112.0,,66879634,464.441903 
WRITE,-112.0,,67167616,466.441778 
WRITE,-112.0,,67455597,468.441646 
WRITE,-112.0,,67743578,470.441514 
WRITE,-112.0,,68031560,472.441389 
WRITE,-112.0,,68319541,474.441257 
WRITE,-112.0,,68607523,476.441132 
WRITE,-112.0,,68895504,478.441000 
WRITE,-112.0,,69183486,480.440875 
WRITE,-112.0,,69471467,482.440743 
WRITE,-112.0,,69759448,484.440611 
WRITE,-112.0,,70047430,486.440486 
WRITE,-112.0,,70335411,488.440354 
WRITE,-112.0,,70623393,490.440229 
WRITE,-112.0,,70911374,492.440097 
WRITE,-112.0,,71199356,494.439972 
WRITE,-112.0,,71487337,496.439840 
WRITE,-112.0,,71775318,498.439708 
WRITE,-112.0,,72065804,500.456972 
WRITE,-112.0,,72351278,502.439431 
WRITE,-112.0,,72639260,504.439306 
WRITE,-112.0,,72927241,506.439174 
WRITE,-112.0,,73215223,508.439049 
WRITE,-111.0,,73503204,510.438917 
WRITE,-111.0,,73791185,512.438785 
WRITE,-110.0,,74079167,514.438660 
WRITE,-108.0,,74367148,516.438528 
WRITE,-107.0,,74655130,518.438403 
WRITE,-106.0,,74943111,520.438271 
WRITE,-104.0,,75231092,522.438139 
WRITE,-102.0,,75519074,524.438014 
WRITE,-100.0,,75807055,526.437882 
WRITE,-98.0,,76095037,528.437757 
WRITE,-96.0,,76383018,530.437625 
WRITE,-94.0,,76671000,532.437500 
WRITE,-92.0,,76958981,534.437368 
WRITE,-89.0,,77246962,536.437236 
WRITE,-87.0,,77534944,538.437111 
WRITE,-84.0,,77822925,540.436979 
WRITE,-82.0,,78110907,542.436854 
WRITE,-80.0,,78398888,544.436722 
WRITE,-78.0,,78686870,546.436597 
WRITE,-75.0,,78974851,548.436465 
WRITE,-73.0,,79262832,550.436333 
WRITE,-71.0,,79550814,552.436208 
WRITE,-69.0,,79838795,554.436076 
WRITE,-68.0,,80126777,556.435951 
WRITE,-66.0,,80414758,558.435819 
WRITE,-64.0,,80702739,560.435688 
WRITE,-62.0,,80990721,562.435563 
WRITE,-61.0,,81278702,564.435431 
WRITE,-59.0,,81566684,566.435306 
WRITE,-58.0,,81854665,568.435174 
WRITE,-56.0,,82142647,570.435049 
WRITE,-55.0,,82430628,572.434917 
WRITE,-54.0,,82718609,574.434785 
WRITE,-52.0,,83006591,576.434660 
WRITE,-51.0,,83294572,578.434528 
WRITE,-50.0,,83582554,580.434403 
WRITE,-49.0,,83870535,582.434271 
WRITE,-47.0,,84158517,584.434146 
WRITE,-46.0,,84446498,586.434014 
WRITE,-45.0,,84734479,588.433882 
WRITE,-44.0,,85022461,590.433757 
WRITE,-43.0,,85310442,592.433625 
WRITE,-42.0,,85598424,594.433500 
WRITE,-41.0,,85886405,596.433368 
WRITE,-40.0,,86174386,598.433236 
WRITE,-39.0,,86462368,600.433111 
WRITE,-38.0,,86750349,602.432979 
WRITE,-37.0,,87038331,604.432854 
WRITE,-36.0,,87326312,606.432722 
WRITE,-35.0,,87614294,608.432597 
WRITE,-34.0,,87902275,610.432465 
WRITE,-33.0,,88190256,612.432333 
WRITE,-33.0,,88478238,614.432208 
WRITE,-32.0,,88766219,616.432076 
WRITE,-31.0,,89054201,618.431951 
WRITE,-30.0,,89342182,620.431819 
WRITE,-30.0,,89630164,622.431694 
WRITE,-29.0,,89918145,624.431562 
WRITE,-28.0,,90206126,626.431431 
WRITE,-28.0,,90494108,628.431306 
WRITE,-27.0,,90782089,630.431174 
WRITE,-26.0,,91070071,632.431049 
WRITE,-25.0,,91358052,634.430917 
WRITE,-25.0,,91646034,636.430792 
WRITE,-24.0,,91934015,638.430660 
WRITE,-24.0,,92221996,640.430528 
WRITE,-23.0,,92509978,642.430403 
WRITE,-23.0,,92797959,644.430271 
WRITE,-22.0,,93085941,646.430146 
WRITE,-21.0,,93373922,648.430014 
WRITE,-21.0,,93661903,650.429882 
WRITE,-21.0,,93949885,652.429757 
WRITE,-20.0,,94237866,654.429625 
WRITE,-20.0,,94525848,656.429500 
WRITE,-19.0,,94813829,658.429368 
WRITE,-19.0,,95101811,660.429243 
WRITE,-18.0,,95389792,662.429111 
WRITE,-18.0,,95677773,664.428979 
WRITE,-17.0,,95965755,666.428854 
WRITE,-17.0,,96253736,668.428722 
WRITE,-16.0,,96541718,670.428597 
WRITE,-16.0,,96829699,672.428465 
WRITE,-15.0,,97117681,674.428340 
WRITE,-14.0,,97405662,676.428208 
WRITE,-14.0,,97693643,678.428076 
WRITE,-13.0,,97981625,680.427951 
WRITE,-13.0,,98269606,682.427819 
WRITE,-12.0,,98557588,684.427694 
WRITE,-12.0,,98845569,686.427563 
WRITE,-11.0,,99133550,688.427431 
WRITE,-11.0,,99421532,690.427306 
WRITE,-10.0,,99709513,692.427174 
WRITE,-10.0,,99997495,694.427049 
WRITE,-9.0,,100285476,696.426917 
WRITE,-9.0,,100573458,698.426792 
WRITE,-9.0,,100861439,700.426660 
WRITE,-8.0,,101149420,702.426528 
WRITE,-8.0,,101437402,704.426403 
WRITE,-8.0,,101725383,706.426271 
WRITE,-8.0,,102013365,708.426146 
WRITE,-7.0,,102301346,710.426014 
WRITE,-7.0,,102589328,712.425889 
WRITE,-7.0,,102877309,714.425757 
WRITE,-6.0,,103165290,716.425625 
WRITE,-6.0,,103453272,718.425500 
WRITE,-6.0,,103741253,720.425368 
WRITE,-5.0,,104029235,722.425243 
WRITE,-5.0,,104317216,724.425111 
WRITE,-5.0,,104605197,726.424979 
WRITE,-5.0,,104893179,728.424854 
WRITE,-4.0,,105181160,730.424722 
WRITE,-4.0,,105469142,732.424597 
WRITE,-4.0,,105757123,734.424465 
WRITE,-3.0,,106045105,736.424340 
WRITE,-3.0,,106333086,738.424208 
WRITE,-3.0,,106621067,740.424076 
WRITE,-3.0,,106909049,742.423951 
WRITE,-2.0,,107197030,744.423819 
WRITE,-2.0,,107485012,746.423694 
WRITE,-2.0,,107772993,748.423563 
WRITE,-1.0,,108060975,750.423438 
WRITE,-1.0,,108348956,752.423306 
WRITE,-1.0,,108636937,754.423174 
WRITE,-1.0,,108924919,756.423049 
WRITE,-1.0,,109212900,758.422917 
WRITE,0.0,,109500882,760.422792 
WRITE,0.0,,109788863,762.422660 
WRITE,0.0,,110076845,764.422535 
WRITE,0.0,,110364826,766.422403 
WRITE,0.0,,110652807,768.422271 
WRITE,0.0,,110940789,770.422146 
WRITE,0.0,,111228770,772.422014 
WRITE,0.0,,111516752,774.421889 
WRITE,0.0,,111804733,776.421757 
WRITE,0.0,,112092714,778.421625 
WRITE,0.0,,112380696,780.421500 
WRITE,0.0,,112668677,782.421368 
WRITE,0.0,,112956659,784.421243 
WRITE,0.0,,113244640,786.421111 
WRITE,0.0,,113532622,788.420986 
WRITE,0.0,,113820603,790.420854 
WRITE,0.0,,114108584,792.420722 
WRITE,0.0,,114396566,794.420597 
WRITE,0.0,,114684547,796.420465 
WRITE,0.0,,114972529,798.420340 
WRITE,0.0,,115260510,800.420208 
WRITE,0.0,,115548492,802.420083 
WRITE,0.0,,115836473,804.419951 
WRITE,0.0,,116124454,806.419819 
WRITE,0.0,,116412436,808.419694 
WRITE,0.0,,116700417,810.419563 
WRITE,0.0,,116988399,812.419438 
WRITE,0.0,,117276380,814.419306 
WRITE,0.0,,117564361,816.419174 
WRITE,0.0,,117852343,818.419049 
WRITE,0.0,,118140324,820.418917 
WRITE,0.0,,118428306,822.418792 
WRITE,0.0,,118716287,824.418660 
WRITE,0.0,,119004269,826.418535 
WRITE,0.0,,119292250,828.418403 
WRITE,0.0,,119580231,830.418271 
WRITE,0.0,,119868213,832.418146 
WRITE,0.0,,120156194,834.418014 
WRITE,0.0,,120444176,836.417889 
WRITE,0.0,,120732157,838.417757 
WRITE,0.0,,121020139,840.417632 
WRITE,0.0,,121308120,842.417500 
WRITE,0.0,,121596101,844.417368 
WRITE,0.0,,121884083,846.417243 
WRITE,0.0,,122172064,848.417111 
WRITE,0.0,,122460046,850.416986 
WRITE,0.0,,122748027,852.416854 
WRITE,0.0,,123036008,854.416722 
WRITE,0.0,,123323990,856.416597 
WRITE,0.0,,123611971,858.416465 
WRITE,0.0,,123899953,860.416340 
WRITE,0.0,,124187934,862.416208 
WRITE,0.0,,124475916,864.416083 
WRITE,0.0,,124763897,866.415951 
WRITE,0.0,,125051878,868.415819 
WRITE,0.0,,125339860,870.415694 
WRITE,0.0,,125627841,872.415563 
WRITE,0.0,,125915823,874.415437 
WRITE,0.0,,126203804,876.415306 
WRITE,0.0,,126491786,878.415181 
WRITE,0.0,,126779767,880.415049 
WRITE,0.0,,127067748,882.414917 
WRITE,0.0,,127355730,884.414792 
WRITE,0.0,,127643711,886.414660 
WRITE,0.0,,127931693,888.414535 
WRITE,0.0,,128219674,890.414403 
WRITE,0.0,,128507656,892.414278 
WRITE,0.0,,128795637,894.414146 
WRITE,0.0,,129083618,896.414014 
WRITE,0.0,,129371600,898.413889 
WRITE,0.0,,129659581,900.413757 
WRITE,0.0,,129947563,902.413632 
WRITE,0.0,,130235544,904.413500 
WRITE,0.0,,130523525,906.413368 
WRITE,0.0,,130811507,908.413243 
WRITE,0.0,,131099488,910.413111 
WRITE,0.0,,131387470,912.412986 
WRITE,0.0,,131675451,914.412854 
WRITE,0.0,,131963433,916.412729 
WRITE,0.0,,132251414,918.412597 
WRITE,0.0,,132539395,920.412465 
WRITE,0.0,,132827377,922.412340 
WRITE,0.0,,133115358,924.412208 
WRITE,0.0,,133403340,926.412083 
WRITE,0.0,,133691321,928.411951 
WRITE,0.0,,133979303,930.411826 
WRITE,0.0,,134267284,932.411694 
WRITE,0.0,,134555265,934.411563 
WRITE,0.0,,134843247,936.411438 
WRITE,0.0,,135131228,938.411306 
WRITE,0.0,,135419210,940.411181 
WRITE,0.0,,135707191,942.411049 
WRITE,0.0,,135995172,944.410917 
WRITE,0.0,,136283154,946.410792 
WRITE,0.0,,136571135,948.410660 
WRITE,0.0,,136859117,950.410535 
WRITE,0.0,,137147098,952.410403 
WRITE,0.0,,137435080,954.410278 
WRITE,0.0,,137723061,956.410146 
WRITE,0.0,,138011042,958.410014 
WRITE,0.0,,138299024,960.409889 
WRITE,0.0,,138587005,962.409757 
WRITE,0.0,,138874987,964.409632 
WRITE,0.0,,139162968,966.409500 
WRITE,0.0,,139450950,968.409375 
WRITE,0.0,,139738931,970.409243 
WRITE,0.0,,140026912,972.409111 
WRITE,0.0,,140314894,974.408986 
WRITE,0.0,,140602875,976.408854 
WRITE,0.0,,140890857,978.408729 
WRITE,0.0,,141178838,980.408597 
WRITE,0.0,,141466819,982.408465 
WRITE,0.0,,141754801,984.408340 
WRITE,0.0,,142042782,986.408208 
WRITE,0.0,,142330764,988.408083 
WRITE,0.0,,142618745,990.407951 
WRITE,0.0,,142906727,992.407826 
WRITE,0.0,,143194708,994.407694 
WRITE,0.0,,143482689,996.407562 
WRITE,0.0,,143770671,998.407438 
WRITE,0.0,,144061275,1.000426
WRITE,0.0,,144346631,1.002407
WRITE,0.0,,144634612,1.004407
WRITE,0.0,,144922594,1.006407
WRITE,0.0,,145210575,1.008407
WRITE,0.0,,145498556,1.010407
WRITE,0.0,,145786538,1.012407
WRITE,1.0,,146074519,1.014406
WRITE,2.0,,146362501,1.016406
WRITE,3.0,,146650482,1.018406
WRITE,5.0,,146938464,1.020406
WRITE,7.0,,147226445,1.022406
WRITE,8.0,,147514426,1.024406
WRITE,10.0,,147802408,1.026406
WRITE,12.0,,148090389,1.028405
WRITE,14.0,,148378371,1.030405
WRITE,16.0,,148666352,1.032405
WRITE,19.0,,148954333,1.034405
WRITE,21.0,,149242315,1.036405
WRITE,23.0,,149530296,1.038405
WRITE,25.0,,149818278,1.040405
WRITE,27.0,,150106259,1.042405
WRITE,29.0,,150394241,1.044404
WRITE,32.0,,150682222,1.046404
WRITE,34.0,,150970203,1.048404
WRITE,36.0,,151258185,1.050404
WRITE,38.0,,151546166,1.052404
WRITE,40.0,,151834148,1.054404
WRITE,42.0,,152122129,1.056404
WRITE,43.0,,152410111,1.058404
WRITE,45.0,,152698092,1.060403
WRITE,47.0,,152986073,1.062403
WRITE,48.0,,153274055,1.064403
WRITE,50.0,,153562036,1.066403
WRITE,51.0,,153850018,1.068403
WRITE,53.0,,154137999,1.070403
WRITE,54.0,,154425980,1.072403
WRITE,55.0,,154713962,1.074403
WRITE,56.0,,155001943,1.076402
WRITE,58.0,,155289925,1.078402
WRITE,59.0,,155577906,1.080402
WRITE,60.0,,155865888,1.082402
WRITE,61.0,,156153869,1.084402
WRITE,62.0,,156441850,1.086402
WRITE,63.0,,156729832,1.088402
WRITE,64.0,,157017813,1.090401
WRITE,65.0,,157305795,1.092401
WRITE,66.0,,157593776,1.094401
WRITE,67.0,,157881758,1.096401
WRITE,68.0,,158169739,1.098401
WRITE,69.0,,158457720,1.100401
WRITE,70.0,,158745702,1.102401
WRITE,71.0,,159033683,1.104401
WRITE,72.0,,159321665,1.106400
WRITE,73.0,,159609646,1.108400
WRITE,74.0,,159897627,1.110400
WRITE,75.0,,160185609,1.112400
WRITE,76.0,,160473590,1.114400
WRITE,77.0,,160761572,1.116400
WRITE,78.0,,161049553,1.118400
WRITE,78.0,,161337535,1.120400
WRITE,79.0,,161625516,1.122399
WRITE,80.0,,161913497,1.124399
WRITE,80.0,,162201479,1.126399
WRITE,81.0,,162489460,1.128399
WRITE,82.0,,162777442,1.130399
WRITE,82.0,,163065423,1.132399
WRITE,83.0,,163353405,1.134399
WRITE,83.0,,163641386,1.136399
WRITE,84.0,,163929367,1.138398
WRITE,84.0,,164217349,1.140398
WRITE,85.0,,164505330,1.142398
WRITE,85.0,,164793312,1.144398
WRITE,86.0,,165081293,1.146398
WRITE,86.0,,165369275,1.148398
WRITE,86.0,,165657256,1.150398
WRITE,87.0,,165945237,1.152397
WRITE,87.0,,166233219,1.154397
WRITE,88.0,,166521200,1.156397
WRITE,88.0,,166809182,1.158397
WRITE,89.0,,167097163,1.160397
WRITE,89.0,,167385144,1.162397
WRITE,90.0,,167673126,1.164397
WRITE,90.0,,167961107,1.166397
WRITE,91.0,,168249089,1.168396
WRITE,91.0,,168537070,1.170396
WRITE,92.0,,168825052,1.172396
WRITE,92.0,,169113033,1.174396
WRITE,92.0,,169401014,1.176396
WRITE,93.0,,169688996,1.178396
WRITE,94.0,,169976977,1.180396
WRITE,94.0,,170264959,1.182396
WRITE,94.0,,170552940,1.184395
WRITE,95.0,,170840922,1.186395
WRITE,95.0,,171128903,1.188395
WRITE,96.0,,171416884,1.190395
WRITE,96.0,,171704866,1.192395
WRITE,97.0,,171992847,1.194395
WRITE,97.0,,172280829,1.196395
WRITE,98.0,,172568810,1.198395
WRITE,98.0,,172856791,1.200394
WRITE,99.0,,173144773,1.202394
WRITE,99.0,,173432754,1.204394
WRITE,99.0,,173720736,1.206394
WRITE,100.0,,174008717,1.208394
WRITE,100.0,,174296699,1.210394
WRITE,101.0,,174584680,1.212394
WRITE,101.0,,174872661,1.214393
WRITE,101.0,,175160643,1.216393
WRITE,102.0,,175448624,1.218393
WRITE,102.0,,175736606,1.220393
WRITE,103.0,,176024587,1.222393
WRITE,103.0,,176312569,1.224393
WRITE,103.0,,176600550,1.226393
WRITE,104.0,,176888531,1.228393
WRITE,104.0,,177176513,1.230392
WRITE,104.0,,177464494,1.232392
WRITE,104.0,,177752476,1.234392
WRITE,105.0,,178040457,1.236392
WRITE,105.0,,178328438,1.238392
WRITE,105.0,,178616420,1.240392
WRITE,105.0,,178904401,1.242392
WRITE,105.0,,179192383,1.244392
WRITE,105.0,,179480364,1.246391
WRITE,105.0,,179768346,1.248391
WRITE,105.0,,180056327,1.250391
WRITE,105.0,,180344308,1.252391
WRITE,105.0,,180632290,1.254391
WRITE,105.0,,180920271,1.256391
WRITE,105.0,,181208253,1.258391
WRITE,105.0,,181496234,1.260391
WRITE,105.0,,181784216,1.262390
WRITE,105.0,,182072197,1.264390
WRITE,105.0,,182360178,1.266390
WRITE,105.0,,182648160,1.268390
WRITE,105.0,,182936141,1.270390
WRITE,105.0,,183224123,1.272390
WRITE,105.0,,183512104,1.274390
WRITE,105.0,,183800086,1.276389
WRITE,105.0,,184088067,1.278389
WRITE,105.0,,184376048,1.280389
WRITE,105.0,,184664030,1.282389
WRITE,105.0,,184952011,1.284389
WRITE,105.0,,185239993,1.286389
WRITE,105.0,,185527974,1.288389
WRITE,105.0,,185815955,1.290389
WRITE,105.0,,186103937,1.292388
WRITE,105.0,,186391918,1.294388
WRITE,105.0,,186679900,1.296388
WRITE,105.0,,186967881,1.298388
WRITE,105.0,,187255863,1.300388
WRITE,105.0,,187543844,1.302388
WRITE,105.0,,187831825,1.304388
WRITE,105.0,,188119807,1.306388
WRITE,105.0,,188407788,1.308387
WRITE,105.0,,188695770,1.310387
WRITE,105.0,,188983751,1.312387
WRITE,105.0,,189271733,1.314387
WRITE,105.0,,189559714,1.316387
WRITE,105.0,,189847695,1.318387
WRITE,105.0,,190135677,1.320387
WRITE,105.0,,190423658,1.322387
WRITE,105.0,,190711640,1.324386
WRITE,105.0,,190999621,1.326386
WRITE,105.0,,191287602,1.328386
WRITE,105.0,,191575584,1.330386
WRITE,105.0,,191863565,1.332386
WRITE,105.0,,192151547,1.334386
WRITE,105.0,,192439528,1.336386
WRITE,105.0,,192727510,1.338385
WRITE,105.0,,193015491,1.340385
WRITE,105.0,,193303472,1.342385
WRITE,105.0,,193591454,1.344385
WRITE,105.0,,193879435,1.346385
WRITE,105.0,,194167417,1.348385
WRITE,105.0,,194455398,1.350385
WRITE,105.0,,194743380,1.352385
WRITE,105.0,,195031361,1.354384
WRITE,105.0,,195319342,1.356384
WRITE,105.0,,195607324,1.358384
WRITE,105.0,,195895305,1.360384
WRITE,105.0,,196183287,1.362384
WRITE,105.0,,196471268,1.364384
WRITE,105.0,,196759249,1.366384
WRITE,105.0,,197047231,1.368384
WRITE,105.0,,197335212,1.370383
WRITE,105.0,,197623194,1.372383
WRITE,105.0,,197911175,1.374383
WRITE,105.0,,198199157,1.376383
WRITE,105.0,,198487138,1.378383
WRITE,105.0,,198775119,1.380383
WRITE,105.0,,199063101,1.382383
WRITE,105.0,,199351082,1.384383
WRITE,105.0,,199639064,1.386382
WRITE,105.0,,199927045,1.388382
WRITE,105.0,,200215027,1.390382
WRITE,105.0,,200503008,1.392382
WRITE,105.0,,200790989,1.394382
WRITE,105.0,,201078971,1.396382
WRITE,105.0,,201366952,1.398382
WRITE,105.0,,201654934,1.400381
WRITE,105.0,,201942915,1.402381
WRITE,105.0,,202230897,1.404381
WRITE,105.0,,202518878,1.406381
WRITE,105.0,,202806859,1.408381
WRITE,105.0,,203094841,1.410381
WRITE,105.0,,203382822,1.412381
WRITE,105.0,,203670804,1.414381
WRITE,105.0,,203958785,1.416380
WRITE,105.0,,204246766,1.418380
WRITE,105.0,,204534748,1.420380
WRITE,105.0,,204822729,1.422380
WRITE,105.0,,205110711,1.424380
WRITE,105.0,,205398692,1.426380
WRITE,105.0,,205686674,1.428380
WRITE,105.0,,205974655,1.430380
WRITE,105.0,,206262636,1.432379
WRITE,105.0,,206550618,1.434379
WRITE,105.0,,206838599,1.436379
WRITE,105.0,,207126581,1.438379
WRITE,105.0,,207414562,1.440379
WRITE,105.0,,207702544,1.442379
WRITE,105.0,,207990525,1.444379
WRITE,105.0,,208278506,1.446379
WRITE,105.0,,208566488,1.448378
WRITE,105.0,,208854469,1.450378
WRITE,105.0,,209142451,1.452378
WRITE,105.0,,209430432,1.454378
WRITE,105.0,,209718413,1.456378
WRITE,105.0,,210006395,1.458378
WRITE,105.0,,210294376,1.460378
WRITE,105.0,,210582358,1.462377
WRITE,105.0,,210870339,1.464377
WRITE,105.0,,211158321,1.466377
WRITE,105.0,,211446302,1.468377
WRITE,105.0,,211734283,1.470377
WRITE,105.0,,212022265,1.472377
WRITE,105.0,,212310246,1.474377
WRITE,105.0,,212598228,1.476377
WRITE,105.0,,212886209,1.478376
WRITE,105.0,,213174191,1.480376
WRITE,105.0,,213462172,1.482376
WRITE,105.0,,213750153,1.484376
WRITE,105.0,,214038135,1.486376
WRITE,105.0,,214326116,1.488376
WRITE,105.0,,214614098,1.490376
WRITE,105.0,,214902079,1.492376
WRITE,105.0,,215190060,1.494375
WRITE,105.0,,215478042,1.496375
WRITE,105.0,,215766023,1.498375
WRITE,105.0,,216056628,1.500393
WRITE,105.0,,216341983,1.502375
WRITE,105.0,,216629965,1.504375
WRITE,105.0,,216917946,1.506375
WRITE,105.0,,217205927,1.508374
WRITE,105.0,,217493909,1.510374
WRITE,106.0,,217781890,1.512374
WRITE,106.0,,218069872,1.514374
WRITE,107.0,,218357853,1.516374
WRITE,108.0,,218645835,1.518374
WRITE,109.0,,218933816,1.520374
WRITE,111.0,,219221797,1.522374
WRITE,112.0,,219509779,1.524373
WRITE,114.0,,219797760,1.526373
WRITE,116.0,,220085742,1.528373
WRITE,118.0,,220373723,1.530373
WRITE,120.0,,220661705,1.532373
WRITE,122.0,,220949686,1.534373
WRITE,124.0,,221237667,1.536373
WRITE,126.0,,221525649,1.538373
WRITE,129.0,,221813630,1.540372
WRITE,131.0,,222101612,1.542372
WRITE,133.0,,222389593,1.544372
WRITE,135.0,,222677574,1.546372
WRITE,138.0,,222965556,1.548372
WRITE,139.0,,223253537,1.550372
WRITE,142.0,,223541519,1.552372
WRITE,143.0,,223829500,1.554372
WRITE,145.0,,224117482,1.556371
WRITE,147.0,,224405463,1.558371
WRITE,149.0,,224693444,1.560371
WRITE,151.0,,224981426,1.562371
WRITE,152.0,,225269407,1.564371
WRITE,154.0,,225557389,1.566371
WRITE,155.0,,225845370,1.568371
WRITE,157.0,,226133352,1.570371
WRITE,158.0,,226421333,1.572370
WRITE,160.0,,226709314,1.574370
WRITE,161.0,,226997296,1.576370
WRITE,162.0,,227285277,1.578370
WRITE,163.0,,227573259,1.580370
WRITE,164.0,,227861240,1.582370
WRITE,166.0,,228149221,1.584370
WRITE,167.0,,228437203,1.586369
WRITE,168.0,,228725184,1.588369
WRITE,169.0,,229013166,1.590369
WRITE,170.0,,229301147,1.592369
WRITE,171.0,,229589129,1.594369
WRITE,171.0,,229877110,1.596369
WRITE,172.0,,230165091,1.598369
WRITE,173.0,,230453073,1.600369
WRITE,174.0,,230741054,1.602368
WRITE,175.0,,231029036,1.604368
WRITE,176.0,,231317017,1.606368
WRITE,176.0,,231604999,1.608368
WRITE,177.0,,231892980,1.610368
WRITE,178.0,,232180961,1.612368
WRITE,179.0,,232468943,1.614368
WRITE,180.0,,232756924,1.616368
WRITE,180.0,,233044906,1.618367
WRITE,181.0,,233332887,1.620367
WRITE,182.0,,233620868,1.622367
WRITE,183.0,,233908850,1.624367
WRITE,183.0,,234196831,1.626367
WRITE,184.0,,234484813,1.628367
WRITE,185.0,,234772794,1.630367
WRITE,185.0,,235060776,1.632367
WRITE,186.0,,235348757,1.634366
WRITE,186.0,,235636738,1.636366
WRITE,187.0,,235924720,1.638366
WRITE,187.0,,236212701,1.640366
WRITE,188.0,,236500683,1.642366
WRITE,188.0,,236788664,1.644366
WRITE,189.0,,237076646,1.646366
WRITE,189.0,,237364627,1.648365
WRITE,189.0,,237652608,1.650365
WRITE,190.0,,237940590,1.652365
WRITE,190.0,,238228571,1.654365
WRITE,191.0,,238516553,1.656365
WRITE,191.0,,238804534,1.658365
WRITE,192.0,,239092516,1.660365
WRITE,192.0,,239380497,1.662365
WRITE,192.0,,239668478,1.664364
WRITE,193.0,,239956460,1.666364
WRITE,193.0,,240244441,1.668364
WRITE,193.0,,240532423,1.670364
WRITE,193.0,,240820404,1.672364
WRITE,194.0,,241108385,1.674364
WRITE,194.0,,241396367,1.676364
WRITE,195.0,,241684348,1.678364
WRITE,195.0,,241972330,1.680363
WRITE,195.0,,242260311,1.682363
WRITE,196.0,,242548293,1.684363
WRITE,196.0,,242836274,1.686363
WRITE,197.0,,243124255,1.688363
WRITE,197.0,,243412237,1.690363
WRITE,197.0,,243700218,1.692363
WRITE,198.0,,243988200,1.694363
WRITE,198.0,,244276181,1.696362
WRITE,199.0,,244564163,1.698362
WRITE,199.0,,244852144,1.700362
WRITE,199.0,,245140125,1.702362
WRITE,200.0,,245428107,1.704362
WRITE,200.0,,245716088,1.706362
WRITE,200.0,,246004070,1.708362
WRITE,201.0,,246292051,1.710361
WRITE,201.0,,246580032,1.712361
WRITE,201.0,,246868014,1.714361
WRITE,201.0,,247155995,1.716361
WRITE,201.0,,247443977,1.718361
WRITE,202.0,,247731958,1.720361
WRITE,202.0,,248019940,1.722361
WRITE,202.0,,248307921,1.724361
WRITE,202.0,,248595902,1.726360
WRITE,203.0,,248883884,1.728360
WRITE,203.0,,249171865,1.730360
WRITE,203.0,,249459847,1.732360
WRITE,203.0,,249747828,1.734360
WRITE,204.0,,250035810,1.736360
WRITE,204.0,,250323791,1.738360
WRITE,204.0,,250611772,1.740360
WRITE,204.0,,250899754,1.742359
WRITE,204.0,,251187735,1.744359
WRITE,205.0,,251475717,1.746359
WRITE,205.0,,251763698,1.748359
WRITE,205.0,,252051679,1.750359
WRITE,205.0,,252339661,1.752359
WRITE,206.0,,252627642,1.754359
WRITE,206.0,,252915624,1.756359
WRITE,206.0,,253203605,1.758358
WRITE,206.0,,253491587,1.760358
WRITE,206.0,,253779568,1.762358
WRITE,206.0,,254067549,1.764358
WRITE,207.0,,254355531,1.766358
WRITE,207.0,,254643512,1.768358
WRITE,207.0,,254931494,1.770358
WRITE,207.0,,255219475,1.772357
WRITE,207.0,,255507457,1.774357
WRITE,207.0,,255795438,1.776357
WRITE,207.0,,256083419,1.778357
WRITE,207.0,,256371401,1.780357
WRITE,207.0,,256659382,1.782357
WRITE,207.0,,256947364,1.784357
WRITE,207.0,,257235345,1.786357
WRITE,207.0,,257523327,1.788356
WRITE,207.0,,257811308,1.790356
WRITE,207.0,,258099289,1.792356
WRITE,207.0,,258387271,1.794356
WRITE,207.0,,258675252,1.796356
WRITE,207.0,,258963234,1.798356
WRITE,207.0,,259251215,1.800356
WRITE,207.0,,259539196,1.802356
WRITE,207.0,,259827178,1.804355
WRITE,207.0,,260115159,1.806355
WRITE,207.0,,260403141,1.808355
WRITE,207.0,,260691122,1.810355
WRITE,207.0,,260979104,1.812355
WRITE,207.0,,261267085,1.814355
WRITE,207.0,,261555066,1.816355
WRITE,207.0,,261843048,1.818355
WRITE,207.0,,262131029,1.820354
WRITE,207.0,,262419011,1.822354
WRITE,207.0,,262706992,1.824354
WRITE,207.0,,262994974,1.826354
WRITE,207.0,,263282955,1.828354
WRITE,207.0,,263570936,1.830354
WRITE,207.0,,263858918,1.832354
WRITE,207.0,,264146899,1.834353
WRITE,207.0,,264434881,1.836353
WRITE,207.0,,264722862,1.838353
WRITE,207.0,,265010843,1.840353
WRITE,207.0,,265298825,1.842353
WRITE,207.0,,265586806,1.844353
WRITE,207.0,,265874788,1.846353
WRITE,207.0,,266162769,1.848353
WRITE,207.0,,266450751,1.850352
WRITE,207.0,,266738732,1.852352
WRITE,207.0,,267026713,1.854352
WRITE,207.0,,267314695,1.856352
WRITE,207.0,,267602676,1.858352
WRITE,207.0,,267890658,1.860352
WRITE,207.0,,268178639,1.862352
WRITE,207.0,,268466621,1.864352
WRITE,207.0,,268754602,1.866351
WRITE,207.0,,269042583,1.868351
WRITE,207.0,,269330565,1.870351
WRITE,207.0,,269618546,1.872351
WRITE,207.0,,269906528,1.874351
WRITE,207.0,,270194509,1.876351
WRITE,207.0,,270482490,1.878351
WRITE,207.0,,270770472,1.880351
WRITE,207.0,,271058453,1.882350
WRITE,207.0,,271346435,1.884350
WRITE,207.0,,271634416,1.886350
WRITE,207.0,,271922398,1.888350
WRITE,207.0,,272210379,1.890350
WRITE,207.0,,272498360,1.892350
WRITE,207.0,,272786342,1.894350
WRITE,207.0,,273074323,1.896349
WRITE,207.0,,273362305,1.898349
WRITE,207.0,,273650286,1.900349
WRITE,207.0,,273938268,1.902349
WRITE,207.0,,274226249,1.904349
WRITE,207.0,,274514230,1.906349
WRITE,207.0,,274802212,1.908349
WRITE,207.0,,275090193,1.910349
WRITE,207.0,,275378175,1.912348
WRITE,207.0,,275666156,1.914348
WRITE,207.0,,275954138,1.916348
WRITE,207.0,,276242119,1.918348
WRITE,207.0,,276530100,1.920348
WRITE,207.0,,276818082,1.922348
WRITE,207.0,,277106063,1.924348
WRITE,207.0,,277394045,1.926348
WRITE,207.0,,277682026,1.928347
WRITE,207.0,,277970007,1.930347
WRITE,207.0,,278257989,1.932347
WRITE,207.0,,278545970,1.934347
WRITE,207.0,,278833952,1.936347
WRITE,207.0,,279121933,1.938347
WRITE,207.0,,279409915,1.940347
WRITE,207.0,,279697896,1.942347
WRITE,207.0,,279985877,1.944346
WRITE,207.0,,280273859,1.946346
WRITE,207.0,,280561840,1.948346
WRITE,207.0,,280849822,1.950346
WRITE,207.0,,281137803,1.952346
WRITE,207.0,,281425785,1.954346
WRITE,207.0,,281713766,1.956346
WRITE,207.0,,282001747,1.958345
WRITE,207.0,,282289729,1.960345
WRITE,207.0,,282577710,1.962345
WRITE,207.0,,282865692,1.964345
WRITE,207.0,,283153673,1.966345
WRITE,207.0,,283441654,1.968345
WRITE,207.0,,283729636,1.970345
WRITE,207.0,,284017617,1.972345
WRITE,207.0,,284305599,1.974344
WRITE,207.0,,284593580,1.976344
WRITE,207.0,,284881562,1.978344
WRITE,207.0,,285169543,1.980344
WRITE,207.0,,285457524,1.982344
WRITE,207.0,,285745506,1.984344
WRITE,207.0,,286033487,1.986344
WRITE,207.0,,286321469,1.988344
WRITE,207.0,,286609450,1.990343
WRITE,207.0,,286897432,1.992343
WRITE,207.0,,287185413,1.994343
WRITE,207.0,,287473394,1.996343
WRITE,207.0,,287761376,1.998343
WRITE,207.0,,288051967,2.000361
WRITE,207.0,,288337336,2.002343
WRITE,207.0,,288625317,2.004342
WRITE,207.0,,288913298,2.006342
WRITE,207.0,,289201280,2.008342
WRITE,207.0,,289489261,2.010342
WRITE,208.0,,289777243,2.012342
WRITE,209.0,,290065224,2.014342
WRITE,210.0,,290353206,2.016342
WRITE,211.0,,290641187,2.018342
WRITE,213.0,,290929168,2.020341
WRITE,214.0,,291217150,2.022341
WRITE,216.0,,291505131,2.024341
WRITE,218.0,,291793113,2.026341
WRITE,220.0,,292081094,2.028341
WRITE,222.0,,292369076,2.030341
WRITE,224.0,,292657057,2.032341
WRITE,227.0,,292945038,2.034341
WRITE,229.0,,293233020,2.036340
WRITE,231.0,,293521001,2.038340
WRITE,233.0,,293808983,2.040340
WRITE,236.0,,294096964,2.042340
WRITE,238.0,,294384946,2.044340
WRITE,240.0,,294672927,2.046340
WRITE,242.0,,294960908,2.048340
WRITE,244.0,,295248890,2.050340
WRITE,246.0,,295536871,2.052339
WRITE,248.0,,295824853,2.054339
WRITE,250.0,,296112834,2.056339
WRITE,251.0,,296400815,2.058339
WRITE,253.0,,296688797,2.060339
WRITE,255.0,,296976778,2.062339
WRITE,256.0,,297264760,2.064339
WRITE,258.0,,297552741,2.066338
WRITE,259.0,,297840723,2.068338
WRITE,260.0,,298128704,2.070338
WRITE,262.0,,298416685,2.072338
WRITE,263.0,,298704667,2.074338
WRITE,264.0,,298992648,2.076338
WRITE,265.0,,299280630,2.078338
WRITE,267.0,,299568611,2.080338
WRITE,268.0,,299856593,2.082337
WRITE,269.0,,300144574,2.084337
WRITE,270.0,,300432555,2.086337
WRITE,271.0,,300720537,2.088337
WRITE,272.0,,301008518,2.090337
WRITE,272.0,,301296500,2.092337
WRITE,273.0,,301584481,2.094337
WRITE,274.0,,301872462,2.096337
WRITE,275.0,,302160444,2.098336
WRITE,276.0,,302448425,2.100336
WRITE,277.0,,302736407,2.102336
WRITE,278.0,,303024388,2.104336
WRITE,278.0,,303312370,2.106336
WRITE,279.0,,303600351,2.108336
WRITE,280.0,,303888332,2.110336
WRITE,281.0,,304176314,2.112336
WRITE,281.0,,304464295,2.114335
WRITE,282.0,,304752277,2.116335
WRITE,283.0,,305040258,2.118335
WRITE,283.0,,305328240,2.120335
WRITE,284.0,,305616221,2.122335
WRITE,284.0,,305904202,2.124335
WRITE,285.0,,306192184,2.126335
WRITE,286.0,,306480165,2.128334
WRITE,286.0,,306768147,2.130334
WRITE,287.0,,307056128,2.132334
WRITE,287.0,,307344109,2.134334
WRITE,288.0,,307632091,2.136334
WRITE,289.0,,307920072,2.138334
WRITE,289.0,,308208054,2.140334
WRITE,290.0,,308496035,2.142334
WRITE,290.0,,308784017,2.144333
WRITE,291.0,,309071998,2.146333
WRITE,291.0,,309359979,2.148333
WRITE,292.0,,309647961,2.150333
WRITE,292.0,,309935942,2.152333
WRITE,293.0,,310223924,2.154333
WRITE,293.0,,310511905,2.156333
WRITE,294.0,,310799887,2.158333
WRITE,294.0,,311087868,2.160332
WRITE,295.0,,311375849,2.162332
WRITE,295.0,,311663831,2.164332
WRITE,295.0,,311951812,2.166332
WRITE,296.0,,312239794,2.168332
WRITE,296.0,,312527775,2.170332
WRITE,296.0,,312815757,2.172332
WRITE,296.0,,313103738,2.174332
WRITE,297.0,,313391719,2.176331
WRITE,297.0,,313679701,2.178331
WRITE,297.0,,313967682,2.180331
WRITE,298.0,,314255664,2.182331
WRITE,298.0,,314543645,2.184331
WRITE,299.0,,314831626,2.186331
WRITE,299.0,,315119608,2.188331
WRITE,299.0,,315407589,2.190330
WRITE,300.0,,315695571,2.192330
WRITE,300.0,,315983552,2.194330
WRITE,300.0,,316271534,2.196330
WRITE,300.0,,316559515,2.198330
WRITE,301.0,,316847496,2.200330
WRITE,301.0,,317135478,2.202330
WRITE,302.0,,317423459,2.204330
WRITE,302.0,,317711441,2.206329
WRITE,302.0,,317999422,2.208329
WRITE,303.0,,318287404,2.210329
WRITE,303.0,,318575385,2.212329
WRITE,303.0,,318863366,2.214329
WRITE,304.0,,319151348,2.216329
WRITE,304.0,,319439329,2.218329
WRITE,304.0,,319727311,2.220329
WRITE,304.0,,320015292,2.222328
WRITE,305.0,,320303273,2.224328
WRITE,305.0,,320591255,2.226328
WRITE,305.0,,320879236,2.228328
WRITE,306.0,,321167218,2.230328
WRITE,306.0,,321455199,2.232328
WRITE,306.0,,321743181,2.234328
WRITE,306.0,,322031162,2.236328
WRITE,306.0,,322319143,2.238327
WRITE,307.0,,322607125,2.240327
WRITE,307.0,,322895106,2.242327
WRITE,307.0,,323183088,2.244327
WRITE,307.0,,323471069,2.246327
WRITE,307.0,,323759051,2.248327
WRITE,308.0,,324047032,2.250327
WRITE,308.0,,324335013,2.252326
WRITE,308.0,,324622995,2.254326
WRITE,308.0,,324910976,2.256326
WRITE,308.0,,325198958,2.258326
WRITE,308.0,,325486939,2.260326
WRITE,308.0,,325774920,2.262326
WRITE,309.0,,326062902,2.264326
WRITE,309.0,,326350883,2.266326
WRITE,309.0,,326638865,2.268325
WRITE,309.0,,326926846,2.270325
WRITE,309.0,,327214828,2.272325
WRITE,309.0,,327502809,2.274325
WRITE,309.0,,327790790,2.276325
WRITE,309.0,,328078772,2.278325
WRITE,309.0,,328366753,2.280325
WRITE,309.0,,328654735,2.282325
WRITE,309.0,,328942716,2.284324
WRITE,309.0,,329230698,2.286324
WRITE,309.0,,329518679,2.288324
WRITE,309.0,,329806660,2.290324
WRITE,309.0,,330094642,2.292324
WRITE,309.0,,330382623,2.294324
WRITE,309.0,,330670605,2.296324
WRITE,309.0,,330958586,2.298324
WRITE,309.0,,331246568,2.300323
WRITE,309.0,,331534549,2.302323
WRITE,309.0,,331822530,2.304323
WRITE,309.0,,332110512,2.306323
WRITE,309.0,,332398493,2.308323
WRITE,309.0,,332686475,2.310323
WRITE,309.0,,332974456,2.312323
WRITE,309.0,,333262437,2.314322
WRITE,309.0,,333550419,2.316322
WRITE,309.0,,333838400,2.318322
WRITE,309.0,,334126382,2.320322
WRITE,309.0,,334414363,2.322322
WRITE,309.0,,334702345,2.324322
WRITE,309.0,,334990326,2.326322
WRITE,309.0,,335278307,2.328322
WRITE,309.0,,335566289,2.330321
WRITE,309.0,,335854270,2.332321
WRITE,309.0,,336142252,2.334321
WRITE,309.0,,336430233,2.336321
WRITE,309.0,,336718215,2.338321
WRITE,309.0,,337006196,2.340321
WRITE,309.0,,337294177,2.342321
WRITE,309.0,,337582159,2.344321
WRITE,309.0,,337870140,2.346320
WRITE,309.0,,338158122,2.348320
WRITE,309.0,,338446103,2.350320
WRITE,309.0,,338734084,2.352320
WRITE,309.0,,339022066,2.354320
WRITE,309.0,,339310047,2.356320
WRITE,309.0,,339598029,2.358320
WRITE,309.0,,339886010,2.360320
WRITE,309.0,,340173992,2.362319
WRITE,309.0,,340461973,2.364319
WRITE,309.0,,340749954,2.366319
WRITE,309.0,,341037936,2.368319
WRITE,309.0,,341325917,2.370319
WRITE,309.0,,341613899,2.372319
WRITE,309.0,,341901880,2.374319
WRITE,309.0,,342189862,2.376318
WRITE,309.0,,342477843,2.378318
WRITE,309.0,,342765824,2.380318
WRITE,309.0,,343053806,2.382318
WRITE,309.0,,343341787,2.384318
WRITE,309.0,,343629769,2.386318
WRITE,309.0,,343917750,2.388318
WRITE,309.0,,344205731,2.390318
WRITE,309.0,,344493713,2.392317
WRITE,309.0,,344781694,2.394317
WRITE,309.0,,345069676,2.396317
WRITE,309.0,,345357657,2.398317
WRITE,309.0,,345645639,2.400317
WRITE,309.0,,345933620,2.402317
WRITE,309.0,,346221601,2.404317
WRITE,309.0,,346509583,2.406317
WRITE,309.0,,346797564,2.408316
WRITE,309.0,,347085546,2.410316
WRITE,309.0,,347373527,2.412316
WRITE,309.0,,347661509,2.414316
WRITE,309.0,,347949490,2.416316
WRITE,309.0,,348237471,2.418316
WRITE,309.0,,348525453,2.420316
WRITE,309.0,,348813434,2.422316
WRITE,309.0,,349101416,2.424315
WRITE,309.0,,349389397,2.426315
WRITE,309.0,,349677379,2.428315
WRITE,309.0,,349965360,2.430315
WRITE,309.0,,350253341,2.432315
WRITE,309.0,,350541323,2.434315
WRITE,309.0,,350829304,2.436315
WRITE,309.0,,351117286,2.438314
WRITE,309.0,,351405267,2.440314
WRITE,309.0,,351693248,2.442314
WRITE,309.0,,351981230,2.444314
WRITE,309.0,,352269211,2.446314
WRITE,309.0,,352557193,2.448314
WRITE,309.0,,352845174,2.450314
WRITE,309.0,,353133156,2.452314
WRITE,309.0,,353421137,2.454313
WRITE,309.0,,353709118,2.456313
WRITE,309.0,,353997100,2.458313
WRITE,309.0,,354285081,2.460313
WRITE,309.0,,354573063,2.462313
WRITE,309.0,,354861044,2.464313
WRITE,309.0,,355149026,2.466313
WRITE,309.0,,355437007,2.468313
WRITE,309.0,,355724988,2.470312
WRITE,309.0,,356012970,2.472312
WRITE,309.0,,356300951,2.474312
WRITE,309.0,,356588933,2.476312
WRITE,309.0,,356876914,2.478312
WRITE,309.0,,357164895,2.480312
WRITE,309.0,,357452877,2.482312
WRITE,309.0,,357740858,2.484312
WRITE,309.0,,358028840,2.486311
WRITE,309.0,,358316821,2.488311
WRITE,309.0,,358604803,2.490311
WRITE,309.0,,358892784,2.492311
WRITE,309.0,,359180765,2.494311
WRITE,309.0,,359468747,2.496311
WRITE,309.0,,359756728,2.498311
WRITE,309.0,,360047333,2.500329
WRITE,309.0,,360332688,2.502310
WRITE,309.0,,360620670,2.504310
WRITE,309.0,,360908651,2.506310
WRITE,309.0,,361196632,2.508310
WRITE,309.0,,361484614,2.510310
WRITE,309.0,,361772595,2.512310
WRITE,309.0,,362060577,2.514310
WRITE,310.0,,362348558,2.516309
WRITE,311.0,,362636539,2.518309
WRITE,312.0,,362924521,2.520309
WRITE,314.0,,363212502,2.522309
WRITE,315.0,,363500484,2.524309
WRITE,317.0,,363788465,2.526309
WRITE,319.0,,364076447,2.528309
WRITE,321.0,,364364428,2.530309
WRITE,323.0,,364652409,2.532308
WRITE,325.0,,364940391,2.534308
WRITE,328.0,,365228372,2.536308
WRITE,330.0,,365516354,2.538308
WRITE,332.0,,365804335,2.540308
WRITE,334.0,,366092317,2.542308
WRITE,336.0,,366380298,2.544308
WRITE,339.0,,366668279,2.546307
WRITE,341.0,,366956261,2.548307
WRITE,343.0,,367244242,2.550307
WRITE,345.0,,367532224,2.552307
WRITE,347.0,,367820205,2.554307
WRITE,349.0,,368108187,2.556307
WRITE,351.0,,368396168,2.558307
WRITE,353.0,,368684149,2.560307
WRITE,354.0,,368972131,2.562306
WRITE,356.0,,369260112,2.564306
WRITE,358.0,,369548094,2.566306
WRITE,359.0,,369836075,2.568306
WRITE,361.0,,370124056,2.570306
WRITE,362.0,,370412038,2.572306
WRITE,364.0,,370700019,2.574306
WRITE,365.0,,370988001,2.576306
WRITE,366.0,,371275982,2.578305
WRITE,367.0,,371563964,2.580305
WRITE,369.0,,371851945,2.582305
WRITE,370.0,,372139926,2.584305
WRITE,371.0,,372427908,2.586305
WRITE,372.0,,372715889,2.588305
WRITE,373.0,,373003871,2.590305
WRITE,374.0,,373291852,2.592305
WRITE,375.0,,373579834,2.594304
WRITE,376.0,,373867815,2.596304
WRITE,377.0,,374155796,2.598304
WRITE,378.0,,374443778,2.600304
WRITE,379.0,,374731759,2.602304
WRITE,380.0,,375019741,2.604304
WRITE,381.0,,375307722,2.606304
WRITE,382.0,,375595703,2.608303
WRITE,383.0,,375883685,2.610303
WRITE,383.0,,376171666,2.612303
WRITE,384.0,,376459648,2.614303
WRITE,385.0,,376747629,2.616303
WRITE,386.0,,377035611,2.618303
WRITE,386.0,,377323592,2.620303
WRITE,387.0,,377611573,2.622303
WRITE,388.0,,377899555,2.624302
WRITE,388.0,,378187536,2.626302
WRITE,389.0,,378475518,2.628302
WRITE,390.0,,378763499,2.630302
WRITE,390.0,,379051481,2.632302
WRITE,391.0,,379339462,2.634302
WRITE,391.0,,379627443,2.636302
WRITE,392.0,,379915425,2.638302
WRITE,392.0,,380203406,2.640301
WRITE,393.0,,380491388,2.642301
WRITE,394.0,,380779369,2.644301
WRITE,394.0,,381067350,2.646301
WRITE,395.0,,381355332,2.648301
WRITE,395.0,,381643313,2.650301
WRITE,396.0,,381931295,2.652301
WRITE,396.0,,382219276,2.654301
WRITE,397.0,,382507258,2.656300
WRITE,398.0,,382795239,2.658300
WRITE,398.0,,383083220,2.660300
WRITE,399.0,,383371202,2.662300
WRITE,399.0,,383659183,2.664300
WRITE,400.0,,383947165,2.666300
WRITE,400.0,,384235146,2.668300
WRITE,401.0,,384523128,2.670300
WRITE,401.0,,384811109,2.672299
WRITE,401.0,,385099090,2.674299
WRITE,402.0,,385387072,2.676299
WRITE,402.0,,385675053,2.678299
WRITE,403.0,,385963035,2.680299
WRITE,403.0,,386251016,2.682299
WRITE,403.0,,386538998,2.684299
WRITE,404.0,,386826979,2.686298
WRITE,404.0,,387114960,2.688298
WRITE,404.0,,387402942,2.690298
WRITE,405.0,,387690923,2.692298
WRITE,405.0,,387978905,2.694298
WRITE,405.0,,388266886,2.696298
WRITE,405.0,,388554867,2.698298
WRITE,406.0,,388842849,2.700298
WRITE,406.0,,389130830,2.702297
WRITE,407.0,,389418812,2.704297
WRITE,407.0,,389706793,2.706297
WRITE,407.0,,389994775,2.708297
WRITE,407.0,,390282756,2.710297
WRITE,408.0,,390570737,2.712297
WRITE,408.0,,390858719,2.714297
WRITE,409.0,,391146700,2.716297
WRITE,409.0,,391434682,2.718296
WRITE,409.0,,391722663,2.720296
WRITE,410.0,,392010645,2.722296
WRITE,410.0,,392298626,2.724296
WRITE,410.0,,392586607,2.726296
WRITE,411.0,,392874589,2.728296
WRITE,411.0,,393162570,2.730296
WRITE,411.0,,393450552,2.732296
WRITE,412.0,,393738533,2.734295
WRITE,412.0,,394026514,2.736295
WRITE,412.0,,394314496,2.738295
WRITE,412.0,,394602477,2.740295
WRITE,413.0,,394890459,2.742295
WRITE,413.0,,395178440,2.744295
WRITE,413.0,,395466422,2.746295
WRITE,414.0,,395754403,2.748294
WRITE,414.0,,396042384,2.750294
WRITE,414.0,,396330366,2.752294
WRITE,414.0,,396618347,2.754294
WRITE,415.0,,396906329,2.756294
WRITE,415.0,,397194310,2.758294
WRITE,415.0,,397482292,2.760294
WRITE,415.0,,397770273,2.762294
WRITE,416.0,,398058254,2.764293
WRITE,416.0,,398346236,2.766293
WRITE,416.0,,398634217,2.768293
WRITE,416.0,,398922199,2.770293
WRITE,416.0,,399210180,2.772293
WRITE,416.0,,399498161,2.774293
WRITE,417.0,,399786143,2.776293
WRITE,417.0,,400074124,2.778293
WRITE,417.0,,400362106,2.780292
WRITE,417.0,,400650087,2.782292
WRITE,417.0,,400938069,2.784292
WRITE,417.0,,401226050,2.786292
WRITE,417.0,,401514031,2.788292
WRITE,417.0,,401802013,2.790292
WRITE,417.0,,402089994,2.792292
WRITE,417.0,,402377976,2.794292
WRITE,417.0,,402665957,2.796291
WRITE,417.0,,402953939,2.798291
WRITE,417.0,,403241920,2.800291
WRITE,417.0,,403529901,2.802291
WRITE,417.0,,403817883,2.804291
WRITE,417.0,,404105864,2.806291
WRITE,417.0,,404393846,2.808291
WRITE,417.0,,404681827,2.810290
WRITE,417.0,,404969809,2.812290
WRITE,417.0,,405257790,2.814290
WRITE,417.0,,405545771,2.816290
WRITE,417.0,,405833753,2.818290
WRITE,417.0,,406121734,2.820290
WRITE,417.0,,406409716,2.822290
WRITE,417.0,,406697697,2.824290
WRITE,417.0,,406985678,2.826289
WRITE,417.0,,407273660,2.828289
WRITE,417.0,,407561641,2.830289
WRITE,417.0,,407849623,2.832289
WRITE,417.0,,408137604,2.834289
WRITE,417.0,,408425586,2.836289
WRITE,417.0,,408713567,2.838289
WRITE,417.0,,409001548,2.840289
WRITE,417.0,,409289530,2.842288
WRITE,417.0,,409577511,2.844288
WRITE,417.0,,409865493,2.846288
WRITE,417.0,,410153474,2.848288
WRITE,417.0,,410441456,2.850288
WRITE,417.0,,410729437,2.852288
WRITE,417.0,,411017418,2.854288
WRITE,417.0,,411305400,2.856288
WRITE,417.0,,411593381,2.858287
WRITE,417.0,,411881363,2.860287
WRITE,417.0,,412169344,2.862287
WRITE,417.0,,412457325,2.864287
WRITE,417.0,,412745307,2.866287
WRITE,417.0,,413033288,2.868287
WRITE,417.0,,413321270,2.870287
WRITE,417.0,,413609251,2.872286
WRITE,417.0,,413897233,2.874286
WRITE,417.0,,414185214,2.876286
WRITE,417.0,,414473195,2.878286
WRITE,417.0,,414761177,2.880286
WRITE,417.0,,415049158,2.882286
WRITE,417.0,,415337140,2.884286
WRITE,417.0,,415625121,2.886286
WRITE,417.0,,415913103,2.888285
WRITE,417.0,,416201084,2.890285
WRITE,417.0,,416489065,2.892285
WRITE,417.0,,416777047,2.894285
WRITE,417.0,,417065028,2.896285
WRITE,417.0,,417353010,2.898285
WRITE,417.0,,417640991,2.900285
WRITE,417.0,,417928972,2.902285
WRITE,417.0,,418216954,2.904284
WRITE,417.0,,418504935,2.906284
WRITE,417.0,,418792917,2.908284
WRITE,417.0,,419080898,2.910284
WRITE,417.0,,419368880,2.912284
WRITE,417.0,,419656861,2.914284
WRITE,417.0,,419944842,2.916284
WRITE,417.0,,420232824,2.918284
WRITE,417.0,,420520805,2.920283
WRITE,417.0,,420808787,2.922283
WRITE,417.0,,421096768,2.924283
WRITE,417.0,,421384750,2.926283
WRITE,417.0,,421672731,2.928283
WRITE,417.0,,421960712,2.930283
WRITE,417.0,,422248694,2.932283
WRITE,417.0,,422536675,2.934282
WRITE,417.0,,422824657,2.936282
WRITE,417.0,,423112638,2.938282
WRITE,417.0,,423400620,2.940282
WRITE,417.0,,423688601,2.942282
WRITE,417.0,,423976582,2.944282
WRITE,417.0,,424264564,2.946282
WRITE,417.0,,424552545,2.948282
WRITE,417.0,,424840527,2.950281
WRITE,417.0,,425128508,2.952281
WRITE,417.0,,425416489,2.954281
WRITE,417.0,,425704471,2.956281
WRITE,417.0,,425992452,2.958281
WRITE,417.0,,426280434,2.960281
WRITE,417.0,,426568415,2.962281
WRITE,417.0,,426856397,2.964281
WRITE,417.0,,427144378,2.966280
WRITE,417.0,,427432359,2.968280
WRITE,417.0,,427720341,2.970280
WRITE,417.0,,428008322,2.972280
WRITE,417.0,,428296304,2.974280
WRITE,417.0,,428584285,2.976280
WRITE,417.0,,428872267,2.978280
WRITE,417.0,,429160248,2.980280
WRITE,417.0,,429448229,2.982279
WRITE,417.0,,429736211,2.984279
WRITE,417.0,,430024192,2.986279
WRITE,417.0,,430312174,2.988279
WRITE,417.0,,430600155,2.990279
WRITE,417.0,,430888136,2.992279
WRITE,417.0,,431176118,2.994279
WRITE,417.0,,431464099,2.996278
WRITE,417.0,,431752081,2.998278
WRITE,417.0,,432042672,3.000296
WRITE,417.0,,432328041,3.002278
WRITE,417.0,,432616022,3.004278
WRITE,417.0,,432904003,3.006278
WRITE,417.0,,433191985,3.008278
WRITE,418.0,,433479966,3.010278
WRITE,418.0,,433767948,3.012277
WRITE,419.0,,434055929,3.014277
WRITE,420.0,,434343911,3.016277
WRITE,422.0,,434631892,3.018277
WRITE,423.0,,434919873,3.020277
WRITE,425.0,,435207855,3.022277
WRITE,427.0,,435495836,3.024277
WRITE,429.0,,435783818,3.026277
WRITE,431.0,,436071799,3.028276
WRITE,433.0,,436359780,3.030276
WRITE,435.0,,436647762,3.032276
WRITE,437.0,,436935743,3.034276
WRITE,439.0,,437223725,3.036276
WRITE,442.0,,437511706,3.038276
WRITE,444.0,,437799688,3.040276
WRITE,446.0,,438087669,3.042275
WRITE,448.0,,438375650,3.044275
WRITE,450.0,,438663632,3.046275
WRITE,452.0,,438951613,3.048275
WRITE,454.0,,439239595,3.050275
WRITE,456.0,,439527576,3.052275
WRITE,458.0,,439815558,3.054275
WRITE,460.0,,440103539,3.056275
WRITE,461.0,,440391520,3.058274
WRITE,463.0,,440679502,3.060274
WRITE,465.0,,440967483,3.062274
WRITE,466.0,,441255465,3.064274
WRITE,468.0,,441543446,3.066274
WRITE,469.0,,441831428,3.068274
WRITE,470.0,,442119409,3.070274
WRITE,472.0,,442407390,3.072274
WRITE,473.0,,442695372,3.074273
WRITE,474.0,,442983353,3.076273
WRITE,475.0,,443271335,3.078273
WRITE,477.0,,443559316,3.080273
WRITE,478.0,,443847297,3.082273
WRITE,479.0,,444135279,3.084273
WRITE,480.0,,444423260,3.086273
WRITE,481.0,,444711242,3.088273
WRITE,482.0,,444999223,3.090272
WRITE,483.0,,445287205,3.092272
WRITE,484.0,,445575186,3.094272
WRITE,484.0,,445863167,3.096272
WRITE,485.0,,446151149,3.098272
WRITE,486.0,,446439130,3.100272
WRITE,487.0,,446727112,3.102272
WRITE,488.0,,447015093,3.104271
WRITE,489.0,,447303075,3.106271
WRITE,490.0,,447591056,3.108271
WRITE,491.0,,447879037,3.110271
WRITE,492.0,,448167019,3.112271
WRITE,492.0,,448455000,3.114271
WRITE,493.0,,448742982,3.116271
WRITE,494.0,,449030963,3.118271
WRITE,495.0,,449318944,3.120270
WRITE,495.0,,449606926,3.122270
WRITE,496.0,,449894907,3.124270
WRITE,496.0,,450182889,3.126270
WRITE,497.0,,450470870,3.128270
WRITE,497.0,,450758852,3.130270
WRITE,498.0,,451046833,3.132270
WRITE,499.0,,451334814,3.134270
WRITE,499.0,,451622796,3.136269
WRITE,499.0,,451910777,3.138269
WRITE,500.0,,452198759,3.140269
WRITE,500.0,,452486740,3.142269
WRITE,501.0,,452774722,3.144269
WRITE,501.0,,453062703,3.146269
WRITE,502.0,,453350684,3.148269
WRITE,502.0,,453638666,3.150269
WRITE,503.0,,453926647,3.152268
WRITE,503.0,,454214629,3.154268
WRITE,504.0,,454502610,3.156268
WRITE,504.0,,454790591,3.158268
WRITE,505.0,,455078573,3.160268
WRITE,505.0,,455366554,3.162268
WRITE,506.0,,455654536,3.164268
WRITE,506.0,,455942517,3.166267
WRITE,507.0,,456230499,3.168267
WRITE,507.0,,456518480,3.170267
WRITE,507.0,,456806461,3.172267
WRITE,508.0,,457094443,3.174267
WRITE,508.0,,457382424,3.176267
WRITE,509.0,,457670406,3.178267
WRITE,509.0,,457958387,3.180267
WRITE,509.0,,458246369,3.182266
WRITE,510.0,,458534350,3.184266
WRITE,510.0,,458822331,3.186266
WRITE,510.0,,459110313,3.188266
WRITE,511.0,,459398294,3.190266
WRITE,511.0,,459686276,3.192266
WRITE,511.0,,459974257,3.194266
WRITE,512.0,,460262239,3.196266
WRITE,512.0,,460550220,3.198265
WRITE,512.0,,460838201,3.200265
WRITE,512.0,,461126183,3.202265
WRITE,513.0,,461414164,3.204265
WRITE,513.0,,461702146,3.206265
WRITE,513.0,,461990127,3.208265
WRITE,514.0,,462278108,3.210265
WRITE,514.0,,462566090,3.212265
WRITE,514.0,,462854071,3.214264
WRITE,515.0,,463142053,3.216264
WRITE,515.0,,463430034,3.218264
WRITE,515.0,,463718016,3.220264
WRITE,515.0,,464005997,3.222264
WRITE,516.0,,464293978,3.224264
WRITE,516.0,,464581960,3.226264
WRITE,516.0,,464869941,3.228263
WRITE,516.0,,465157923,3.230263
WRITE,517.0,,465445904,3.232263
WRITE,517.0,,465733886,3.234263
WRITE,517.0,,466021867,3.236263
WRITE,517.0,,466309848,3.238263
WRITE,517.0,,466597830,3.240263
WRITE,517.0,,466885811,3.242263
WRITE,517.0,,467173793,3.244262
WRITE,517.0,,467461774,3.246262
WRITE,518.0,,467749755,3.248262
WRITE,518.0,,468037737,3.250262
WRITE,518.0,,468325718,3.252262
WRITE,518.0,,468613700,3.254262
WRITE,519.0,,468901681,3.256262
WRITE,519.0,,469189663,3.258262
WRITE,519.0,,469477644,3.260261
WRITE,519.0,,469765625,3.262261
WRITE,519.0,,470053607,3.264261
WRITE,520.0,,470341588,3.266261
WRITE,520.0,,470629570,3.268261
WRITE,520.0,,470917551,3.270261
WRITE,520.0,,471205533,3.272261
WRITE,520.0,,471493514,3.274261
WRITE,521.0,,471781495,3.276260
WRITE,521.0,,472069477,3.278260
WRITE,521.0,,472357458,3.280260
WRITE,521.0,,472645440,3.282260
WRITE,521.0,,472933421,3.284260
WRITE,521.0,,473221402,3.286260
WRITE,521.0,,473509384,3.288260
WRITE,521.0,,473797365,3.290259
WRITE,521.0,,474085347,3.292259
WRITE,521.0,,474373328,3.294259
WRITE,521.0,,474661310,3.296259
WRITE,521.0,,474949291,3.298259
WRITE,521.0,,475237272,3.300259
WRITE,521.0,,475525254,3.302259
WRITE,521.0,,475813235,3.304259
WRITE,521.0,,476101217,3.306258
WRITE,521.0,,476389198,3.308258
WRITE,521.0,,476677180,3.310258
WRITE,520.0,,476965161,3.312258
WRITE,520.0,,477253142,3.314258
WRITE,520.0,,477541124,3.316258
WRITE,520.0,,477829105,3.318258
WRITE,520.0,,478117087,3.320258
WRITE,520.0,,478405068,3.322257
WRITE,520.0,,478693050,3.324257
WRITE,520.0,,478981031,3.326257
WRITE,520.0,,479269012,3.328257
WRITE,520.0,,479556994,3.330257
WRITE,520.0,,479844975,3.332257
WRITE,520.0,,480132957,3.334257
WRITE,520.0,,480420938,3.336257
WRITE,520.0,,480708919,3.338256
WRITE,520.0,,480996901,3.340256
WRITE,520.0,,481284882,3.342256
WRITE,520.0,,481572864,3.344256
WRITE,520.0,,481860845,3.346256
WRITE,520.0,,482148827,3.348256
WRITE,520.0,,482436808,3.350256
WRITE,520.0,,482724789,3.352255
WRITE,520.0,,483012771,3.354255
WRITE,520.0,,483300752,3.356255
WRITE,520.0,,483588734,3.358255
WRITE,520.0,,483876715,3.360255
WRITE,520.0,,484164697,3.362255
WRITE,520.0,,484452678,3.364255
WRITE,520.0,,484740659,3.366255
WRITE,520.0,,485028641,3.368254
WRITE,520.0,,485316622,3.370254
WRITE,520.0,,485604604,3.372254
WRITE,520.0,,485892585,3.374254
WRITE,520.0,,486180566,3.376254
WRITE,520.0,,486468548,3.378254
WRITE,520.0,,486756529,3.380254
WRITE,520.0,,487044511,3.382254
WRITE,520.0,,487332492,3.384253
WRITE,520.0,,487620474,3.386253
WRITE,520.0,,487908455,3.388253
WRITE,520.0,,488196436,3.390253
WRITE,520.0,,488484418,3.392253
WRITE,520.0,,488772399,3.394253
WRITE,520.0,,489060381,3.396253
WRITE,520.0,,489348362,3.398253
WRITE,520.0,,489636344,3.400252
WRITE,520.0,,489924325,3.402252
WRITE,520.0,,490212306,3.404252
WRITE,520.0,,490500288,3.406252
WRITE,520.0,,490788269,3.408252
WRITE,520.0,,491076251,3.410252
WRITE,520.0,,491364232,3.412252
WRITE,520.0,,491652213,3.414251
WRITE,520.0,,491940195,3.416251
WRITE,520.0,,492228176,3.418251
WRITE,520.0,,492516158,3.420251
WRITE,520.0,,492804139,3.422251
WRITE,520.0,,493092121,3.424251
WRITE,520.0,,493380102,3.426251
WRITE,520.0,,493668083,3.428251
WRITE,520.0,,493956065,3.430250
WRITE,520.0,,494244046,3.432250
WRITE,520.0,,494532028,3.434250
WRITE,520.0,,494820009,3.436250
WRITE,520.0,,495107991,3.438250
WRITE,520.0,,495395972,3.440250
WRITE,520.0,,495683953,3.442250
WRITE,520.0,,495971935,3.444250
WRITE,520.0,,496259916,3.446249
WRITE,520.0,,496547898,3.448249
WRITE,520.0,,496835879,3.450249
WRITE,520.0,,497123861,3.452249
WRITE,520.0,,497411842,3.454249
WRITE,520.0,,497699823,3.456249
WRITE,520.0,,497987805,3.458249
WRITE,520.0,,498275786,3.460249
WRITE,520.0,,498563768,3.462248
WRITE,520.0,,498851749,3.464248
WRITE,520.0,,499139730,3.466248
WRITE,520.0,,499427712,3.468248
WRITE,520.0,,499715693,3.470248
WRITE,520.0,,500003675,3.472248
WRITE,520.0,,500291656,3.474248
WRITE,520.0,,500579638,3.476247
WRITE,520.0,,500867619,3.478247
WRITE,520.0,,501155600,3.480247
WRITE,520.0,,501443582,3.482247
WRITE,520.0,,501731563,3.484247
WRITE,520.0,,502019545,3.486247
WRITE,520.0,,502307526,3.488247
WRITE,520.0,,502595508,3.490247
WRITE,520.0,,502883489,3.492246
WRITE,520.0,,503171470,3.494246
WRITE,520.0,,503459452,3.496246
WRITE,520.0,,503747433,3.498246
WRITE,520.0,,504038024,3.500264
WRITE,520.0,,504323393,3.502246
WRITE,520.0,,504611374,3.504246
WRITE,520.0,,504899356,3.506246
WRITE,520.0,,505187337,3.508245
WRITE,520.0,,505475319,3.510245
WRITE,520.0,,505763300,3.512245
WRITE,521.0,,506051282,3.514245
WRITE,522.0,,506339263,3.516245
WRITE,523.0,,506627244,3.518245
WRITE,524.0,,506915226,3.520245
WRITE,526.0,,507203207,3.522244
WRITE,527.0,,507491189,3.524244
WRITE,529.0,,507779170,3.526244
WRITE,531.0,,508067152,3.528244
WRITE,533.0,,508355133,3.530244
WRITE,535.0,,508643114,3.532244
WRITE,538.0,,508931096,3.534244
WRITE,540.0,,509219077,3.536244
WRITE,542.0,,509507059,3.538243
WRITE,544.0,,509795040,3.540243
WRITE,546.0,,510083021,3.542243
WRITE,548.0,,510371003,3.544243
WRITE,551.0,,510658984,3.546243
WRITE,553.0,,510946966,3.548243
WRITE,555.0,,511234947,3.550243
WRITE,557.0,,511522929,3.552243
WRITE,559.0,,511810910,3.554242
WRITE,560.0,,512098891,3.556242
WRITE,562.0,,512386873,3.558242
WRITE,564.0,,512674854,3.560242
WRITE,565.0,,512962836,3.562242
WRITE,567.0,,513250817,3.564242
WRITE,569.0,,513538799,3.566242
WRITE,570.0,,513826780,3.568242
WRITE,572.0,,514114761,3.570241
WRITE,573.0,,514402743,3.572241
WRITE,574.0,,514690724,3.574241
WRITE,576.0,,514978706,3.576241
WRITE,577.0,,515266687,3.578241
WRITE,578.0,,515554669,3.580241
WRITE,579.0,,515842650,3.582241
WRITE,580.0,,516130631,3.584240
WRITE,581.0,,516418613,3.586240
WRITE,582.0,,516706594,3.588240
WRITE,583.0,,516994576,3.590240
WRITE,584.0,,517282557,3.592240
WRITE,585.0,,517570538,3.594240
WRITE,586.0,,517858520,3.596240
WRITE,587.0,,518146501,3.598240
WRITE,588.0,,518434483,3.600239
WRITE,589.0,,518722464,3.602239
WRITE,590.0,,519010446,3.604239
WRITE,591.0,,519298427,3.606239
WRITE,592.0,,519586408,3.608239
WRITE,592.0,,519874390,3.610239
WRITE,593.0,,520162371,3.612239
WRITE,594.0,,520450353,3.614239
WRITE,595.0,,520738334,3.616238
WRITE,596.0,,521026316,3.618238
WRITE,597.0,,521314297,3.620238
WRITE,597.0,,521602278,3.622238
WRITE,598.0,,521890260,3.624238
WRITE,599.0,,522178241,3.626238
WRITE,599.0,,522466223,3.628238
WRITE,600.0,,522754204,3.630238
WRITE,601.0,,523042185,3.632237
WRITE,601.0,,523330167,3.634237
WRITE,602.0,,523618148,3.636237
WRITE,602.0,,523906130,3.638237
WRITE,603.0,,524194111,3.640237
WRITE,603.0,,524482093,3.642237
WRITE,604.0,,524770074,3.644237
WRITE,605.0,,525058055,3.646236
WRITE,605.0,,525346037,3.648236
WRITE,606.0,,525634018,3.650236
WRITE,606.0,,525922000,3.652236
WRITE,607.0,,526209981,3.654236
WRITE,607.0,,526497963,3.656236
WRITE,608.0,,526785944,3.658236
WRITE,608.0,,527073925,3.660236
WRITE,608.0,,527361907,3.662235
WRITE,609.0,,527649888,3.664235
WRITE,609.0,,527937870,3.666235
WRITE,610.0,,528225851,3.668235
WRITE,610.0,,528513832,3.670235
WRITE,611.0,,528801814,3.672235
WRITE,611.0,,529089795,3.674235
WRITE,612.0,,529377777,3.676235
WRITE,612.0,,529665758,3.678234
WRITE,613.0,,529953740,3.680234
WRITE,613.0,,530241721,3.682234
WRITE,613.0,,530529702,3.684234
WRITE,614.0,,530817684,3.686234
WRITE,614.0,,531105665,3.688234
WRITE,615.0,,531393647,3.690234
WRITE,615.0,,531681628,3.692234
WRITE,615.0,,531969610,3.694233
WRITE,615.0,,532257591,3.696233
WRITE,616.0,,532545572,3.698233
WRITE,616.0,,532833554,3.700233
WRITE,616.0,,533121535,3.702233
WRITE,616.0,,533409517,3.704233
WRITE,616.0,,533697498,3.706233
WRITE,616.0,,533985480,3.708233
WRITE,617.0,,534273461,3.710232
WRITE,617.0,,534561442,3.712232
WRITE,617.0,,534849424,3.714232
WRITE,617.0,,535137405,3.716232
WRITE,617.0,,535425387,3.718232
WRITE,618.0,,535713368,3.720232
WRITE,618.0,,536001349,3.722232
WRITE,618.0,,536289331,3.724231
WRITE,618.0,,536577312,3.726231
WRITE,619.0,,536865294,3.728231
WRITE,619.0,,537153275,3.730231
WRITE,619.0,,537441257,3.732231
WRITE,619.0,,537729238,3.734231
WRITE,619.0,,538017219,3.736231
WRITE,620.0,,538305201,3.738231
WRITE,620.0,,538593182,3.740230
WRITE,620.0,,538881164,3.742230
WRITE,620.0,,539169145,3.744230
WRITE,620.0,,539457127,3.746230
WRITE,620.0,,539745108,3.748230
WRITE,620.0,,540033089,3.750230
WRITE,620.0,,540321071,3.752230
WRITE,620.0,,540609052,3.754230
WRITE,620.0,,540897034,3.756229
WRITE,621.0,,541185015,3.758229
WRITE,621.0,,541472996,3.760229
WRITE,621.0,,541760978,3.762229
WRITE,621.0,,542048959,3.764229
WRITE,621.0,,542336941,3.766229
WRITE,621.0,,542624922,3.768229
WRITE,620.0,,542912904,3.770229
WRITE,620.0,,543200885,3.772228
WRITE,620.0,,543488866,3.774228
WRITE,620.0,,543776848,3.776228
WRITE,620.0,,544064829,3.778228
WRITE,620.0,,544352811,3.780228
WRITE,620.0,,544640792,3.782228
WRITE,620.0,,544928774,3.784228
WRITE,620.0,,545216755,3.786227
WRITE,620.0,,545504736,3.788227
WRITE,620.0,,545792718,3.790227
WRITE,620.0,,546080699,3.792227
WRITE,620.0,,546368681,3.794227
WRITE,620.0,,546656662,3.796227
WRITE,620.0,,546944643,3.798227
WRITE,620.0,,547232625,3.800227
WRITE,620.0,,547520606,3.802226
WRITE,620.0,,547808588,3.804226
WRITE,620.0,,548096569,3.806226
WRITE,620.0,,548384551,3.808226
WRITE,620.0,,548672532,3.810226
WRITE,620.0,,548960513,3.812226
WRITE,620.0,,549248495,3.814226
WRITE,620.0,,549536476,3.816226
WRITE,620.0,,549824458,3.818225
WRITE,620.0,,550112439,3.820225
WRITE,620.0,,550400421,3.822225
WRITE,620.0,,550688402,3.824225
WRITE,620.0,,550976383,3.826225
WRITE,620.0,,551264365,3.828225
WRITE,620.0,,551552346,3.830225
WRITE,620.0,,551840328,3.832225
WRITE,620.0,,552128309,3.834224
WRITE,620.0,,552416291,3.836224
WRITE,620.0,,552704272,3.838224
WRITE,620.0,,552992253,3.840224
WRITE,620.0,,553280235,3.842224
WRITE,620.0,,553568216,3.844224
WRITE,620.0,,553856198,3.846224
WRITE,620.0,,554144179,3.848223
WRITE,620.0,,554432160,3.850223
WRITE,620.0,,554720142,3.852223
WRITE,620.0,,555008123,3.854223
WRITE,620.0,,555296105,3.856223
WRITE,620.0,,555584086,3.858223
WRITE,620.0,,555872068,3.860223
WRITE,620.0,,556160049,3.862223
WRITE,620.0,,556448030,3.864222
WRITE,620.0,,556736012,3.866222
WRITE,620.0,,557023993,3.868222
WRITE,620.0,,557311975,3.870222
WRITE,620.0,,557599956,3.872222
WRITE,620.0,,557887938,3.874222
WRITE,620.0,,558175919,3.876222
WRITE,620.0,,558463900,3.878222
WRITE,620.0,,558751882,3.880221
WRITE,620.0,,559039863,3.882221
WRITE,620.0,,559327845,3.884221
WRITE,620.0,,559615826,3.886221
WRITE,620.0,,559903807,3.888221
WRITE,620.0,,560191789,3.890221
WRITE,620.0,,560479770,3.892221
WRITE,620.0,,560767752,3.894221
WRITE,620.0,,561055733,3.896220
WRITE,620.0,,561343715,3.898220
WRITE,620.0,,561631696,3.900220
WRITE,620.0,,561919677,3.902220
WRITE,620.0,,562207659,3.904220
WRITE,620.0,,562495640,3.906220
WRITE,620.0,,562783622,3.908220
WRITE,620.0,,563071603,3.910219
WRITE,620.0,,563359585,3.912219
WRITE,620.0,,563647566,3.914219
WRITE,620.0,,563935547,3.916219
WRITE,620.0,,564223529,3.918219
WRITE,620.0,,564511510,3.920219
WRITE,620.0,,564799492,3.922219
WRITE,620.0,,565087473,3.924219
WRITE,620.0,,565375454,3.926218
WRITE,620.0,,565663436,3.928218
WRITE,620.0,,565951417,3.930218
WRITE,620.0,,566239399,3.932218
WRITE,620.0,,566527380,3.934218
WRITE,620.0,,566815362,3.936218
WRITE,620.0,,567103343,3.938218
WRITE,620.0,,567391324,3.940218
WRITE,620.0,,567679306,3.942217
WRITE,620.0,,567967287,3.944217
WRITE,620.0,,568255269,3.946217
WRITE,620.0,,568543250,3.948217
WRITE,620.0,,568831232,3.950217
WRITE,620.0,,569119213,3.952217
WRITE,620.0,,569407194,3.954217
WRITE,620.0,,569695176,3.956217
WRITE,620.0,,569983157,3.958216
WRITE,620.0,,570271139,3.960216
WRITE,620.0,,570559120,3.962216
WRITE,620.0,,570847102,3.964216
WRITE,620.0,,571135083,3.966216
WRITE,620.0,,571423064,3.968216
WRITE,620.0,,571711046,3.970216
WRITE,620.0,,571999027,3.972215
WRITE,620.0,,572287009,3.974215
WRITE,620.0,,572574990,3.976215
WRITE,620.0,,572862971,3.978215
WRITE,620.0,,573150953,3.980215
WRITE,620.0,,573438934,3.982215
WRITE,620.0,,573726916,3.984215
WRITE,620.0,,574014897,3.986215
WRITE,620.0,,574302879,3.988214
WRITE,620.0,,574590860,3.990214
WRITE,620.0,,574878841,3.992214
WRITE,620.0,,575166823,3.994214
WRITE,620.0,,575454804,3.996214
WRITE,620.0,,575742786,3.998214
WRITE,620.0,,576033377,4.000232
WRITE,620.0,,576318746,4.002214
WRITE,620.0,,576606727,4.004213
WRITE,620.0,,576894708,4.006213
WRITE,620.0,,577182690,4.008213
WRITE,620.0,,577470671,4.010213
WRITE,621.0,,577758653,4.012213
WRITE,622.0,,578046634,4.014213
WRITE,623.0,,578334615,4.016213
WRITE,624.0,,578622597,4.018212
WRITE,626.0,,578910578,4.020212
WRITE,627.0,,579198560,4.022212
WRITE,629.0,,579486541,4.024212
WRITE,631.0,,579774523,4.026212
WRITE,633.0,,580062504,4.028212
WRITE,635.0,,580350485,4.030212
WRITE,637.0,,580638467,4.032212
WRITE,640.0,,580926448,4.034211
WRITE,642.0,,581214430,4.036211
WRITE,644.0,,581502411,4.038211
WRITE,647.0,,581790393,4.040211
WRITE,649.0,,582078374,4.042211
WRITE,651.0,,582366355,4.044211
WRITE,654.0,,582654337,4.046211
WRITE,656.0,,582942318,4.048211
WRITE,658.0,,583230300,4.050210
WRITE,660.0,,583518281,4.052210
WRITE,662.0,,583806262,4.054210
WRITE,664.0,,584094244,4.056210
WRITE,666.0,,584382225,4.058210
WRITE,667.0,,584670207,4.060210
WRITE,669.0,,584958188,4.062210
WRITE,671.0,,585246170,4.064210
WRITE,672.0,,585534151,4.066209
WRITE,674.0,,585822132,4.068209
WRITE,675.0,,586110114,4.070209
WRITE,677.0,,586398095,4.072209
WRITE,678.0,,586686077,4.074209
WRITE,679.0,,586974058,4.076209
WRITE,680.0,,587262040,4.078209
WRITE,682.0,,587550021,4.080208
WRITE,683.0,,587838002,4.082208
WRITE,684.0,,588125984,4.084208
WRITE,685.0,,588413965,4.086208
WRITE,686.0,,588701947,4.088208
WRITE,687.0,,588989928,4.090208
WRITE,688.0,,589277910,4.092208
WRITE,689.0,,589565891,4.094208
WRITE,690.0,,589853872,4.096207
WRITE,691.0,,590141854,4.098207
WRITE,692.0,,590429835,4.100207
WRITE,693.0,,590717817,4.102207
WRITE,694.0,,591005798,4.104207
WRITE,695.0,,591293779,4.106207
WRITE,695.0,,591581761,4.108207
WRITE,696.0,,591869742,4.110207
WRITE,697.0,,592157724,4.112206
WRITE,697.0,,592445705,4.114206
WRITE,698.0,,592733687,4.116206
WRITE,699.0,,593021668,4.118206
WRITE,699.0,,593309649,4.120206
WRITE,700.0,,593597631,4.122206
WRITE,701.0,,593885612,4.124206
WRITE,701.0,,594173594,4.126206
WRITE,702.0,,594461575,4.128205
WRITE,703.0,,594749557,4.130205
WRITE,703.0,,595037538,4.132205
WRITE,704.0,,595325519,4.134205
WRITE,705.0,,595613501,4.136205
WRITE,705.0,,595901482,4.138205
WRITE,706.0,,596189464,4.140205
WRITE,706.0,,596477445,4.142204
WRITE,707.0,,596765426,4.144204
WRITE,707.0,,597053408,4.146204
WRITE,708.0,,597341389,4.148204
WRITE,709.0,,597629371,4.150204
WRITE,709.0,,597917352,4.152204
WRITE,710.0,,598205334,4.154204
WRITE,710.0,,598493315,4.156204
WRITE,711.0,,598781296,4.158203
WRITE,711.0,,599069278,4.160203
WRITE,711.0,,599357259,4.162203
WRITE,712.0,,599645241,4.164203
WRITE,712.0,,599933222,4.166203
WRITE,712.0,,600221204,4.168203
WRITE,713.0,,600509185,4.170203
WRITE,713.0,,600797166,4.172203
WRITE,713.0,,601085148,4.174202
WRITE,714.0,,601373129,4.176202
WRITE,714.0,,601661111,4.178202
WRITE,714.0,,601949092,4.180202
WRITE,715.0,,602237073,4.182202
WRITE,715.0,,602525055,4.184202
WRITE,715.0,,602813036,4.186202
WRITE,716.0,,603101018,4.188202
WRITE,716.0,,603388999,4.190201
WRITE,716.0,,603676981,4.192201
WRITE,717.0,,603964962,4.194201
WRITE,717.0,,604252943,4.196201
WRITE,718.0,,604540925,4.198201
WRITE,718.0,,604828906,4.200201
WRITE,718.0,,605116888,4.202201
WRITE,719.0,,605404869,4.204200
WRITE,719.0,,605692851,4.206200
WRITE,719.0,,605980832,4.208200
WRITE,719.0,,606268813,4.210200
WRITE,720.0,,606556795,4.212200
WRITE,720.0,,606844776,4.214200
WRITE,720.0,,607132758,4.216200
WRITE,721.0,,607420739,4.218200
WRITE,721.0,,607708721,4.220199
WRITE,721.0,,607996702,4.222199
WRITE,722.0,,608284683,4.224199
WRITE,722.0,,608572665,4.226199
WRITE,722.0,,608860646,4.228199
WRITE,723.0,,609148628,4.230199
WRITE,723.0,,609436609,4.232199
WRITE,723.0,,609724590,4.234199
WRITE,723.0,,610012572,4.236198
WRITE,723.0,,610300553,4.238198
WRITE,723.0,,610588535,4.240198
WRITE,723.0,,610876516,4.242198
WRITE,723.0,,611164498,4.244198
WRITE,723.0,,611452479,4.246198
WRITE,724.0,,611740460,4.248198
WRITE,724.0,,612028442,4.250198
WRITE,724.0,,612316423,4.252197
WRITE,724.0,,612604405,4.254197
WRITE,724.0,,612892386,4.256197
WRITE,724.0,,613180368,4.258197
WRITE,725.0,,613468349,4.260197
WRITE,725.0,,613756330,4.262197
WRITE,725.0,,614044312,4.264197
WRITE,725.0,,614332293,4.266196
WRITE,725.0,,614620275,4.268196
WRITE,725.0,,614908256,4.270196
WRITE,725.0,,615196237,4.272196
WRITE,725.0,,615484219,4.274196
WRITE,725.0,,615772200,4.276196
WRITE,725.0,,616060182,4.278196
WRITE,725.0,,616348163,4.280196
WRITE,725.0,,616636145,4.282195
WRITE,725.0,,616924126,4.284195
WRITE,725.0,,617212107,4.286195
WRITE,725.0,,617500089,4.288195
WRITE,725.0,,617788070,4.290195
WRITE,725.0,,618076052,4.292195
WRITE,725.0,,618364033,4.294195
WRITE,725.0,,618652015,4.296195
WRITE,725.0,,618939996,4.298194
WRITE,725.0,,619227977,4.300194
WRITE,725.0,,619515959,4.302194
WRITE,725.0,,619803940,4.304194
WRITE,725.0,,620091922,4.306194
WRITE,725.0,,620379903,4.308194
WRITE,725.0,,620667884,4.310194
WRITE,725.0,,620955866,4.312194
WRITE,725.0,,621243847,4.314193
WRITE,725.0,,621531829,4.316193
WRITE,725.0,,621819810,4.318193
WRITE,725.0,,622107792,4.320193
WRITE,725.0,,622395773,4.322193
WRITE,725.0,,622683754,4.324193
WRITE,725.0,,622971736,4.326193
WRITE,725.0,,623259717,4.328192
WRITE,725.0,,623547699,4.330192
WRITE,725.0,,623835680,4.332192
WRITE,725.0,,624123662,4.334192
WRITE,725.0,,624411643,4.336192
WRITE,725.0,,624699624,4.338192
WRITE,725.0,,624987606,4.340192
WRITE,725.0,,625275587,4.342192
WRITE,725.0,,625563569,4.344191
WRITE,725.0,,625851550,4.346191
WRITE,725.0,,626139532,4.348191
WRITE,725.0,,626427513,4.350191
WRITE,725.0,,626715494,4.352191
WRITE,725.0,,627003476,4.354191
WRITE,725.0,,627291457,4.356191
WRITE,725.0,,627579439,4.358191
WRITE,725.0,,627867420,4.360190
WRITE,725.0,,628155401,4.362190
WRITE,725.0,,628443383,4.364190
WRITE,725.0,,628731364,4.366190
WRITE,725.0,,629019346,4.368190
WRITE,725.0,,629307327,4.370190
WRITE,725.0,,629595309,4.372190
WRITE,725.0,,629883290,4.374190
WRITE,725.0,,630171271,4.376189
WRITE,725.0,,630459253,4.378189
WRITE,725.0,,630747234,4.380189
WRITE,725.0,,631035216,4.382189
WRITE,725.0,,631323197,4.384189
WRITE,725.0,,631611179,4.386189
WRITE,725.0,,631899160,4.388189
WRITE,725.0,,632187141,4.390188
WRITE,725.0,,632475123,4.392188
WRITE,725.0,,632763104,4.394188
WRITE,725.0,,633051086,4.396188
WRITE,725.0,,633339067,4.398188
WRITE,725.0,,633627048,4.400188
WRITE,725.0,,633915030,4.402188
WRITE,725.0,,634203011,4.404188
WRITE,725.0,,634490993,4.406187
WRITE,725.0,,634778974,4.408187
WRITE,725.0,,635066956,4.410187
WRITE,725.0,,635354937,4.412187
WRITE,725.0,,635642918,4.414187
WRITE,725.0,,635930900,4.416187
WRITE,725.0,,636218881,4.418187
WRITE,725.0,,636506863,4.420187
WRITE,725.0,,636794844,4.422186
WRITE,725.0,,637082826,4.424186
WRITE,725.0,,637370807,4.426186
WRITE,725.0,,637658788,4.428186
WRITE,725.0,,637946770,4.430186
WRITE,725.0,,638234751,4.432186
WRITE,725.0,,638522733,4.434186
WRITE,725.0,,638810714,4.436186
WRITE,725.0,,639098695,4.438185
WRITE,725.0,,639386677,4.440185
WRITE,725.0,,639674658,4.442185
WRITE,725.0,,639962640,4.444185
WRITE,725.0,,640250621,4.446185
WRITE,725.0,,640538603,4.448185
WRITE,725.0,,640826584,4.450185
WRITE,725.0,,641114565,4.452184
WRITE,725.0,,641402547,4.454184
WRITE,725.0,,641690528,4.456184
WRITE,725.0,,641978510,4.458184
WRITE,725.0,,642266491,4.460184
WRITE,725.0,,642554473,4.462184
WRITE,725.0,,642842454,4.464184
WRITE,725.0,,643130435,4.466184
WRITE,725.0,,643418417,4.468183
WRITE,725.0,,643706398,4.470183
WRITE,725.0,,643994380,4.472183
WRITE,725.0,,644282361,4.474183
WRITE,725.0,,644570343,4.476183
WRITE,725.0,,644858324,4.478183
WRITE,725.0,,645146305,4.480183
WRITE,725.0,,645434287,4.482183
WRITE,725.0,,645722268,4.484182
WRITE,725.0,,646010250,4.486182
WRITE,725.0,,646298231,4.488182
WRITE,725.0,,646586212,4.490182
WRITE,725.0,,646874194,4.492182
WRITE,725.0,,647162175,4.494182
WRITE,725.0,,647450157,4.496182
WRITE,725.0,,647738138,4.498182
WRITE,725.0,,648028729,4.500200
WRITE,725.0,,648314098,4.502181
WRITE,725.0,,648602079,4.504181
WRITE,725.0,,648890061,4.506181
WRITE,725.0,,649178042,4.508181
WRITE,725.0,,649466024,4.510181
WRITE,725.0,,649754005,4.512181
WRITE,726.0,,650041987,4.514180
WRITE,727.0,,650329968,4.516180
WRITE,728.0,,650617949,4.518180
WRITE,729.0,,650905931,4.520180
WRITE,731.0,,651193912,4.522180
WRITE,732.0,,651481894,4.524180
WRITE,734.0,,651769875,4.526180
WRITE,736.0,,652057856,4.528180
WRITE,738.0,,652345838,4.530179
WRITE,740.0,,652633819,4.532179
WRITE,742.0,,652921801,4.534179
WRITE,744.0,,653209782,4.536179
WRITE,747.0,,653497764,4.538179
WRITE,749.0,,653785745,4.540179
WRITE,751.0,,654073726,4.542179
WRITE,753.0,,654361708,4.544179
WRITE,755.0,,654649689,4.546178
WRITE,757.0,,654937671,4.548178
WRITE,759.0,,655225652,4.550178
WRITE,761.0,,655513634,4.552178
WRITE,763.0,,655801615,4.554178
WRITE,765.0,,656089596,4.556178
WRITE,767.0,,656377578,4.558178
WRITE,768.0,,656665559,4.560177
WRITE,770.0,,656953541,4.562177
WRITE,772.0,,657241522,4.564177
WRITE,773.0,,657529503,4.566177
WRITE,775.0,,657817485,4.568177
WRITE,776.0,,658105466,4.570177
WRITE,777.0,,658393448,4.572177
WRITE,779.0,,658681429,4.574177
WRITE,780.0,,658969411,4.576176
WRITE,781.0,,659257392,4.578176
WRITE,782.0,,659545373,4.580176
WRITE,784.0,,659833355,4.582176
WRITE,785.0,,660121336,4.584176
WRITE,786.0,,660409318,4.586176
WRITE,787.0,,660697299,4.588176
WRITE,788.0,,660985281,4.590176
WRITE,789.0,,661273262,4.592175
WRITE,790.0,,661561243,4.594175
WRITE,790.0,,661849225,4.596175
WRITE,791.0,,662137206,4.598175
WRITE,792.0,,662425188,4.600175
WRITE,793.0,,662713169,4.602175
WRITE,794.0,,663001151,4.604175
WRITE,795.0,,663289132,4.606175
WRITE,795.0,,663577113,4.608174
WRITE,796.0,,663865095,4.610174
WRITE,797.0,,664153076,4.612174
WRITE,798.0,,664441058,4.614174
WRITE,799.0,,664729039,4.616174
WRITE,799.0,,665017020,4.618174
WRITE,800.0,,665305002,4.620174
WRITE,801.0,,665592983,4.622173
WRITE,802.0,,665880965,4.624173
WRITE,802.0,,666168946,4.626173
WRITE,803.0,,666456928,4.628173
WRITE,804.0,,666744909,4.630173
WRITE,804.0,,667032890,4.632173
WRITE,805.0,,667320872,4.634173
WRITE,806.0,,667608853,4.636173
WRITE,806.0,,667896835,4.638172
WRITE,807.0,,668184816,4.640172
WRITE,808.0,,668472798,4.642172
WRITE,808.0,,668760779,4.644172
WRITE,809.0,,669048760,4.646172
WRITE,809.0,,669336742,4.648172
WRITE,810.0,,669624723,4.650172
WRITE,810.0,,669912705,4.652172
WRITE,811.0,,670200686,4.654171
WRITE,811.0,,670488667,4.656171
WRITE,811.0,,670776649,4.658171
WRITE,812.0,,671064630,4.660171
WRITE,812.0,,671352612,4.662171
WRITE,813.0,,671640593,4.664171
WRITE,813.0,,671928575,4.666171
WRITE,813.0,,672216556,4.668171
WRITE,814.0,,672504537,4.670170
WRITE,814.0,,672792519,4.672170
WRITE,814.0,,673080500,4.674170
WRITE,815.0,,673368482,4.676170
WRITE,815.0,,673656463,4.678170
WRITE,815.0,,673944445,4.680170
WRITE,816.0,,674232426,4.682170
WRITE,816.0,,674520407,4.684169
WRITE,817.0,,674808389,4.686169
WRITE,817.0,,675096370,4.688169
WRITE,818.0,,675384352,4.690169
WRITE,818.0,,675672333,4.692169
WRITE,819.0,,675960314,4.694169
WRITE,819.0,,676248296,4.696169
WRITE,819.0,,676536277,4.698169
WRITE,820.0,,676824259,4.700168
WRITE,820.0,,677112240,4.702168
WRITE,820.0,,677400222,4.704168
WRITE,820.0,,677688203,4.706168
WRITE,821.0,,677976184,4.708168
WRITE,821.0,,678264166,4.710168
WRITE,821.0,,678552147,4.712168
WRITE,821.0,,678840129,4.714168
WRITE,822.0,,679128110,4.716167
WRITE,822.0,,679416092,4.718167
WRITE,822.0,,679704073,4.720167
WRITE,822.0,,679992054,4.722167
WRITE,822.0,,680280036,4.724167
WRITE,822.0,,680568017,4.726167
WRITE,823.0,,680855999,4.728167
WRITE,823.0,,681143980,4.730167
WRITE,823.0,,681431962,4.732166
WRITE,823.0,,681719943,4.734166
WRITE,823.0,,682007924,4.736166
WRITE,823.0,,682295906,4.738166
WRITE,824.0,,682583887,4.740166
WRITE,824.0,,682871869,4.742166
WRITE,824.0,,683159850,4.744166
WRITE,824.0,,683447831,4.746165
WRITE,825.0,,683735813,4.748165
WRITE,825.0,,684023794,4.750165
WRITE,825.0,,684311776,4.752165
WRITE,825.0,,684599757,4.754165
WRITE,825.0,,684887739,4.756165
WRITE,826.0,,685175720,4.758165
WRITE,826.0,,685463701,4.760165
WRITE,826.0,,685751683,4.762164
WRITE,826.0,,686039664,4.764164
WRITE,826.0,,686327646,4.766164
WRITE,826.0,,686615627,4.768164
WRITE,826.0,,686903609,4.770164
WRITE,826.0,,687191590,4.772164
WRITE,826.0,,687479571,4.774164
WRITE,826.0,,687767553,4.776164
WRITE,826.0,,688055534,4.778163
WRITE,826.0,,688343516,4.780163
WRITE,826.0,,688631497,4.782163
WRITE,826.0,,688919478,4.784163
WRITE,826.0,,689207460,4.786163
WRITE,826.0,,689495441,4.788163
WRITE,826.0,,689783423,4.790163
WRITE,826.0,,690071404,4.792163
WRITE,826.0,,690359386,4.794162
WRITE,826.0,,690647367,4.796162
WRITE,826.0,,690935348,4.798162
WRITE,826.0,,691223330,4.800162
WRITE,826.0,,691511311,4.802162
WRITE,826.0,,691799293,4.804162
WRITE,826.0,,692087274,4.806162
WRITE,826.0,,692375256,4.808162
WRITE,826.0,,692663237,4.810161
WRITE,826.0,,692951218,4.812161
WRITE,826.0,,693239200,4.814161
WRITE,826.0,,693527181,4.816161
WRITE,826.0,,693815163,4.818161
WRITE,826.0,,694103144,4.820161
WRITE,826.0,,694391125,4.822161
WRITE,826.0,,694679107,4.824160
WRITE,826.0,,694967088,4.826160
WRITE,826.0,,695255070,4.828160
WRITE,826.0,,695543051,4.830160
WRITE,826.0,,695831033,4.832160
WRITE,826.0,,696119014,4.834160
WRITE,826.0,,696406995,4.836160
WRITE,826.0,,696694977,4.838160
WRITE,826.0,,696982958,4.840159
WRITE,826.0,,697270940,4.842159
WRITE,826.0,,697558921,4.844159
WRITE,826.0,,697846903,4.846159
WRITE,826.0,,698134884,4.848159
WRITE,826.0,,698422865,4.850159
WRITE,826.0,,698710847,4.852159
WRITE,826.0,,698998828,4.854159
WRITE,826.0,,699286810,4.856158
WRITE,826.0,,699574791,4.858158
WRITE,826.0,,699862773,4.860158
WRITE,826.0,,700150754,4.862158
WRITE,826.0,,700438735,4.864158
WRITE,826.0,,700726717,4.866158
WRITE,826.0,,701014698,4.868158
WRITE,826.0,,701302680,4.870158
WRITE,826.0,,701590661,4.872157
WRITE,826.0,,701878642,4.874157
WRITE,826.0,,702166624,4.876157
WRITE,826.0,,702454605,4.878157
WRITE,826.0,,702742587,4.880157
WRITE,826.0,,703030568,4.882157
WRITE,826.0,,703318550,4.884157
WRITE,826.0,,703606531,4.886156
WRITE,826.0,,703894512,4.888156
WRITE,826.0,,704182494,4.890156
WRITE,826.0,,704470475,4.892156
WRITE,826.0,,704758457,4.894156
WRITE,826.0,,705046438,4.896156
WRITE,826.0,,705334420,4.898156
WRITE,826.0,,705622401,4.900156
WRITE,826.0,,705910382,4.902155
WRITE,826.0,,706198364,4.904155
WRITE,826.0,,706486345,4.906155
WRITE,826.0,,706774327,4.908155
WRITE,826.0,,707062308,4.910155
WRITE,826.0,,707350289,4.912155
WRITE,826.0,,707638271,4.914155
WRITE,826.0,,707926252,4.916155
WRITE,826.0,,708214234,4.918154
WRITE,826.0,,708502215,4.920154
WRITE,826.0,,708790197,4.922154
WRITE,826.0,,709078178,4.924154
WRITE,826.0,,709366159,4.926154
WRITE,826.0,,709654141,4.928154
WRITE,826.0,,709942122,4.930154
WRITE,826.0,,710230104,4.932154
WRITE,826.0,,710518085,4.934153
WRITE,826.0,,710806067,4.936153
WRITE,826.0,,711094048,4.938153
WRITE,826.0,,711382029,4.940153
WRITE,826.0,,711670011,4.942153
WRITE,826.0,,711957992,4.944153
WRITE,826.0,,712245974,4.946153
WRITE,826.0,,712533955,4.948152
WRITE,826.0,,712821936,4.950152
WRITE,826.0,,713109918,4.952152
WRITE,826.0,,713397899,4.954152
WRITE,826.0,,713685881,4.956152
WRITE,826.0,,713973862,4.958152
WRITE,826.0,,714261844,4.960152
WRITE,826.0,,714549825,4.962152
WRITE,826.0,,714837806,4.964151
WRITE,826.0,,715125788,4.966151
WRITE,826.0,,715413769,4.968151
WRITE,826.0,,715701751,4.970151
WRITE,826.0,,715989732,4.972151
WRITE,826.0,,716277714,4.974151
WRITE,826.0,,716565695,4.976151
WRITE,826.0,,716853676,4.978151
WRITE,826.0,,717141658,4.980150
WRITE,826.0,,717429639,4.982150
WRITE,826.0,,717717621,4.984150
WRITE,826.0,,718005602,4.986150
WRITE,826.0,,718293584,4.988150
WRITE,826.0,,718581565,4.990150
WRITE,826.0,,718869546,4.992150
WRITE,826.0,,719157528,4.994150
WRITE,826.0,,719445509,4.996149
WRITE,826.0,,719733491,4.998149
WRITE,826.0,,720024095,5.000167
WRITE,826.0,,720309450,5.002149
WRITE,826.0,,720597432,5.004149
WRITE,826.0,,720885413,5.006149
WRITE,826.0,,721173395,5.008149
WRITE,826.0,,721461376,5.010148
WRITE,826.0,,721749358,5.012148
WRITE,826.0,,722037339,5.014148
WRITE,827.0,,722325320,5.016148
WRITE,828.0,,722613302,5.018148
WRITE,829.0,,722901283,5.020148
WRITE,831.0,,723189265,5.022148
WRITE,833.0,,723477246,5.024148
WRITE,834.0,,723765228,5.026147
WRITE,836.0,,724053209,5.028147
WRITE,838.0,,724341190,5.030147
WRITE,840.0,,724629172,5.032147
WRITE,842.0,,724917153,5.034147
WRITE,844.0,,725205135,5.036147
WRITE,847.0,,725493116,5.038147
WRITE,849.0,,725781097,5.040147
WRITE,851.0,,726069079,5.042146
WRITE,853.0,,726357060,5.044146
WRITE,855.0,,726645042,5.046146
WRITE,857.0,,726933023,5.048146
WRITE,859.0,,727221005,5.050146
WRITE,861.0,,727508986,5.052146
WRITE,863.0,,727796967,5.054146
WRITE,865.0,,728084949,5.056145
WRITE,867.0,,728372930,5.058145
WRITE,869.0,,728660912,5.060145
WRITE,870.0,,728948893,5.062145
WRITE,872.0,,729236875,5.064145
WRITE,874.0,,729524856,5.066145
WRITE,875.0,,729812837,5.068145
WRITE,877.0,,730100819,5.070145
WRITE,878.0,,730388800,5.072144
WRITE,880.0,,730676782,5.074144
WRITE,881.0,,730964763,5.076144
WRITE,882.0,,731252744,5.078144
WRITE,884.0,,731540726,5.080144
WRITE,885.0,,731828707,5.082144
WRITE,886.0,,732116689,5.084144
WRITE,887.0,,732404670,5.086144
WRITE,888.0,,732692652,5.088143
WRITE,889.0,,732980633,5.090143
WRITE,890.0,,733268614,5.092143
WRITE,891.0,,733556596,5.094143
WRITE,892.0,,733844577,5.096143
WRITE,893.0,,734132559,5.098143
WRITE,894.0,,734420540,5.100143
WRITE,895.0,,734708522,5.102143
WRITE,895.0,,734996503,5.104142
WRITE,896.0,,735284484,5.106142
WRITE,897.0,,735572466,5.108142
WRITE,898.0,,735860447,5.110142
WRITE,899.0,,736148429,5.112142
WRITE,900.0,,736436410,5.114142
WRITE,900.0,,736724392,5.116142
WRITE,901.0,,737012373,5.118141
WRITE,902.0,,737300354,5.120141
WRITE,903.0,,737588336,5.122141
WRITE,903.0,,737876317,5.124141
WRITE,904.0,,738164299,5.126141
WRITE,905.0,,738452280,5.128141
WRITE,906.0,,738740261,5.130141
WRITE,906.0,,739028243,5.132141
WRITE,907.0,,739316224,5.134140
WRITE,907.0,,739604206,5.136140
WRITE,908.0,,739892187,5.138140
WRITE,909.0,,740180169,5.140140
WRITE,909.0,,740468150,5.142140
WRITE,910.0,,740756131,5.144140
WRITE,910.0,,741044113,5.146140
WRITE,911.0,,741332094,5.148140
WRITE,911.0,,741620076,5.150139
WRITE,912.0,,741908057,5.152139
WRITE,912.0,,742196039,5.154139
WRITE,913.0,,742484020,5.156139
WRITE,913.0,,742772001,5.158139
WRITE,913.0,,743059983,5.160139
WRITE,914.0,,743347964,5.162139
WRITE,914.0,,743635946,5.164139
WRITE,915.0,,743923927,5.166138
WRITE,915.0,,744211908,5.168138
WRITE,916.0,,744499890,5.170138
WRITE,916.0,,744787871,5.172138
WRITE,916.0,,745075853,5.174138
WRITE,917.0,,745363834,5.176138
WRITE,917.0,,745651816,5.178138
WRITE,917.0,,745939797,5.180137
WRITE,918.0,,746227778,5.182137
WRITE,918.0,,746515760,5.184137
WRITE,918.0,,746803741,5.186137
WRITE,919.0,,747091723,5.188137
WRITE,919.0,,747379704,5.190137
WRITE,919.0,,747667686,5.192137
WRITE,919.0,,747955667,5.194137
WRITE,920.0,,748243648,5.196136
WRITE,920.0,,748531630,5.198136
WRITE,920.0,,748819611,5.200136
WRITE,921.0,,749107593,5.202136
WRITE,921.0,,749395574,5.204136
WRITE,921.0,,749683555,5.206136
WRITE,922.0,,749971537,5.208136
WRITE,922.0,,750259518,5.210136
WRITE,922.0,,750547500,5.212135
WRITE,923.0,,750835481,5.214135
WRITE,923.0,,751123463,5.216135
WRITE,923.0,,751411444,5.218135
WRITE,923.0,,751699425,5.220135
WRITE,924.0,,751987407,5.222135
WRITE,924.0,,752275388,5.224135
WRITE,924.0,,752563370,5.226135
WRITE,925.0,,752851351,5.228134
WRITE,925.0,,753139333,5.230134
WRITE,925.0,,753427314,5.232134
WRITE,925.0,,753715295,5.234134
WRITE,925.0,,754003277,5.236134
WRITE,926.0,,754291258,5.238134
WRITE,926.0,,754579240,5.240134
WRITE,926.0,,754867221,5.242133
WRITE,926.0,,755155203,5.244133
WRITE,927.0,,755443184,5.246133
WRITE,927.0,,755731165,5.248133
WRITE,927.0,,756019147,5.250133
WRITE,927.0,,756307128,5.252133
WRITE,927.0,,756595110,5.254133
WRITE,927.0,,756883091,5.256133
WRITE,928.0,,757171072,5.258132
WRITE,928.0,,757459054,5.260132
WRITE,928.0,,757747035,5.262132
WRITE,928.0,,758035017,5.264132
WRITE,928.0,,758322998,5.266132
WRITE,928.0,,758610980,5.268132
WRITE,928.0,,758898961,5.270132
WRITE,928.0,,759186942,5.272132
WRITE,928.0,,759474924,5.274131
WRITE,928.0,,759762905,5.276131
WRITE,928.0,,760050887,5.278131
WRITE,928.0,,760338868,5.280131
WRITE,928.0,,760626850,5.282131
WRITE,928.0,,760914831,5.284131
WRITE,928.0,,761202812,5.286131
WRITE,928.0,,761490794,5.288131
WRITE,928.0,,761778775,5.290130
WRITE,928.0,,762066757,5.292130
WRITE,928.0,,762354738,5.294130
WRITE,928.0,,762642719,5.296130
WRITE,928.0,,762930701,5.298130
WRITE,928.0,,763218682,5.300130
WRITE,928.0,,763506664,5.302130
WRITE,928.0,,763794645,5.304129
WRITE,928.0,,764082627,5.306129
WRITE,928.0,,764370608,5.308129
WRITE,928.0,,764658589,5.310129
WRITE,928.0,,764946571,5.312129
WRITE,928.0,,765234552,5.314129
WRITE,928.0,,765522534,5.316129
WRITE,928.0,,765810515,5.318129
WRITE,928.0,,766098497,5.320128
WRITE,928.0,,766386478,5.322128
WRITE,928.0,,766674459,5.324128
WRITE,928.0,,766962441,5.326128
WRITE,928.0,,767250422,5.328128
WRITE,928.0,,767538404,5.330128
WRITE,928.0,,767826385,5.332128
WRITE,928.0,,768114366,5.334128
WRITE,928.0,,768402348,5.336127
WRITE,928.0,,768690329,5.338127
WRITE,928.0,,768978311,5.340127
WRITE,928.0,,769266292,5.342127
WRITE,928.0,,769554274,5.344127
WRITE,928.0,,769842255,5.346127
WRITE,928.0,,770130236,5.348127
WRITE,928.0,,770418218,5.350127
WRITE,928.0,,770706199,5.352126
WRITE,928.0,,770994181,5.354126
WRITE,928.0,,771282162,5.356126
WRITE,928.0,,771570144,5.358126
WRITE,928.0,,771858125,5.360126
WRITE,928.0,,772146106,5.362126
WRITE,928.0,,772434088,5.364126
WRITE,928.0,,772722069,5.366125
WRITE,928.0,,773010051,5.368125
WRITE,928.0,,773298032,5.370125
WRITE,928.0,,773586014,5.372125
WRITE,928.0,,773873995,5.374125
WRITE,928.0,,774161976,5.376125
WRITE,928.0,,774449958,5.378125
WRITE,928.0,,774737939,5.380125
WRITE,928.0,,775025921,5.382124
WRITE,928.0,,775313902,5.384124
WRITE,928.0,,775601883,5.386124
WRITE,928.0,,775889865,5.388124
WRITE,928.0,,776177846,5.390124
WRITE,928.0,,776465828,5.392124
WRITE,928.0,,776753809,5.394124
WRITE,928.0,,777041791,5.396124
WRITE,928.0,,777329772,5.398123
WRITE,928.0,,777617753,5.400123
WRITE,928.0,,777905735,5.402123
WRITE,928.0,,778193716,5.404123
WRITE,928.0,,778481698,5.406123
WRITE,928.0,,778769679,5.408123
WRITE,928.0,,779057661,5.410123
WRITE,928.0,,779345642,5.412123
WRITE,928.0,,779633623,5.414122
WRITE,928.0,,779921605,5.416122
WRITE,928.0,,780209586,5.418122
WRITE,928.0,,780497568,5.420122
WRITE,928.0,,780785549,5.422122
WRITE,928.0,,781073530,5.424122
WRITE,928.0,,781361512,5.426122
WRITE,928.0,,781649493,5.428121
WRITE,928.0,,781937475,5.430121
WRITE,928.0,,782225456,5.432121
WRITE,928.0,,782513438,5.434121
WRITE,928.0,,782801419,5.436121
WRITE,928.0,,783089400,5.438121
WRITE,928.0,,783377382,5.440121
WRITE,928.0,,783665363,5.442121
WRITE,928.0,,783953345,5.444120
WRITE,928.0,,784241326,5.446120
WRITE,928.0,,784529308,5.448120
WRITE,928.0,,784817289,5.450120
WRITE,928.0,,785105270,5.452120
WRITE,928.0,,785393252,5.454120
WRITE,928.0,,785681233,5.456120
WRITE,928.0,,785969215,5.458120
WRITE,928.0,,786257196,5.460119
WRITE,928.0,,786545177,5.462119
WRITE,928.0,,786833159,5.464119
WRITE,928.0,,787121140,5.466119
WRITE,928.0,,787409122,5.468119
WRITE,928.0,,787697103,5.470119
WRITE,928.0,,787985085,5.472119
WRITE,928.0,,788273066,5.474119
WRITE,928.0,,788561047,5.476118
WRITE,928.0,,788849029,5.478118
WRITE,928.0,,789137010,5.480118
WRITE,928.0,,789424992,5.482118
WRITE,928.0,,789712973,5.484118
WRITE,928.0,,790000955,5.486118
WRITE,928.0,,790288936,5.488118
WRITE,928.0,,790576917,5.490117
WRITE,928.0,,790864899,5.492117
WRITE,928.0,,791152880,5.494117
WRITE,928.0,,791440862,5.496117
WRITE,928.0,,791728843,5.498117
WRITE,928.0,,792019434,5.500135
WRITE,928.0,,792304803,5.502117
WRITE,928.0,,792592784,5.504117
WRITE,928.0,,792880766,5.506116
WRITE,928.0,,793168747,5.508116
WRITE,928.0,,793456729,5.510116
WRITE,929.0,,793744710,5.512116
WRITE,930.0,,794032691,5.514116
WRITE,931.0,,794320673,5.516116
WRITE,932.0,,794608654,5.518116
WRITE,933.0,,794896636,5.520116
WRITE,935.0,,795184617,5.522115
WRITE,937.0,,795472599,5.524115
WRITE,939.0,,795760580,5.526115
WRITE,940.0,,796048561,5.528115
WRITE,943.0,,796336543,5.530115
WRITE,945.0,,796624524,5.532115
WRITE,947.0,,796912506,5.534115
WRITE,949.0,,797200487,5.536114
WRITE,952.0,,797488469,5.538114
WRITE,954.0,,797776450,5.540114
WRITE,956.0,,798064431,5.542114
WRITE,958.0,,798352413,5.544114
WRITE,960.0,,798640394,5.546114
WRITE,962.0,,798928376,5.548114
WRITE,964.0,,799216357,5.550114
WRITE,966.0,,799504338,5.552113
WRITE,968.0,,799792320,5.554113
WRITE,970.0,,800080301,5.556113
WRITE,972.0,,800368283,5.558113
WRITE,973.0,,800656264,5.560113
WRITE,975.0,,800944246,5.562113
WRITE,976.0,,801232227,5.564113
WRITE,978.0,,801520208,5.566113
WRITE,979.0,,801808190,5.568112
WRITE,980.0,,802096171,5.570112
WRITE,982.0,,802384153,5.572112
WRITE,983.0,,802672134,5.574112
WRITE,984.0,,802960116,5.576112
WRITE,985.0,,803248097,5.578112
WRITE,987.0,,803536078,5.580112
WRITE,988.0,,803824060,5.582112
WRITE,989.0,,804112041,5.584111
WRITE,990.0,,804400023,5.586111
WRITE,991.0,,804688004,5.588111
WRITE,992.0,,804975985,5.590111
WRITE,993.0,,805263967,5.592111
WRITE,994.0,,805551948,5.594111
WRITE,995.0,,805839930,5.596111
WRITE,996.0,,806127911,5.598110
WRITE,997.0,,806415893,5.600110
WRITE,998.0,,806703874,5.602110
WRITE,999.0,,806991855,5.604110
WRITE,999.0,,807279837,5.606110
WRITE,1000.0,,807567818,5.608110
WRITE,1001.0,,807855800,5.610110
WRITE,1002.0,,808143781,5.612110
WRITE,1003.0,,808431763,5.614109
WRITE,1003.0,,808719744,5.616109
WRITE,1004.0,,809007725,5.618109
WRITE,1005.0,,809295707,5.620109
WRITE,1005.0,,809583688,5.622109
WRITE,1006.0,,809871670,5.624109
WRITE,1007.0,,810159651,5.626109
WRITE,1007.0,,810447633,5.628109
WRITE,1008.0,,810735614,5.630108
WRITE,1009.0,,811023595,5.632108
WRITE,1010.0,,811311577,5.634108
WRITE,1010.0,,811599558,5.636108
WRITE,1011.0,,811887540,5.638108
WRITE,1011.0,,812175521,5.640108
WRITE,1012.0,,812463502,5.642108
WRITE,1012.0,,812751484,5.644108
WRITE,1013.0,,813039465,5.646107
WRITE,1013.0,,813327447,5.648107
WRITE,1014.0,,813615428,5.650107
WRITE,1015.0,,813903410,5.652107
WRITE,1015.0,,814191391,5.654107
WRITE,1015.0,,814479372,5.656107
WRITE,1016.0,,814767354,5.658107
WRITE,1016.0,,815055335,5.660106
WRITE,1017.0,,815343317,5.662106
WRITE,1017.0,,815631298,5.664106
WRITE,1017.0,,815919280,5.666106
WRITE,1018.0,,816207261,5.668106
WRITE,1018.0,,816495242,5.670106
WRITE,1018.0,,816783224,5.672106
WRITE,1019.0,,817071205,5.674106
WRITE,1019.0,,817359187,5.676105
WRITE,1019.0,,817647168,5.678105
WRITE,1019.0,,817935149,5.680105
WRITE,1020.0,,818223131,5.682105
WRITE,1020.0,,818511112,5.684105
WRITE,1021.0,,818799094,5.686105
WRITE,1021.0,,819087075,5.688105
WRITE,1021.0,,819375057,5.690105
WRITE,1022.0,,819663038,5.692104
WRITE,1022.0,,819951019,5.694104
WRITE,1022.0,,820239001,5.696104
WRITE,1023.0,,820526982,5.698104
WRITE,1023.0,,820814964,5.700104
WRITE,1023.0,,821102945,5.702104
WRITE,1024.0,,821390927,5.704104
WRITE,1024.0,,821678908,5.706104
WRITE,1024.0,,821966889,5.708103
WRITE,1025.0,,822254871,5.710103
WRITE,1025.0,,822542852,5.712103
WRITE,1025.0,,822830834,5.714103
WRITE,1026.0,,823118815,5.716103
WRITE,1026.0,,823406796,5.718103
WRITE,1026.0,,823694778,5.720103
WRITE,1026.0,,823982759,5.722102
WRITE,1027.0,,824270741,5.724102
WRITE,1027.0,,824558722,5.726102
WRITE,1027.0,,824846704,5.728102
WRITE,1028.0,,825134685,5.730102
WRITE,1028.0,,825422666,5.732102
WRITE,1028.0,,825710648,5.734102
WRITE,1028.0,,825998629,5.736102
WRITE,1028.0,,826286611,5.738101
WRITE,1029.0,,826574592,5.740101
WRITE,1029.0,,826862574,5.742101
WRITE,1029.0,,827150555,5.744101
WRITE,1030.0,,827438536,5.746101
WRITE,1030.0,,827726518,5.748101
WRITE,1030.0,,828014499,5.750101
WRITE,1030.0,,828302481,5.752101
WRITE,1030.0,,828590462,5.754100
WRITE,1030.0,,828878444,5.756100
WRITE,1031.0,,829166425,5.758100
WRITE,1031.0,,829454406,5.760100
WRITE,1031.0,,829742388,5.762100
WRITE,1031.0,,830030369,5.764100
WRITE,1031.0,,830318351,5.766100
WRITE,1031.0,,830606332,5.768100
WRITE,1031.0,,830894313,5.770099
WRITE,1031.0,,831182295,5.772099
WRITE,1031.0,,831470276,5.774099
WRITE,1031.0,,831758258,5.776099
WRITE,1031.0,,832046239,5.778099
WRITE,1031.0,,832334221,5.780099
WRITE,1031.0,,832622202,5.782099
WRITE,1031.0,,832910183,5.784098
WRITE,1031.0,,833198165,5.786098
WRITE,1031.0,,833486146,5.788098
WRITE,1031.0,,833774128,5.790098
WRITE,1031.0,,834062109,5.792098
WRITE,1031.0,,834350091,5.794098
WRITE,1031.0,,834638072,5.796098
WRITE,1031.0,,834926053,5.798098
WRITE,1031.0,,835214035,5.800097
WRITE,1031.0,,835502016,5.802097
WRITE,1031.0,,835789998,5.804097
WRITE,1031.0,,836077979,5.806097
WRITE,1031.0,,836365960,5.808097
WRITE,1031.0,,836653942,5.810097
WRITE,1031.0,,836941923,5.812097
WRITE,1031.0,,837229905,5.814097
WRITE,1031.0,,837517886,5.816096
WRITE,1031.0,,837805868,5.818096
WRITE,1031.0,,838093849,5.820096
WRITE,1031.0,,838381830,5.822096
WRITE,1031.0,,838669812,5.824096
WRITE,1031.0,,838957793,5.826096
WRITE,1031.0,,839245775,5.828096
WRITE,1031.0,,839533756,5.830096
WRITE,1031.0,,839821738,5.832095
WRITE,1031.0,,840109719,5.834095
WRITE,1031.0,,840397700,5.836095
WRITE,1031.0,,840685682,5.838095
WRITE,1031.0,,840973663,5.840095
WRITE,1031.0,,841261645,5.842095
WRITE,1031.0,,841549626,5.844095
WRITE,1031.0,,841837607,5.846094
WRITE,1031.0,,842125589,5.848094
WRITE,1031.0,,842413570,5.850094
WRITE,1031.0,,842701552,5.852094
WRITE,1031.0,,842989533,5.854094
WRITE,1031.0,,843277515,5.856094
WRITE,1031.0,,843565496,5.858094
WRITE,1031.0,,843853477,5.860094
WRITE,1031.0,,844141459,5.862093
WRITE,1031.0,,844429440,5.864093
WRITE,1031.0,,844717422,5.866093
WRITE,1031.0,,845005403,5.868093
WRITE,1031.0,,845293385,5.870093
WRITE,1031.0,,845581366,5.872093
WRITE,1031.0,,845869347,5.874093
WRITE,1031.0,,846157329,5.876093
WRITE,1031.0,,846445310,5.878092
WRITE,1031.0,,846733292,5.880092
WRITE,1031.0,,847021273,5.882092
WRITE,1031.0,,847309255,5.884092
WRITE,1031.0,,847597236,5.886092
WRITE,1031.0,,847885217,5.888092
WRITE,1031.0,,848173199,5.890092
WRITE,1031.0,,848461180,5.892092
WRITE,1031.0,,848749162,5.894091
WRITE,1031.0,,849037143,5.896091
WRITE,1031.0,,849325124,5.898091
WRITE,1031.0,,849613106,5.900091
WRITE,1031.0,,849901087,5.902091
WRITE,1031.0,,850189069,5.904091
WRITE,1031.0,,850477050,5.906091
WRITE,1031.0,,850765032,5.908091
WRITE,1031.0,,851053013,5.910090
WRITE,1031.0,,851340994,5.912090
WRITE,1031.0,,851628976,5.914090
WRITE,1031.0,,851916957,5.916090
WRITE,1031.0,,852204939,5.918090
WRITE,1031.0,,852492920,5.920090
WRITE,1031.0,,852780902,5.922090
WRITE,1031.0,,853068883,5.924089
WRITE,1031.0,,853356864,5.926089
WRITE,1031.0,,853644846,5.928089
WRITE,1031.0,,853932827,5.930089
WRITE,1031.0,,854220809,5.932089
WRITE,1031.0,,854508790,5.934089
WRITE,1031.0,,854796771,5.936089
WRITE,1031.0,,855084753,5.938089
WRITE,1031.0,,855372734,5.940088
WRITE,1031.0,,855660716,5.942088
WRITE,1031.0,,855948697,5.944088
WRITE,1031.0,,856236679,5.946088
WRITE,1031.0,,856524660,5.948088
WRITE,1031.0,,856812641,5.950088
WRITE,1031.0,,857100623,5.952088
WRITE,1031.0,,857388604,5.954088
WRITE,1031.0,,857676586,5.956087
WRITE,1031.0,,857964567,5.958087
WRITE,1031.0,,858252549,5.960087
WRITE,1031.0,,858540530,5.962087
WRITE,1031.0,,858828511,5.964087
WRITE,1031.0,,859116493,5.966087
WRITE,1031.0,,859404474,5.968087
WRITE,1031.0,,859692456,5.970087
WRITE,1031.0,,859980437,5.972086
WRITE,1031.0,,860268418,5.974086
WRITE,1031.0,,860556400,5.976086
WRITE,1031.0,,860844381,5.978086
WRITE,1031.0,,861132363,5.980086
WRITE,1031.0,,861420344,5.982086
WRITE,1031.0,,861708326,5.984086
WRITE,1031.0,,861996307,5.986085
WRITE,1031.0,,862284288,5.988085
WRITE,1031.0,,862572270,5.990085
WRITE,1031.0,,862860251,5.992085
WRITE,1031.0,,863148233,5.994085
WRITE,1031.0,,863436214,5.996085
WRITE,1031.0,,863724196,5.998085
WRITE,1031.0,,864014787,6.000103
WRITE,1031.0,,864300155,6.002084
WRITE,1031.0,,864588137,6.004084
WRITE,1031.0,,864876118,6.006084
WRITE,1031.0,,865164100,6.008084
WRITE,1031.0,,865452081,6.010084
WRITE,1031.0,,865740063,6.012084
WRITE,1032.0,,866028044,6.014084
WRITE,1033.0,,866316025,6.016084
WRITE,1034.0,,866604007,6.018083
WRITE,1035.0,,866891988,6.020083
WRITE,1036.0,,867179970,6.022083
WRITE,1038.0,,867467951,6.024083
WRITE,1040.0,,867755932,6.026083
WRITE,1041.0,,868043914,6.028083
WRITE,1043.0,,868331895,6.030083
WRITE,1046.0,,868619877,6.032082
WRITE,1048.0,,868907858,6.034082
WRITE,1050.0,,869195840,6.036082
WRITE,1052.0,,869483821,6.038082
WRITE,1055.0,,869771802,6.040082
WRITE,1057.0,,870059784,6.042082
WRITE,1059.0,,870347765,6.044082
WRITE,1061.0,,870635747,6.046082
WRITE,1063.0,,870923728,6.048081
WRITE,1065.0,,871211710,6.050081
WRITE,1067.0,,871499691,6.052081
WRITE,1069.0,,871787672,6.054081
WRITE,1071.0,,872075654,6.056081
WRITE,1073.0,,872363635,6.058081
WRITE,1075.0,,872651617,6.060081
WRITE,1076.0,,872939598,6.062081
WRITE,1078.0,,873227579,6.064080
WRITE,1080.0,,873515561,6.066080
WRITE,1081.0,,873803542,6.068080
WRITE,1082.0,,874091524,6.070080
WRITE,1084.0,,874379505,6.072080
WRITE,1085.0,,874667487,6.074080
WRITE,1086.0,,874955468,6.076080
WRITE,1088.0,,875243449,6.078080
WRITE,1089.0,,875531431,6.080079
WRITE,1090.0,,875819412,6.082079
WRITE,1091.0,,876107394,6.084079
WRITE,1092.0,,876395375,6.086079
WRITE,1093.0,,876683357,6.088079
WRITE,1094.0,,876971338,6.090079
WRITE,1095.0,,877259319,6.092079
WRITE,1096.0,,877547301,6.094078
WRITE,1097.0,,877835282,6.096078
WRITE,1098.0,,878123264,6.098078
WRITE,1099.0,,878411245,6.100078
WRITE,1099.0,,878699226,6.102078
WRITE,1100.0,,878987208,6.104078
WRITE,1101.0,,879275189,6.106078
WRITE,1102.0,,879563171,6.108078
WRITE,1102.0,,879851152,6.110077
WRITE,1103.0,,880139134,6.112077
WRITE,1104.0,,880427115,6.114077
WRITE,1105.0,,880715096,6.116077
WRITE,1105.0,,881003078,6.118077
WRITE,1106.0,,881291059,6.120077
WRITE,1107.0,,881579041,6.122077
WRITE,1108.0,,881867022,6.124077
WRITE,1108.0,,882155004,6.126076
WRITE,1109.0,,882442985,6.128076
WRITE,1110.0,,882730966,6.130076
WRITE,1111.0,,883018948,6.132076
WRITE,1111.0,,883306929,6.134076
WRITE,1112.0,,883594911,6.136076
WRITE,1113.0,,883882892,6.138076
WRITE,1113.0,,884170874,6.140076
WRITE,1114.0,,884458855,6.142075
WRITE,1115.0,,884746836,6.144075
WRITE,1115.0,,885034818,6.146075
WRITE,1116.0,,885322799,6.148075
WRITE,1116.0,,885610781,6.150075
WRITE,1117.0,,885898762,6.152075
WRITE,1117.0,,886186743,6.154075
WRITE,1118.0,,886474725,6.156074
WRITE,1118.0,,886762706,6.158074
WRITE,1118.0,,887050688,6.160074
WRITE,1119.0,,887338669,6.162074
WRITE,1119.0,,887626651,6.164074
WRITE,1120.0,,887914632,6.166074
WRITE,1120.0,,888202613,6.168074
WRITE,1120.0,,888490595,6.170074
WRITE,1121.0,,888778576,6.172073
WRITE,1121.0,,889066558,6.174073
WRITE,1122.0,,889354539,6.176073
WRITE,1122.0,,889642521,6.178073
WRITE,1122.0,,889930502,6.180073
WRITE,1123.0,,890218483,6.182073
WRITE,1123.0,,890506465,6.184073
WRITE,1123.0,,890794446,6.186073
WRITE,1124.0,,891082428,6.188072
WRITE,1124.0,,891370409,6.190072
WRITE,1124.0,,891658390,6.192072
WRITE,1125.0,,891946372,6.194072
WRITE,1125.0,,892234353,6.196072
WRITE,1125.0,,892522335,6.198072
WRITE,1126.0,,892810316,6.200072
WRITE,1126.0,,893098298,6.202072
WRITE,1126.0,,893386279,6.204071
WRITE,1127.0,,893674260,6.206071
WRITE,1127.0,,893962242,6.208071
WRITE,1127.0,,894250223,6.210071
WRITE,1128.0,,894538205,6.212071
WRITE,1128.0,,894826186,6.214071
WRITE,1128.0,,895114168,6.216071
WRITE,1128.0,,895402149,6.218070
WRITE,1128.0,,895690130,6.220070
WRITE,1129.0,,895978112,6.222070
WRITE,1129.0,,896266093,6.224070
WRITE,1129.0,,896554075,6.226070
WRITE,1129.0,,896842056,6.228070
WRITE,1130.0,,897130037,6.230070
WRITE,1130.0,,897418019,6.232070
WRITE,1130.0,,897706000,6.234069
WRITE,1130.0,,897993982,6.236069
WRITE,1130.0,,898281963,6.238069
WRITE,1131.0,,898569945,6.240069
WRITE,1131.0,,898857926,6.242069
WRITE,1131.0,,899145907,6.244069
WRITE,1131.0,,899433889,6.246069
WRITE,1131.0,,899721870,6.248069
WRITE,1131.0,,900009852,6.250068
WRITE,1131.0,,900297833,6.252068
WRITE,1131.0,,900585815,6.254068
WRITE,1131.0,,900873796,6.256068
WRITE,1132.0,,901161777,6.258068
WRITE,1132.0,,901449759,6.260068
WRITE,1132.0,,901737740,6.262068
WRITE,1132.0,,902025722,6.264068
WRITE,1132.0,,902313703,6.266067
WRITE,1132.0,,902601685,6.268067
WRITE,1132.0,,902889666,6.270067
WRITE,1132.0,,903177647,6.272067
WRITE,1132.0,,903465629,6.274067
WRITE,1132.0,,903753610,6.276067
WRITE,1132.0,,904041592,6.278067
WRITE,1132.0,,904329573,6.280066
WRITE,1132.0,,904617554,6.282066
WRITE,1132.0,,904905536,6.284066
WRITE,1133.0,,905193517,6.286066
WRITE,1133.0,,905481499,6.288066
WRITE,1133.0,,905769480,6.290066
WRITE,1133.0,,906057462,6.292066
WRITE,1133.0,,906345443,6.294066
WRITE,1133.0,,906633424,6.296065
WRITE,1133.0,,906921406,6.298065
WRITE,1133.0,,907209387,6.300065
WRITE,1133.0,,907497369,6.302065
WRITE,1133.0,,907785350,6.304065
WRITE,1133.0,,908073332,6.306065
WRITE,1133.0,,908361313,6.308065
WRITE,1133.0,,908649294,6.310065
WRITE,1133.0,,908937276,6.312064
WRITE,1133.0,,909225257,6.314064
WRITE,1133.0,,909513239,6.316064
WRITE,1133.0,,909801220,6.318064
WRITE,1133.0,,910089201,6.320064
WRITE,1133.0,,910377183,6.322064
WRITE,1133.0,,910665164,6.324064
WRITE,1133.0,,910953146,6.326064
WRITE,1133.0,,911241127,6.328063
WRITE,1133.0,,911529109,6.330063
WRITE,1133.0,,911817090,6.332063
WRITE,1133.0,,912105071,6.334063
WRITE,1133.0,,912393053,6.336063
WRITE,1133.0,,912681034,6.338063
WRITE,1133.0,,912969016,6.340063
WRITE,1133.0,,913256997,6.342062
WRITE,1133.0,,913544979,6.344062
WRITE,1133.0,,913832960,6.346062
WRITE,1133.0,,914120941,6.348062
WRITE,1133.0,,914408923,6.350062
WRITE,1133.0,,914696904,6.352062
WRITE,1133.0,,914984886,6.354062
WRITE,1133.0,,915272867,6.356062
WRITE,1133.0,,915560848,6.358061
WRITE,1133.0,,915848830,6.360061
WRITE,1133.0,,916136811,6.362061
WRITE,1133.0,,916424793,6.364061
WRITE,1133.0,,916712774,6.366061
WRITE,1133.0,,917000756,6.368061
WRITE,1133.0,,917288737,6.370061
WRITE,1133.0,,917576718,6.372061
WRITE,1133.0,,917864700,6.374060
WRITE,1133.0,,918152681,6.376060
WRITE,1133.0,,918440663,6.378060
WRITE,1133.0,,918728644,6.380060
WRITE,1133.0,,919016626,6.382060
WRITE,1133.0,,919304607,6.384060
WRITE,1133.0,,919592588,6.386060
WRITE,1133.0,,919880570,6.388060
WRITE,1133.0,,920168551,6.390059
WRITE,1133.0,,920456533,6.392059
WRITE,1133.0,,920744514,6.394059
WRITE,1133.0,,921032496,6.396059
WRITE,1133.0,,921320477,6.398059
WRITE,1133.0,,921608458,6.400059
WRITE,1133.0,,921896440,6.402059
WRITE,1133.0,,922184421,6.404058
WRITE,1133.0,,922472403,6.406058
WRITE,1133.0,,922760384,6.408058
WRITE,1133.0,,923048365,6.410058
WRITE,1133.0,,923336347,6.412058
WRITE,1133.0,,923624328,6.414058
WRITE,1133.0,,923912310,6.416058
WRITE,1133.0,,924200291,6.418058
WRITE,1133.0,,924488273,6.420057
WRITE,1133.0,,924776254,6.422057
WRITE,1133.0,,925064235,6.424057
WRITE,1133.0,,925352217,6.426057
WRITE,1133.0,,925640198,6.428057
WRITE,1133.0,,925928180,6.430057
WRITE,1133.0,,926216161,6.432057
WRITE,1133.0,,926504143,6.434057
WRITE,1133.0,,926792124,6.436056
WRITE,1133.0,,927080105,6.438056
WRITE,1133.0,,927368087,6.440056
WRITE,1133.0,,927656068,6.442056
WRITE,1133.0,,927944050,6.444056
WRITE,1133.0,,928232031,6.446056
WRITE,1133.0,,928520012,6.448056
WRITE,1133.0,,928807994,6.450056
WRITE,1133.0,,929095975,6.452055
WRITE,1133.0,,929383957,6.454055
WRITE,1133.0,,929671938,6.456055
WRITE,1133.0,,929959920,6.458055
WRITE,1133.0,,930247901,6.460055
WRITE,1133.0,,930535882,6.462055
WRITE,1133.0,,930823864,6.464055
WRITE,1133.0,,931111845,6.466054
WRITE,1133.0,,931399827,6.468054
WRITE,1133.0,,931687808,6.470054
WRITE,1133.0,,931975790,6.472054
WRITE,1133.0,,932263771,6.474054
WRITE,1133.0,,932551752,6.476054
WRITE,1133.0,,932839734,6.478054
WRITE,1133.0,,933127715,6.480054
WRITE,1133.0,,933415697,6.482053
WRITE,1133.0,,933703678,6.484053
WRITE,1133.0,,933991659,6.486053
WRITE,1133.0,,934279641,6.488053
WRITE,1133.0,,934567622,6.490053
WRITE,1133.0,,934855604,6.492053
WRITE,1133.0,,935143585,6.494053
WRITE,1133.0,,935431567,6.496053
WRITE,1133.0,,935719548,6.498052
WRITE,1133.0,,936010140,6.500070
WRITE,1133.0,,936295509,6.502052
WRITE,1133.0,,936583490,6.504052
WRITE,1133.0,,936871472,6.506052
WRITE,1133.0,,937159453,6.508052
WRITE,1133.0,,937447435,6.510052
WRITE,1133.0,,937735416,6.512052
WRITE,1134.0,,938023397,6.514051
WRITE,1135.0,,938311379,6.516051
WRITE,1136.0,,938599360,6.518051
WRITE,1138.0,,938887342,6.520051
WRITE,1139.0,,939175323,6.522051
WRITE,1141.0,,939463305,6.524051
WRITE,1143.0,,939751286,6.526051
WRITE,1145.0,,940039267,6.528050
WRITE,1147.0,,940327249,6.530050
WRITE,1149.0,,940615230,6.532050
WRITE,1151.0,,940903212,6.534050
WRITE,1154.0,,941191193,6.536050
WRITE,1156.0,,941479174,6.538050
WRITE,1158.0,,941767156,6.540050
WRITE,1160.0,,942055137,6.542050
WRITE,1163.0,,942343119,6.544049
WRITE,1165.0,,942631100,6.546049
WRITE,1167.0,,942919082,6.548049
WRITE,1169.0,,943207063,6.550049
WRITE,1171.0,,943495044,6.552049
WRITE,1173.0,,943783026,6.554049
WRITE,1175.0,,944071007,6.556049
WRITE,1177.0,,944358989,6.558049
WRITE,1179.0,,944646970,6.560048
WRITE,1181.0,,944934952,6.562048
WRITE,1182.0,,945222933,6.564048
WRITE,1184.0,,945510914,6.566048
WRITE,1185.0,,945798896,6.568048
WRITE,1187.0,,946086877,6.570048
WRITE,1189.0,,946374859,6.572048
WRITE,1190.0,,946662840,6.574048
WRITE,1191.0,,946950821,6.576047
WRITE,1193.0,,947238803,6.578047
WRITE,1194.0,,947526784,6.580047
WRITE,1195.0,,947814766,6.582047
WRITE,1197.0,,948102747,6.584047
WRITE,1198.0,,948390729,6.586047
WRITE,1199.0,,948678710,6.588047
WRITE,1200.0,,948966691,6.590046
WRITE,1201.0,,949254673,6.592046
WRITE,1202.0,,949542654,6.594046
WRITE,1203.0,,949830636,6.596046
WRITE,1204.0,,950118617,6.598046
WRITE,1205.0,,950406599,6.600046
WRITE,1206.0,,950694580,6.602046
WRITE,1207.0,,950982561,6.604046
WRITE,1208.0,,951270543,6.606045
WRITE,1209.0,,951558524,6.608045
WRITE,1210.0,,951846506,6.610045
WRITE,1210.0,,952134487,6.612045
WRITE,1211.0,,952422468,6.614045
WRITE,1212.0,,952710450,6.616045
WRITE,1213.0,,952998431,6.618045
WRITE,1213.0,,953286413,6.620045
WRITE,1214.0,,953574394,6.622044
WRITE,1215.0,,953862376,6.624044
WRITE,1216.0,,954150357,6.626044
WRITE,1216.0,,954438338,6.628044
WRITE,1217.0,,954726320,6.630044
WRITE,1218.0,,955014301,6.632044
WRITE,1219.0,,955302283,6.634044
WRITE,1219.0,,955590264,6.636044
WRITE,1220.0,,955878246,6.638043
WRITE,1221.0,,956166227,6.640043
WRITE,1221.0,,956454208,6.642043
WRITE,1222.0,,956742190,6.644043
WRITE,1223.0,,957030171,6.646043
WRITE,1223.0,,957318153,6.648043
WRITE,1224.0,,957606134,6.650043
WRITE,1224.0,,957894116,6.652042
WRITE,1225.0,,958182097,6.654042
WRITE,1225.0,,958470078,6.656042
WRITE,1226.0,,958758060,6.658042
WRITE,1226.0,,959046041,6.660042
WRITE,1227.0,,959334023,6.662042
WRITE,1227.0,,959622004,6.664042
WRITE,1228.0,,959909985,6.666042
WRITE,1228.0,,960197967,6.668041
WRITE,1229.0,,960485948,6.670041
WRITE,1229.0,,960773930,6.672041
WRITE,1230.0,,961061911,6.674041
WRITE,1230.0,,961349893,6.676041
WRITE,1231.0,,961637874,6.678041
WRITE,1231.0,,961925855,6.680041
WRITE,1231.0,,962213837,6.682041
WRITE,1232.0,,962501818,6.684040
WRITE,1232.0,,962789800,6.686040
WRITE,1233.0,,963077781,6.688040
WRITE,1233.0,,963365763,6.690040
WRITE,1234.0,,963653744,6.692040
WRITE,1234.0,,963941725,6.694040
WRITE,1235.0,,964229707,6.696040
WRITE,1235.0,,964517688,6.698040
WRITE,1236.0,,964805670,6.700039
WRITE,1236.0,,965093651,6.702039
WRITE,1237.0,,965381632,6.704039
WRITE,1237.0,,965669614,6.706039
WRITE,1238.0,,965957595,6.708039
WRITE,1238.0,,966245577,6.710039
WRITE,1238.0,,966533558,6.712039
WRITE,1239.0,,966821540,6.714038
WRITE,1239.0,,967109521,6.716038
WRITE,1239.0,,967397502,6.718038
WRITE,1240.0,,967685484,6.720038
WRITE,1240.0,,967973465,6.722038
WRITE,1240.0,,968261447,6.724038
WRITE,1240.0,,968549428,6.726038
WRITE,1240.0,,968837410,6.728038
WRITE,1241.0,,969125391,6.730037
WRITE,1241.0,,969413372,6.732037
WRITE,1241.0,,969701354,6.734037
WRITE,1241.0,,969989335,6.736037
WRITE,1241.0,,970277317,6.738037
WRITE,1242.0,,970565298,6.740037
WRITE,1242.0,,970853279,6.742037
WRITE,1242.0,,971141261,6.744037
WRITE,1242.0,,971429242,6.746036
WRITE,1242.0,,971717224,6.748036
WRITE,1243.0,,972005205,6.750036
WRITE,1243.0,,972293187,6.752036
WRITE,1243.0,,972581168,6.754036
WRITE,1243.0,,972869149,6.756036
WRITE,1243.0,,973157131,6.758036
WRITE,1244.0,,973445112,6.760036
WRITE,1244.0,,973733094,6.762035
WRITE,1244.0,,974021075,6.764035
WRITE,1244.0,,974309057,6.766035
WRITE,1244.0,,974597038,6.768035
WRITE,1244.0,,974885019,6.770035
WRITE,1244.0,,975173001,6.772035
WRITE,1244.0,,975460982,6.774035
WRITE,1244.0,,975748964,6.776034
WRITE,1243.0,,976036945,6.778034
WRITE,1243.0,,976324927,6.780034
WRITE,1243.0,,976612908,6.782034
WRITE,1243.0,,976900889,6.784034
WRITE,1243.0,,977188871,6.786034
WRITE,1243.0,,977476852,6.788034
WRITE,1243.0,,977764834,6.790034
WRITE,1243.0,,978052815,6.792033
WRITE,1243.0,,978340796,6.794033
WRITE,1243.0,,978628778,6.796033
WRITE,1243.0,,978916759,6.798033
WRITE,1243.0,,979204741,6.800033
WRITE,1243.0,,979492722,6.802033
WRITE,1243.0,,979780704,6.804033
WRITE,1243.0,,980068685,6.806033
WRITE,1243.0,,980356666,6.808032
WRITE,1243.0,,980644648,6.810032
WRITE,1243.0,,980932629,6.812032
WRITE,1243.0,,981220611,6.814032
WRITE,1243.0,,981508592,6.816032
WRITE,1243.0,,981796574,6.818032
WRITE,1243.0,,982084555,6.820032
WRITE,1243.0,,982372536,6.822032
WRITE,1243.0,,982660518,6.824031
WRITE,1243.0,,982948499,6.826031
WRITE,1243.0,,983236481,6.828031
WRITE,1243.0,,983524462,6.830031
WRITE,1243.0,,983812443,6.832031
WRITE,1243.0,,984100425,6.834031
WRITE,1243.0,,984388406,6.836031
WRITE,1243.0,,984676388,6.838030
WRITE,1243.0,,984964369,6.840030
WRITE,1243.0,,985252351,6.842030
WRITE,1243.0,,985540332,6.844030
WRITE,1243.0,,985828313,6.846030
WRITE,1243.0,,986116295,6.848030
WRITE,1243.0,,986404276,6.850030
WRITE,1243.0,,986692258,6.852030
WRITE,1243.0,,986980239,6.854029
WRITE,1243.0,,987268221,6.856029
WRITE,1243.0,,987556202,6.858029
WRITE,1243.0,,987844183,6.860029
WRITE,1243.0,,988132165,6.862029
WRITE,1243.0,,988420146,6.864029
WRITE,1243.0,,988708128,6.866029
WRITE,1243.0,,988996109,6.868029
WRITE,1243.0,,989284090,6.870028
WRITE,1243.0,,989572072,6.872028
WRITE,1243.0,,989860053,6.874028
WRITE,1243.0,,990148035,6.876028
WRITE,1243.0,,990436016,6.878028
WRITE,1243.0,,990723998,6.880028
WRITE,1243.0,,991011979,6.882028
WRITE,1243.0,,991299960,6.884028
WRITE,1243.0,,991587942,6.886027
WRITE,1243.0,,991875923,6.888027
WRITE,1243.0,,992163905,6.890027
WRITE,1243.0,,992451886,6.892027
WRITE,1243.0,,992739868,6.894027
WRITE,1243.0,,993027849,6.896027
WRITE,1243.0,,993315830,6.898027
WRITE,1243.0,,993603812,6.900026
WRITE,1243.0,,993891793,6.902026
WRITE,1243.0,,994179775,6.904026
WRITE,1243.0,,994467756,6.906026
WRITE,1243.0,,994755738,6.908026
WRITE,1243.0,,995043719,6.910026
WRITE,1243.0,,995331700,6.912026
WRITE,1243.0,,995619682,6.914026
WRITE,1243.0,,995907663,6.916025
WRITE,1243.0,,996195645,6.918025
WRITE,1243.0,,996483626,6.920025
WRITE,1243.0,,996771607,6.922025
WRITE,1243.0,,997059589,6.924025
WRITE,1243.0,,997347570,6.926025
WRITE,1243.0,,997635552,6.928025
WRITE,1243.0,,997923533,6.930025
WRITE,1243.0,,998211515,6.932024
WRITE,1243.0,,998499496,6.934024
WRITE,1243.0,,998787477,6.936024
WRITE,1243.0,,999075459,6.938024
WRITE,1243.0,,999363440,6.940024
WRITE,1243.0,,999651422,6.942024
WRITE,1243.0,,999939403,6.944024
WRITE,1243.0,,1000227385,6.946024
WRITE,1243.0,,1000515366,6.948023
WRITE,1243.0,,1000803347,6.950023
WRITE,1243.0,,1001091329,6.952023
WRITE,1243.0,,1001379310,6.954023
WRITE,1243.0,,1001667292,6.956023
WRITE,1243.0,,1001955273,6.958023
WRITE,1243.0,,1002243254,6.960023
WRITE,1243.0,,1002531236,6.962022
WRITE,1243.0,,1002819217,6.964022
WRITE,1243.0,,1003107199,6.966022
WRITE,1243.0,,1003395180,6.968022
WRITE,1243.0,,1003683162,6.970022
WRITE,1243.0,,1003971143,6.972022
WRITE,1243.0,,1004259124,6.974022
WRITE,1243.0,,1004547106,6.976022
WRITE,1243.0,,1004835087,6.978021
WRITE,1243.0,,1005123069,6.980021
WRITE,1243.0,,1005411050,6.982021
WRITE,1243.0,,1005699032,6.984021
WRITE,1243.0,,1005987013,6.986021
WRITE,1243.0,,1006274994,6.988021
WRITE,1243.0,,1006562976,6.990021
WRITE,1243.0,,1006850957,6.992021
WRITE,1243.0,,1007138939,6.994020
WRITE,1243.0,,1007426920,6.996020
WRITE,1243.0,,1007714901,6.998020
WRITE,1243.0,,1008005493,7.000038
WRITE,1243.0,,1008290861,7.002020
WRITE,1243.0,,1008578843,7.004020
WRITE,1243.0,,1008866824,7.006020
WRITE,1243.0,,1009154806,7.008019
WRITE,1243.0,,1009442787,7.010019
WRITE,1243.0,,1009730768,7.012019
WRITE,1244.0,,1010018750,7.014019
WRITE,1244.0,,1010306731,7.016019
WRITE,1245.0,,1010594713,7.018019
WRITE,1246.0,,1010882694,7.020019
WRITE,1248.0,,1011170676,7.022019
WRITE,1249.0,,1011458657,7.024018
WRITE,1251.0,,1011746638,7.026018
WRITE,1253.0,,1012034620,7.028018
WRITE,1255.0,,1012322601,7.030018
WRITE,1257.0,,1012610583,7.032018
WRITE,1259.0,,1012898564,7.034018
WRITE,1261.0,,1013186546,7.036018
WRITE,1263.0,,1013474527,7.038018
WRITE,1265.0,,1013762508,7.040017
WRITE,1268.0,,1014050490,7.042017
WRITE,1270.0,,1014338471,7.044017
WRITE,1272.0,,1014626453,7.046017
WRITE,1274.0,,1014914434,7.048017
WRITE,1276.0,,1015202415,7.050017
WRITE,1279.0,,1015490397,7.052017
WRITE,1281.0,,1015778378,7.054017
WRITE,1283.0,,1016066360,7.056016
WRITE,1284.0,,1016354341,7.058016
WRITE,1286.0,,1016642323,7.060016
WRITE,1288.0,,1016930304,7.062016
WRITE,1290.0,,1017218285,7.064016
WRITE,1291.0,,1017506267,7.066016
WRITE,1293.0,,1017794248,7.068016
WRITE,1294.0,,1018082230,7.070015
WRITE,1296.0,,1018370211,7.072015
WRITE,1297.0,,1018658193,7.074015
WRITE,1299.0,,1018946174,7.076015
WRITE,1300.0,,1019234155,7.078015
WRITE,1301.0,,1019522137,7.080015
WRITE,1303.0,,1019810118,7.082015
WRITE,1304.0,,1020098100,7.084015
WRITE,1305.0,,1020386081,7.086014
WRITE,1306.0,,1020674062,7.088014
WRITE,1307.0,,1020962044,7.090014
WRITE,1308.0,,1021250025,7.092014
WRITE,1309.0,,1021538007,7.094014
WRITE,1310.0,,1021825988,7.096014
WRITE,1311.0,,1022113970,7.098014
WRITE,1312.0,,1022401951,7.100014
WRITE,1313.0,,1022689932,7.102013
WRITE,1314.0,,1022977914,7.104013
WRITE,1315.0,,1023265895,7.106013
WRITE,1316.0,,1023553877,7.108013
WRITE,1317.0,,1023841858,7.110013
WRITE,1318.0,,1024129840,7.112013
WRITE,1319.0,,1024417821,7.114013
WRITE,1319.0,,1024705802,7.116013
WRITE,1320.0,,1024993784,7.118012
WRITE,1321.0,,1025281765,7.120012
WRITE,1322.0,,1025569747,7.122012
WRITE,1323.0,,1025857728,7.124012
WRITE,1323.0,,1026145709,7.126012
WRITE,1324.0,,1026433691,7.128012
WRITE,1324.0,,1026721672,7.130012
WRITE,1325.0,,1027009654,7.132011
WRITE,1326.0,,1027297635,7.134011
WRITE,1326.0,,1027585617,7.136011
WRITE,1327.0,,1027873598,7.138011
WRITE,1327.0,,1028161579,7.140011
WRITE,1328.0,,1028449561,7.142011
WRITE,1328.0,,1028737542,7.144011
WRITE,1329.0,,1029025524,7.146011
WRITE,1330.0,,1029313505,7.148010
WRITE,1330.0,,1029601487,7.150010
WRITE,1331.0,,1029889468,7.152010
WRITE,1331.0,,1030177449,7.154010
WRITE,1332.0,,1030465431,7.156010
WRITE,1332.0,,1030753412,7.158010
WRITE,1333.0,,1031041394,7.160010
WRITE,1333.0,,1031329375,7.162010
WRITE,1334.0,,1031617357,7.164009
WRITE,1334.0,,1031905338,7.166009
WRITE,1334.0,,1032193319,7.168009
WRITE,1335.0,,1032481301,7.170009
WRITE,1335.0,,1032769282,7.172009
WRITE,1336.0,,1033057264,7.174009
WRITE,1336.0,,1033345245,7.176009
WRITE,1337.0,,1033633226,7.178009
WRITE,1337.0,,1033921208,7.180008
WRITE,1337.0,,1034209189,7.182008
WRITE,1338.0,,1034497171,7.184008
WRITE,1338.0,,1034785152,7.186008
WRITE,1338.0,,1035073134,7.188008
WRITE,1339.0,,1035361115,7.190008
WRITE,1339.0,,1035649096,7.192008
WRITE,1340.0,,1035937078,7.194007
WRITE,1340.0,,1036225059,7.196007
WRITE,1340.0,,1036513041,7.198007
WRITE,1341.0,,1036801022,7.200007
WRITE,1341.0,,1037089004,7.202007
WRITE,1342.0,,1037376985,7.204007
WRITE,1342.0,,1037664966,7.206007
WRITE,1342.0,,1037952948,7.208007
WRITE,1343.0,,1038240929,7.210006
WRITE,1343.0,,1038528911,7.212006
WRITE,1343.0,,1038816892,7.214006
WRITE,1344.0,,1039104873,7.216006
WRITE,1344.0,,1039392855,7.218006
WRITE,1344.0,,1039680836,7.220006
WRITE,1344.0,,1039968818,7.222006
WRITE,1345.0,,1040256799,7.224006
WRITE,1345.0,,1040544781,7.226005
WRITE,1345.0,,1040832762,7.228005
WRITE,1345.0,,1041120743,7.230005
WRITE,1346.0,,1041408725,7.232005
WRITE,1346.0,,1041696706,7.234005
WRITE,1346.0,,1041984688,7.236005
WRITE,1347.0,,1042272669,7.238005
WRITE,1347.0,,1042560651,7.240005
WRITE,1347.0,,1042848632,7.242004
WRITE,1347.0,,1043136613,7.244004
WRITE,1347.0,,1043424595,7.246004
WRITE,1348.0,,1043712576,7.248004
WRITE,1348.0,,1044000558,7.250004
WRITE,1348.0,,1044288539,7.252004
WRITE,1348.0,,1044576520,7.254004
WRITE,1349.0,,1044864502,7.256003
WRITE,1349.0,,1045152483,7.258003
WRITE,1349.0,,1045440465,7.260003
WRITE,1349.0,,1045728446,7.262003
WRITE,1349.0,,1046016428,7.264003
WRITE,1349.0,,1046304409,7.266003
WRITE,1349.0,,1046592390,7.268003
WRITE,1349.0,,1046880372,7.270003
WRITE,1349.0,,1047168353,7.272002
WRITE,1349.0,,1047456335,7.274002
WRITE,1349.0,,1047744316,7.276002
WRITE,1349.0,,1048032298,7.278002
WRITE,1349.0,,1048320279,7.280002
WRITE,1349.0,,1048608260,7.282002
WRITE,1349.0,,1048896242,7.284002
WRITE,1349.0,,1049184223,7.286002
WRITE,1349.0,,1049472205,7.288001
WRITE,1349.0,,1049760186,7.290001
WRITE,1349.0,,1050048168,7.292001
WRITE,1349.0,,1050336149,7.294001
WRITE,1349.0,,1050624130,7.296001
WRITE,1349.0,,1050912112,7.298001
WRITE,1349.0,,1051200093,7.300001
WRITE,1349.0,,1051488075,7.302001
WRITE,1349.0,,1051776056,7.304000
WRITE,1349.0,,1052064037,7.306000
WRITE,1349.0,,1052352019,7.308000
WRITE,1349.0,,1052640000,7.310000
WRITE,1349.0,,1052927982,7.312000
WRITE,1349.0,,1053215963,7.314000
WRITE,1349.0,,1053503945,7.316000
WRITE,1349.0,,1053791926,7.317999
WRITE,1349.0,,1054079907,7.319999
WRITE,1349.0,,1054367889,7.321999
WRITE,1349.0,,1054655870,7.323999
WRITE,1349.0,,1054943852,7.325999
WRITE,1349.0,,1055231833,7.327999
WRITE,1349.0,,1055519815,7.329999
WRITE,1349.0,,1055807796,7.331999
WRITE,1349.0,,1056095777,7.333998
WRITE,1349.0,,1056383759,7.335998
WRITE,1349.0,,1056671740,7.337998
WRITE,1349.0,,1056959722,7.339998
WRITE,1349.0,,1057247703,7.341998
WRITE,1349.0,,1057535684,7.343998
WRITE,1349.0,,1057823666,7.345998
WRITE,1349.0,,1058111647,7.347998
WRITE,1349.0,,1058399629,7.349997
WRITE,1349.0,,1058687610,7.351997
WRITE,1349.0,,1058975592,7.353997
WRITE,1349.0,,1059263573,7.355997
WRITE,1349.0,,1059551554,7.357997
WRITE,1349.0,,1059839536,7.359997
WRITE,1349.0,,1060127517,7.361997
WRITE,1349.0,,1060415499,7.363997
WRITE,1349.0,,1060703480,7.365996
WRITE,1349.0,,1060991462,7.367996
WRITE,1349.0,,1061279443,7.369996
WRITE,1349.0,,1061567424,7.371996
WRITE,1349.0,,1061855406,7.373996
WRITE,1349.0,,1062143387,7.375996
WRITE,1349.0,,1062431369,7.377996
WRITE,1349.0,,1062719350,7.379995
WRITE,1349.0,,1063007331,7.381995
WRITE,1349.0,,1063295313,7.383995
WRITE,1349.0,,1063583294,7.385995
WRITE,1349.0,,1063871276,7.387995
WRITE,1349.0,,1064159257,7.389995
WRITE,1349.0,,1064447239,7.391995
WRITE,1349.0,,1064735220,7.393995
WRITE,1349.0,,1065023201,7.395994
WRITE,1349.0,,1065311183,7.397994
WRITE,1349.0,,1065599164,7.399994
WRITE,1349.0,,1065887146,7.401994
WRITE,1349.0,,1066175127,7.403994
WRITE,1349.0,,1066463109,7.405994
WRITE,1349.0,,1066751090,7.407994
WRITE,1349.0,,1067039071,7.409994
WRITE,1349.0,,1067327053,7.411993
WRITE,1349.0,,1067615034,7.413993
WRITE,1349.0,,1067903016,7.415993
WRITE,1349.0,,1068190997,7.417993
WRITE,1349.0,,1068478979,7.419993
WRITE,1349.0,,1068766960,7.421993
WRITE,1349.0,,1069054941,7.423993
WRITE,1349.0,,1069342923,7.425993
WRITE,1349.0,,1069630904,7.427992
WRITE,1349.0,,1069918886,7.429992
WRITE,1349.0,,1070206867,7.431992
WRITE,1349.0,,1070494848,7.433992
WRITE,1349.0,,1070782830,7.435992
WRITE,1349.0,,1071070811,7.437992
WRITE,1349.0,,1071358793,7.439992
WRITE,1349.0,,1071646774,7.441991
WRITE,1349.0,,1071934756,7.443991
WRITE,1349.0,,1072222737,7.445991
WRITE,1349.0,,1072510718,7.447991
WRITE,1349.0,,1072798700,7.449991
WRITE,1349.0,,1073086681,7.451991
WRITE,1349.0,,1073374663,7.453991
WRITE,1349.0,,1073662644,7.455991
WRITE,1349.0,,1073950626,7.457990
WRITE,1349.0,,1074238607,7.459990
WRITE,1349.0,,1074526588,7.461990
WRITE,1349.0,,1074814570,7.463990
WRITE,1349.0,,1075102551,7.465990
WRITE,1349.0,,1075390533,7.467990
WRITE,1349.0,,1075678514,7.469990
WRITE,1349.0,,1075966495,7.471990
WRITE,1349.0,,1076254477,7.473989
WRITE,1349.0,,1076542458,7.475989
WRITE,1349.0,,1076830440,7.477989
WRITE,1349.0,,1077118421,7.479989
WRITE,1349.0,,1077406403,7.481989
WRITE,1349.0,,1077694384,7.483989
WRITE,1349.0,,1077982365,7.485989
WRITE,1349.0,,1078270347,7.487989
WRITE,1349.0,,1078558328,7.489988
WRITE,1349.0,,1078846310,7.491988
WRITE,1349.0,,1079134291,7.493988
WRITE,1349.0,,1079422273,7.495988
WRITE,1349.0,,1079710254,7.497988
WRITE,1349.0,,1080000845,7.500006
WRITE,1349.0,,1080286214,7.501988
WRITE,1349.0,,1080574195,7.503987
WRITE,1349.0,,1080862177,7.505987
WRITE,1349.0,,1081150158,7.507987
WRITE,1349.0,,1081438139,7.509987
WRITE,1349.0,,1081726121,7.511987
WRITE,1350.0,,1082014102,7.513987
WRITE,1351.0,,1082302084,7.515987
WRITE,1352.0,,1082590065,7.517987
WRITE,1353.0,,1082878047,7.519986
WRITE,1355.0,,1083166028,7.521986
WRITE,1356.0,,1083454009,7.523986
WRITE,1358.0,,1083741991,7.525986
WRITE,1360.0,,1084029972,7.527986
WRITE,1362.0,,1084317954,7.529986
WRITE,1364.0,,1084605935,7.531986
WRITE,1366.0,,1084893917,7.533986
WRITE,1368.0,,1085181898,7.535985
WRITE,1371.0,,1085469879,7.537985
WRITE,1373.0,,1085757861,7.539985
WRITE,1375.0,,1086045842,7.541985
WRITE,1377.0,,1086333824,7.543985
WRITE,1379.0,,1086621805,7.545985
WRITE,1381.0,,1086909787,7.547985
WRITE,1383.0,,1087197768,7.549985
WRITE,1385.0,,1087485749,7.551984
WRITE,1387.0,,1087773731,7.553984
WRITE,1389.0,,1088061712,7.555984
WRITE,1391.0,,1088349694,7.557984
WRITE,1393.0,,1088637675,7.559984
WRITE,1395.0,,1088925656,7.561984
WRITE,1396.0,,1089213638,7.563984
WRITE,1398.0,,1089501619,7.565983
WRITE,1399.0,,1089789601,7.567983
WRITE,1401.0,,1090077582,7.569983
WRITE,1402.0,,1090365564,7.571983
WRITE,1404.0,,1090653545,7.573983
WRITE,1405.0,,1090941526,7.575983
WRITE,1406.0,,1091229508,7.577983
WRITE,1407.0,,1091517489,7.579983
WRITE,1408.0,,1091805471,7.581982
WRITE,1410.0,,1092093452,7.583982
WRITE,1411.0,,1092381434,7.585982
WRITE,1412.0,,1092669415,7.587982
WRITE,1413.0,,1092957396,7.589982
WRITE,1414.0,,1093245378,7.591982
WRITE,1415.0,,1093533359,7.593982
WRITE,1416.0,,1093821341,7.595982
WRITE,1417.0,,1094109322,7.597981
WRITE,1418.0,,1094397303,7.599981
WRITE,1419.0,,1094685285,7.601981
WRITE,1420.0,,1094973266,7.603981
WRITE,1421.0,,1095261248,7.605981
WRITE,1422.0,,1095549229,7.607981
WRITE,1423.0,,1095837211,7.609981
WRITE,1424.0,,1096125192,7.611981
WRITE,1424.0,,1096413173,7.613980
WRITE,1425.0,,1096701155,7.615980
WRITE,1426.0,,1096989136,7.617980
WRITE,1427.0,,1097277118,7.619980
WRITE,1428.0,,1097565099,7.621980
WRITE,1428.0,,1097853081,7.623980
WRITE,1429.0,,1098141062,7.625980
WRITE,1430.0,,1098429043,7.627979
WRITE,1430.0,,1098717025,7.629979
WRITE,1431.0,,1099005006,7.631979
WRITE,1431.0,,1099292988,7.633979
WRITE,1432.0,,1099580969,7.635979
WRITE,1432.0,,1099868950,7.637979
WRITE,1433.0,,1100156932,7.639979
WRITE,1433.0,,1100444913,7.641979
WRITE,1434.0,,1100732895,7.643978
WRITE,1434.0,,1101020876,7.645978
WRITE,1435.0,,1101308858,7.647978
WRITE,1435.0,,1101596839,7.649978
WRITE,1436.0,,1101884820,7.651978
WRITE,1437.0,,1102172802,7.653978
WRITE,1437.0,,1102460783,7.655978
WRITE,1438.0,,1102748765,7.657978
WRITE,1438.0,,1103036746,7.659977
WRITE,1438.0,,1103324728,7.661977
WRITE,1439.0,,1103612709,7.663977
WRITE,1439.0,,1103900690,7.665977
WRITE,1440.0,,1104188672,7.667977
WRITE,1440.0,,1104476653,7.669977
WRITE,1441.0,,1104764635,7.671977
WRITE,1441.0,,1105052616,7.673977
WRITE,1442.0,,1105340598,7.675976
WRITE,1442.0,,1105628579,7.677976
WRITE,1443.0,,1105916560,7.679976
WRITE,1443.0,,1106204542,7.681976
WRITE,1444.0,,1106492523,7.683976
WRITE,1444.0,,1106780505,7.685976
WRITE,1445.0,,1107068486,7.687976
WRITE,1445.0,,1107356467,7.689975
WRITE,1445.0,,1107644449,7.691975
WRITE,1446.0,,1107932430,7.693975
WRITE,1446.0,,1108220412,7.695975
WRITE,1447.0,,1108508393,7.697975
WRITE,1447.0,,1108796375,7.699975
WRITE,1448.0,,1109084356,7.701975
WRITE,1448.0,,1109372337,7.703975
WRITE,1448.0,,1109660319,7.705974
WRITE,1449.0,,1109948300,7.707974
WRITE,1449.0,,1110236282,7.709974
WRITE,1450.0,,1110524263,7.711974
WRITE,1450.0,,1110812245,7.713974
WRITE,1450.0,,1111100226,7.715974
WRITE,1451.0,,1111388207,7.717974
WRITE,1451.0,,1111676189,7.719974
WRITE,1452.0,,1111964170,7.721973
WRITE,1452.0,,1112252152,7.723973
WRITE,1452.0,,1112540133,7.725973
WRITE,1452.0,,1112828114,7.727973
WRITE,1453.0,,1113116096,7.729973
WRITE,1453.0,,1113404077,7.731973
WRITE,1453.0,,1113692059,7.733973
WRITE,1453.0,,1113980040,7.735973
WRITE,1454.0,,1114268022,7.737972
WRITE,1454.0,,1114556003,7.739972
WRITE,1454.0,,1114843984,7.741972
WRITE,1454.0,,1115131966,7.743972
WRITE,1454.0,,1115419947,7.745972
WRITE,1454.0,,1115707929,7.747972
WRITE,1454.0,,1115995910,7.749972
WRITE,1454.0,,1116283892,7.751971
WRITE,1454.0,,1116571873,7.753971
WRITE,1454.0,,1116859854,7.755971
WRITE,1454.0,,1117147836,7.757971
WRITE,1454.0,,1117435817,7.759971
WRITE,1454.0,,1117723799,7.761971
WRITE,1454.0,,1118011780,7.763971
WRITE,1454.0,,1118299761,7.765971
WRITE,1454.0,,1118587743,7.767970
WRITE,1454.0,,1118875724,7.769970
WRITE,1454.0,,1119163706,7.771970
WRITE,1454.0,,1119451687,7.773970
WRITE,1454.0,,1119739669,7.775970
WRITE,1454.0,,1120027650,7.777970
WRITE,1454.0,,1120315631,7.779970
WRITE,1454.0,,1120603613,7.781970
WRITE,1454.0,,1120891594,7.783969
WRITE,1454.0,,1121179576,7.785969
WRITE,1454.0,,1121467557,7.787969
WRITE,1454.0,,1121755539,7.789969
WRITE,1454.0,,1122043520,7.791969
WRITE,1454.0,,1122331501,7.793969
WRITE,1454.0,,1122619483,7.795969
WRITE,1454.0,,1122907464,7.797969
WRITE,1454.0,,1123195446,7.799968
WRITE,1454.0,,1123483427,7.801968
WRITE,1454.0,,1123771409,7.803968
WRITE,1454.0,,1124059390,7.805968
WRITE,1454.0,,1124347371,7.807968
WRITE,1454.0,,1124635353,7.809968
WRITE,1454.0,,1124923334,7.811968
WRITE,1454.0,,1125211316,7.813967
WRITE,1454.0,,1125499297,7.815967
WRITE,1454.0,,1125787278,7.817967
WRITE,1454.0,,1126075260,7.819967
WRITE,1454.0,,1126363241,7.821967
WRITE,1454.0,,1126651223,7.823967
WRITE,1454.0,,1126939204,7.825967
WRITE,1454.0,,1127227186,7.827967
WRITE,1454.0,,1127515167,7.829966
WRITE,1454.0,,1127803148,7.831966
WRITE,1454.0,,1128091130,7.833966
WRITE,1454.0,,1128379111,7.835966
WRITE,1454.0,,1128667093,7.837966
WRITE,1454.0,,1128955074,7.839966
WRITE,1454.0,,1129243056,7.841966
WRITE,1454.0,,1129531037,7.843966
WRITE,1454.0,,1129819018,7.845965
WRITE,1454.0,,1130107000,7.847965
WRITE,1454.0,,1130394981,7.849965
WRITE,1454.0,,1130682963,7.851965
WRITE,1454.0,,1130970944,7.853965
WRITE,1454.0,,1131258925,7.855965
WRITE,1454.0,,1131546907,7.857965
WRITE,1454.0,,1131834888,7.859965
WRITE,1454.0,,1132122870,7.861964
WRITE,1454.0,,1132410851,7.863964
WRITE,1454.0,,1132698833,7.865964
WRITE,1454.0,,1132986814,7.867964
WRITE,1454.0,,1133274795,7.869964
WRITE,1454.0,,1133562777,7.871964
WRITE,1454.0,,1133850758,7.873964
WRITE,1454.0,,1134138740,7.875963
WRITE,1454.0,,1134426721,7.877963
WRITE,1454.0,,1134714703,7.879963
WRITE,1454.0,,1135002684,7.881963
WRITE,1454.0,,1135290665,7.883963
WRITE,1454.0,,1135578647,7.885963
WRITE,1454.0,,1135866628,7.887963
WRITE,1454.0,,1136154610,7.889963
WRITE,1454.0,,1136442591,7.891962
WRITE,1454.0,,1136730572,7.893962
WRITE,1454.0,,1137018554,7.895962
WRITE,1454.0,,1137306535,7.897962
WRITE,1454.0,,1137594517,7.899962
WRITE,1454.0,,1137882498,7.901962
WRITE,1454.0,,1138170480,7.903962
WRITE,1454.0,,1138458461,7.905962
WRITE,1454.0,,1138746442,7.907961
WRITE,1454.0,,1139034424,7.909961
WRITE,1454.0,,1139322405,7.911961
WRITE,1454.0,,1139610387,7.913961
WRITE,1454.0,,1139898368,7.915961
WRITE,1454.0,,1140186350,7.917961
WRITE,1454.0,,1140474331,7.919961
WRITE,1454.0,,1140762312,7.921961
WRITE,1454.0,,1141050294,7.923960
WRITE,1454.0,,1141338275,7.925960
WRITE,1454.0,,1141626257,7.927960
WRITE,1454.0,,1141914238,7.929960
WRITE,1454.0,,1142202220,7.931960
WRITE,1454.0,,1142490201,7.933960
WRITE,1454.0,,1142778182,7.935960
WRITE,1454.0,,1143066164,7.937959
WRITE,1454.0,,1143354145,7.939959
WRITE,1454.0,,1143642127,7.941959
WRITE,1454.0,,1143930108,7.943959
WRITE,1454.0,,1144218089,7.945959
WRITE,1454.0,,1144506071,7.947959
WRITE,1454.0,,1144794052,7.949959
WRITE,1454.0,,1145082034,7.951959
WRITE,1454.0,,1145370015,7.953958
WRITE,1454.0,,1145657997,7.955958
WRITE,1454.0,,1145945978,7.957958
WRITE,1454.0,,1146233959,7.959958
WRITE,1454.0,,1146521941,7.961958
WRITE,1454.0,,1146809922,7.963958
WRITE,1454.0,,1147097904,7.965958
WRITE,1454.0,,1147385885,7.967958
WRITE,1454.0,,1147673867,7.969957
WRITE,1454.0,,1147961848,7.971957
WRITE,1454.0,,1148249829,7.973957
WRITE,1454.0,,1148537811,7.975957
WRITE,1454.0,,1148825792,7.977957
WRITE,1454.0,,1149113774,7.979957
WRITE,1454.0,,1149401755,7.981957
WRITE,1454.0,,1149689736,7.983957
WRITE,1454.0,,1149977718,7.985956
WRITE,1454.0,,1150265699,7.987956
WRITE,1454.0,,1150553681,7.989956
WRITE,1454.0,,1150841662,7.991956
WRITE,1454.0,,1151129644,7.993956
WRITE,1454.0,,1151417625,7.995956
WRITE,1454.0,,1151705606,7.997956
WRITE,1454.0,,1151996198,7.999974
WRITE,1454.0,,1152281566,8.001955
WRITE,1454.0,,1152569548,8.003955
WRITE,1454.0,,1152857529,8.005955
WRITE,1454.0,,1153145511,8.007955
WRITE,1454.0,,1153433492,8.009955
WRITE,1454.0,,1153721473,8.011955
WRITE,1454.0,,1154009455,8.013955
WRITE,1455.0,,1154297436,8.015954
WRITE,1456.0,,1154585418,8.017954
WRITE,1457.0,,1154873399,8.019954
WRITE,1458.0,,1155161380,8.021954
WRITE,1460.0,,1155449362,8.023954
WRITE,1461.0,,1155737343,8.025954
WRITE,1463.0,,1156025325,8.027954
WRITE,1465.0,,1156313306,8.029954
WRITE,1467.0,,1156601288,8.031953
WRITE,1469.0,,1156889269,8.033953
WRITE,1471.0,,1157177250,8.035953
WRITE,1474.0,,1157465232,8.037953
WRITE,1476.0,,1157753213,8.039953
WRITE,1478.0,,1158041195,8.041953
WRITE,1480.0,,1158329176,8.043953
WRITE,1482.0,,1158617158,8.045952
WRITE,1484.0,,1158905139,8.047952
WRITE,1486.0,,1159193120,8.049952
WRITE,1488.0,,1159481102,8.051952
WRITE,1491.0,,1159769083,8.053952
WRITE,1492.0,,1160057065,8.055952
WRITE,1494.0,,1160345046,8.057952
WRITE,1496.0,,1160633028,8.059952
WRITE,1498.0,,1160921009,8.061951
WRITE,1500.0,,1161208990,8.063951
WRITE,1501.0,,1161496972,8.065951
WRITE,1503.0,,1161784953,8.067951
WRITE,1504.0,,1162072935,8.069951
WRITE,1506.0,,1162360916,8.071951
WRITE,1507.0,,1162648897,8.073951
WRITE,1509.0,,1162936879,8.075951
WRITE,1510.0,,1163224860,8.077950
WRITE,1511.0,,1163512842,8.079950
WRITE,1513.0,,1163800823,8.081950
WRITE,1514.0,,1164088805,8.083950
WRITE,1515.0,,1164376786,8.085950
WRITE,1516.0,,1164664767,8.087950
WRITE,1517.0,,1164952749,8.089950
WRITE,1518.0,,1165240730,8.091950
WRITE,1519.0,,1165528712,8.093949
WRITE,1520.0,,1165816693,8.095949
WRITE,1521.0,,1166104675,8.097949
WRITE,1522.0,,1166392656,8.099949
WRITE,1523.0,,1166680637,8.101949
WRITE,1524.0,,1166968619,8.103949
WRITE,1525.0,,1167256600,8.105949
WRITE,1526.0,,1167544582,8.107948
WRITE,1527.0,,1167832563,8.109948
WRITE,1528.0,,1168120544,8.111948
WRITE,1529.0,,1168408526,8.113948
WRITE,1530.0,,1168696507,8.115948
WRITE,1530.0,,1168984489,8.117948
WRITE,1531.0,,1169272470,8.119948
WRITE,1532.0,,1169560452,8.121948
WRITE,1533.0,,1169848433,8.123947
WRITE,1534.0,,1170136414,8.125947
WRITE,1535.0,,1170424396,8.127947
WRITE,1535.0,,1170712377,8.129947
WRITE,1536.0,,1171000359,8.131947
WRITE,1537.0,,1171288340,8.133947
WRITE,1537.0,,1171576322,8.135947
WRITE,1538.0,,1171864303,8.137947
WRITE,1539.0,,1172152284,8.139946
WRITE,1539.0,,1172440266,8.141946
WRITE,1540.0,,1172728247,8.143946
WRITE,1541.0,,1173016229,8.145946
WRITE,1541.0,,1173304210,8.147946
WRITE,1542.0,,1173592191,8.149946
WRITE,1543.0,,1173880173,8.151946
WRITE,1543.0,,1174168154,8.153946
WRITE,1544.0,,1174456136,8.155945
WRITE,1544.0,,1174744117,8.157945
WRITE,1545.0,,1175032099,8.159945
WRITE,1545.0,,1175320080,8.161945
WRITE,1546.0,,1175608061,8.163945
WRITE,1546.0,,1175896043,8.165945
WRITE,1547.0,,1176184024,8.167945
WRITE,1547.0,,1176472006,8.169944
WRITE,1547.0,,1176759987,8.171944
WRITE,1548.0,,1177047969,8.173944
WRITE,1548.0,,1177335950,8.175944
WRITE,1549.0,,1177623931,8.177944
WRITE,1549.0,,1177911913,8.179944
WRITE,1549.0,,1178199894,8.181944
WRITE,1550.0,,1178487876,8.183944
WRITE,1550.0,,1178775857,8.185943
WRITE,1551.0,,1179063839,8.187943
WRITE,1551.0,,1179351820,8.189943
WRITE,1551.0,,1179639801,8.191943
WRITE,1552.0,,1179927783,8.193943
WRITE,1552.0,,1180215764,8.195943
WRITE,1552.0,,1180503746,8.197943
WRITE,1553.0,,1180791727,8.199943
WRITE,1553.0,,1181079708,8.201942
WRITE,1553.0,,1181367690,8.203942
WRITE,1554.0,,1181655671,8.205942
WRITE,1554.0,,1181943653,8.207942
WRITE,1555.0,,1182231634,8.209942
WRITE,1555.0,,1182519616,8.211942
WRITE,1555.0,,1182807597,8.213942
WRITE,1555.0,,1183095578,8.215942
WRITE,1555.0,,1183383560,8.217941
WRITE,1556.0,,1183671541,8.219941
WRITE,1556.0,,1183959523,8.221941
WRITE,1556.0,,1184247504,8.223941
WRITE,1557.0,,1184535486,8.225941
WRITE,1557.0,,1184823467,8.227941
WRITE,1557.0,,1185111448,8.229941
WRITE,1557.0,,1185399430,8.231940
WRITE,1558.0,,1185687411,8.233940
WRITE,1558.0,,1185975393,8.235940
WRITE,1558.0,,1186263374,8.237940
WRITE,1559.0,,1186551355,8.239940
WRITE,1559.0,,1186839337,8.241940
WRITE,1559.0,,1187127318,8.243940
WRITE,1559.0,,1187415300,8.245940
WRITE,1559.0,,1187703281,8.247939
WRITE,1560.0,,1187991263,8.249939
WRITE,1560.0,,1188279244,8.251939
WRITE,1560.0,,1188567225,8.253939
WRITE,1560.0,,1188855207,8.255939
WRITE,1561.0,,1189143188,8.257939
WRITE,1561.0,,1189431170,8.259939
WRITE,1561.0,,1189719151,8.261939
WRITE,1561.0,,1190007133,8.263938
WRITE,1562.0,,1190295114,8.265938
WRITE,1562.0,,1190583095,8.267938
WRITE,1562.0,,1190871077,8.269938
WRITE,1562.0,,1191159058,8.271938
WRITE,1562.0,,1191447040,8.273938
WRITE,1563.0,,1191735021,8.275938
WRITE,1563.0,,1192023002,8.277938
WRITE,1563.0,,1192310984,8.279937
WRITE,1563.0,,1192598965,8.281937
WRITE,1563.0,,1192886947,8.283937
WRITE,1563.0,,1193174928,8.285937
WRITE,1563.0,,1193462910,8.287937
WRITE,1563.0,,1193750891,8.289937
WRITE,1563.0,,1194038872,8.291937
WRITE,1563.0,,1194326854,8.293936
WRITE,1563.0,,1194614835,8.295936
WRITE,1563.0,,1194902817,8.297936
WRITE,1563.0,,1195190798,8.299936
WRITE,1563.0,,1195478780,8.301936
WRITE,1563.0,,1195766761,8.303936
WRITE,1563.0,,1196054742,8.305936
WRITE,1563.0,,1196342724,8.307936
WRITE,1563.0,,1196630705,8.309935
WRITE,1563.0,,1196918687,8.311935
WRITE,1563.0,,1197206668,8.313935
WRITE,1563.0,,1197494650,8.315935
WRITE,1563.0,,1197782631,8.317935
WRITE,1563.0,,1198070612,8.319935
WRITE,1563.0,,1198358594,8.321935
WRITE,1563.0,,1198646575,8.323935
WRITE,1563.0,,1198934557,8.325934
WRITE,1563.0,,1199222538,8.327934
WRITE,1563.0,,1199510519,8.329934
WRITE,1563.0,,1199798501,8.331934
WRITE,1563.0,,1200086482,8.333934
WRITE,1563.0,,1200374464,8.335934
WRITE,1563.0,,1200662445,8.337934
WRITE,1563.0,,1200950427,8.339934
WRITE,1563.0,,1201238408,8.341933
WRITE,1563.0,,1201526389,8.343933
WRITE,1563.0,,1201814371,8.345933
WRITE,1563.0,,1202102352,8.347933
WRITE,1563.0,,1202390334,8.349933
WRITE,1563.0,,1202678315,8.351933
WRITE,1563.0,,1202966297,8.353933
WRITE,1563.0,,1203254278,8.355932
WRITE,1563.0,,1203542259,8.357932
WRITE,1563.0,,1203830241,8.359932
WRITE,1563.0,,1204118222,8.361932
WRITE,1563.0,,1204406204,8.363932
WRITE,1563.0,,1204694185,8.365932
WRITE,1563.0,,1204982166,8.367932
WRITE,1563.0,,1205270148,8.369932
WRITE,1563.0,,1205558129,8.371931
WRITE,1563.0,,1205846111,8.373931
WRITE,1563.0,,1206134092,8.375931
WRITE,1563.0,,1206422074,8.377931
WRITE,1563.0,,1206710055,8.379931
WRITE,1563.0,,1206998036,8.381931
WRITE,1563.0,,1207286018,8.383931
WRITE,1563.0,,1207573999,8.385931
WRITE,1563.0,,1207861981,8.387930
WRITE,1563.0,,1208149962,8.389930
WRITE,1563.0,,1208437944,8.391930
WRITE,1563.0,,1208725925,8.393930
WRITE,1563.0,,1209013906,8.395930
WRITE,1563.0,,1209301888,8.397930
WRITE,1563.0,,1209589869,8.399930
WRITE,1563.0,,1209877851,8.401930
WRITE,1563.0,,1210165832,8.403929
WRITE,1563.0,,1210453813,8.405929
WRITE,1563.0,,1210741795,8.407929
WRITE,1563.0,,1211029776,8.409929
WRITE,1563.0,,1211317758,8.411929
WRITE,1563.0,,1211605739,8.413929
WRITE,1563.0,,1211893721,8.415929
WRITE,1563.0,,1212181702,8.417928
WRITE,1563.0,,1212469683,8.419928
WRITE,1563.0,,1212757665,8.421928
WRITE,1563.0,,1213045646,8.423928
WRITE,1563.0,,1213333628,8.425928
WRITE,1563.0,,1213621609,8.427928
WRITE,1563.0,,1213909591,8.429928
WRITE,1563.0,,1214197572,8.431928
WRITE,1563.0,,1214485553,8.433927
WRITE,1563.0,,1214773535,8.435927
WRITE,1563.0,,1215061516,8.437927
WRITE,1563.0,,1215349498,8.439927
WRITE,1563.0,,1215637479,8.441927
WRITE,1563.0,,1215925461,8.443927
WRITE,1563.0,,1216213442,8.445927
WRITE,1563.0,,1216501423,8.447927
WRITE,1563.0,,1216789405,8.449926
WRITE,1563.0,,1217077386,8.451926
WRITE,1563.0,,1217365368,8.453926
WRITE,1563.0,,1217653349,8.455926
WRITE,1563.0,,1217941330,8.457926
WRITE,1563.0,,1218229312,8.459926
WRITE,1563.0,,1218517293,8.461926
WRITE,1563.0,,1218805275,8.463926
WRITE,1563.0,,1219093256,8.465925
WRITE,1563.0,,1219381238,8.467925
WRITE,1563.0,,1219669219,8.469925
WRITE,1563.0,,1219957200,8.471925
WRITE,1563.0,,1220245182,8.473925
WRITE,1563.0,,1220533163,8.475925
WRITE,1563.0,,1220821145,8.477925
WRITE,1563.0,,1221109126,8.479924
WRITE,1563.0,,1221397108,8.481924
WRITE,1563.0,,1221685089,8.483924
WRITE,1563.0,,1221973070,8.485924
WRITE,1563.0,,1222261052,8.487924
WRITE,1563.0,,1222549033,8.489924
WRITE,1563.0,,1222837015,8.491924
WRITE,1563.0,,1223124996,8.493924
WRITE,1563.0,,1223412977,8.495923
WRITE,1563.0,,1223700959,8.497923
WRITE,1563.0,,1223991550,8.499941
WRITE,1563.0,,1224276919,8.501923
WRITE,1563.0,,1224564900,8.503923
WRITE,1563.0,,1224852882,8.505923
WRITE,1563.0,,1225140863,8.507923
WRITE,1563.0,,1225428844,8.509923
WRITE,1564.0,,1225716826,8.511922
WRITE,1564.0,,1226004807,8.513922
WRITE,1565.0,,1226292789,8.515922
WRITE,1566.0,,1226580770,8.517922
WRITE,1568.0,,1226868752,8.519922
WRITE,1569.0,,1227156733,8.521922
WRITE,1571.0,,1227444714,8.523922
WRITE,1572.0,,1227732696,8.525922
WRITE,1574.0,,1228020677,8.527921
WRITE,1576.0,,1228308659,8.529921
WRITE,1578.0,,1228596640,8.531921
WRITE,1580.0,,1228884621,8.533921
WRITE,1582.0,,1229172603,8.535921
WRITE,1584.0,,1229460584,8.537921
WRITE,1587.0,,1229748566,8.539921
WRITE,1589.0,,1230036547,8.541920
WRITE,1591.0,,1230324529,8.543920
WRITE,1593.0,,1230612510,8.545920
WRITE,1595.0,,1230900491,8.547920
WRITE,1597.0,,1231188473,8.549920
WRITE,1599.0,,1231476454,8.551920
WRITE,1601.0,,1231764436,8.553920
WRITE,1603.0,,1232052417,8.555920
WRITE,1605.0,,1232340399,8.557919
WRITE,1607.0,,1232628380,8.559919
WRITE,1608.0,,1232916361,8.561919
WRITE,1610.0,,1233204343,8.563919
WRITE,1611.0,,1233492324,8.565919
WRITE,1613.0,,1233780306,8.567919
WRITE,1614.0,,1234068287,8.569919
WRITE,1616.0,,1234356269,8.571919
WRITE,1617.0,,1234644250,8.573918
WRITE,1618.0,,1234932231,8.575918
WRITE,1620.0,,1235220213,8.577918
WRITE,1621.0,,1235508194,8.579918
WRITE,1622.0,,1235796176,8.581918
WRITE,1623.0,,1236084157,8.583918
WRITE,1624.0,,1236372138,8.585918
WRITE,1625.0,,1236660120,8.587918
WRITE,1626.0,,1236948101,8.589917
WRITE,1627.0,,1237236083,8.591917
WRITE,1628.0,,1237524064,8.593917
WRITE,1629.0,,1237812046,8.595917
WRITE,1630.0,,1238100027,8.597917
WRITE,1631.0,,1238388008,8.599917
WRITE,1632.0,,1238675990,8.601917
WRITE,1633.0,,1238963971,8.603916
WRITE,1633.0,,1239251953,8.605916
WRITE,1634.0,,1239539934,8.607916
WRITE,1635.0,,1239827916,8.609916
WRITE,1636.0,,1240115897,8.611916
WRITE,1637.0,,1240403878,8.613916
WRITE,1637.0,,1240691860,8.615916
WRITE,1638.0,,1240979841,8.617916
WRITE,1639.0,,1241267823,8.619915
WRITE,1639.0,,1241555804,8.621915
WRITE,1640.0,,1241843785,8.623915
WRITE,1640.0,,1242131767,8.625915
WRITE,1641.0,,1242419748,8.627915
WRITE,1642.0,,1242707730,8.629915
WRITE,1642.0,,1242995711,8.631915
WRITE,1643.0,,1243283693,8.633915
WRITE,1643.0,,1243571674,8.635914
WRITE,1644.0,,1243859655,8.637914
WRITE,1644.0,,1244147637,8.639914
WRITE,1645.0,,1244435618,8.641914
WRITE,1645.0,,1244723600,8.643914
WRITE,1646.0,,1245011581,8.645914
WRITE,1646.0,,1245299563,8.647914
WRITE,1647.0,,1245587544,8.649914
WRITE,1647.0,,1245875525,8.651913
WRITE,1648.0,,1246163507,8.653913
WRITE,1649.0,,1246451488,8.655913
WRITE,1649.0,,1246739470,8.657913
WRITE,1650.0,,1247027451,8.659913
WRITE,1650.0,,1247315432,8.661913
WRITE,1651.0,,1247603414,8.663913
WRITE,1652.0,,1247891395,8.665912
WRITE,1652.0,,1248179377,8.667912
WRITE,1653.0,,1248467358,8.669912
WRITE,1653.0,,1248755340,8.671912
WRITE,1654.0,,1249043321,8.673912
WRITE,1654.0,,1249331302,8.675912
WRITE,1655.0,,1249619284,8.677912
WRITE,1655.0,,1249907265,8.679912
WRITE,1655.0,,1250195247,8.681911
WRITE,1656.0,,1250483228,8.683911
WRITE,1656.0,,1250771210,8.685911
WRITE,1657.0,,1251059191,8.687911
WRITE,1657.0,,1251347172,8.689911
WRITE,1657.0,,1251635154,8.691911
WRITE,1658.0,,1251923135,8.693911
WRITE,1658.0,,1252211117,8.695911
WRITE,1659.0,,1252499098,8.697910
WRITE,1659.0,,1252787080,8.699910
WRITE,1659.0,,1253075061,8.701910
WRITE,1660.0,,1253363042,8.703910
WRITE,1660.0,,1253651024,8.705910
WRITE,1660.0,,1253939005,8.707910
WRITE,1661.0,,1254226987,8.709910
WRITE,1661.0,,1254514968,8.711910
WRITE,1661.0,,1254802949,8.713909
WRITE,1661.0,,1255090931,8.715909
WRITE,1662.0,,1255378912,8.717909
WRITE,1662.0,,1255666894,8.719909
WRITE,1662.0,,1255954875,8.721909
WRITE,1662.0,,1256242857,8.723909
WRITE,1662.0,,1256530838,8.725909
WRITE,1662.0,,1256818819,8.727908
WRITE,1662.0,,1257106801,8.729908
WRITE,1662.0,,1257394782,8.731908
WRITE,1662.0,,1257682764,8.733908
WRITE,1662.0,,1257970745,8.735908
WRITE,1663.0,,1258258727,8.737908
WRITE,1663.0,,1258546708,8.739908
WRITE,1663.0,,1258834689,8.741908
WRITE,1663.0,,1259122671,8.743907
WRITE,1664.0,,1259410652,8.745907
WRITE,1664.0,,1259698634,8.747907
WRITE,1664.0,,1259986615,8.749907
WRITE,1664.0,,1260274596,8.751907
WRITE,1664.0,,1260562578,8.753907
WRITE,1665.0,,1260850559,8.755907
WRITE,1665.0,,1261138541,8.757907
WRITE,1665.0,,1261426522,8.759906
WRITE,1665.0,,1261714504,8.761906
WRITE,1666.0,,1262002485,8.763906
WRITE,1666.0,,1262290466,8.765906
WRITE,1666.0,,1262578448,8.767906
WRITE,1666.0,,1262866429,8.769906
WRITE,1666.0,,1263154411,8.771906
WRITE,1666.0,,1263442392,8.773906
WRITE,1666.0,,1263730374,8.775905
WRITE,1666.0,,1264018355,8.777905
WRITE,1667.0,,1264306336,8.779905
WRITE,1667.0,,1264594318,8.781905
WRITE,1667.0,,1264882299,8.783905
WRITE,1667.0,,1265170281,8.785905
WRITE,1667.0,,1265458262,8.787905
WRITE,1667.0,,1265746243,8.789904
WRITE,1667.0,,1266034225,8.791904
WRITE,1667.0,,1266322206,8.793904
WRITE,1667.0,,1266610188,8.795904
WRITE,1667.0,,1266898169,8.797904
WRITE,1667.0,,1267186151,8.799904
WRITE,1667.0,,1267474132,8.801904
WRITE,1667.0,,1267762113,8.803904
WRITE,1667.0,,1268050095,8.805903
WRITE,1667.0,,1268338076,8.807903
WRITE,1667.0,,1268626058,8.809903
WRITE,1667.0,,1268914039,8.811903
WRITE,1667.0,,1269202021,8.813903
WRITE,1667.0,,1269490002,8.815903
WRITE,1667.0,,1269777983,8.817903
WRITE,1667.0,,1270065965,8.819903
WRITE,1667.0,,1270353946,8.821902
WRITE,1667.0,,1270641928,8.823902
WRITE,1667.0,,1270929909,8.825902
WRITE,1667.0,,1271217891,8.827902
WRITE,1667.0,,1271505872,8.829902
WRITE,1667.0,,1271793853,8.831902
WRITE,1667.0,,1272081835,8.833902
WRITE,1667.0,,1272369816,8.835902
WRITE,1667.0,,1272657798,8.837901
WRITE,1667.0,,1272945779,8.839901
WRITE,1667.0,,1273233760,8.841901
WRITE,1667.0,,1273521742,8.843901
WRITE,1667.0,,1273809723,8.845901
WRITE,1667.0,,1274097705,8.847901
WRITE,1667.0,,1274385686,8.849901
WRITE,1667.0,,1274673668,8.851900
WRITE,1667.0,,1274961649,8.853900
WRITE,1667.0,,1275249630,8.855900
WRITE,1667.0,,1275537612,8.857900
WRITE,1667.0,,1275825593,8.859900
WRITE,1667.0,,1276113575,8.861900
WRITE,1667.0,,1276401556,8.863900
WRITE,1667.0,,1276689538,8.865900
WRITE,1667.0,,1276977519,8.867899
WRITE,1667.0,,1277265500,8.869899
WRITE,1667.0,,1277553482,8.871899
WRITE,1667.0,,1277841463,8.873899
WRITE,1667.0,,1278129445,8.875899
WRITE,1667.0,,1278417426,8.877899
WRITE,1667.0,,1278705407,8.879899
WRITE,1667.0,,1278993389,8.881899
WRITE,1667.0,,1279281370,8.883898
WRITE,1667.0,,1279569352,8.885898
WRITE,1667.0,,1279857333,8.887898
WRITE,1667.0,,1280145315,8.889898
WRITE,1667.0,,1280433296,8.891898
WRITE,1667.0,,1280721277,8.893898
WRITE,1667.0,,1281009259,8.895898
WRITE,1667.0,,1281297240,8.897898
WRITE,1667.0,,1281585222,8.899897
WRITE,1667.0,,1281873203,8.901897
WRITE,1667.0,,1282161185,8.903897
WRITE,1667.0,,1282449166,8.905897
WRITE,1667.0,,1282737147,8.907897
WRITE,1667.0,,1283025129,8.909897
WRITE,1667.0,,1283313110,8.911897
WRITE,1667.0,,1283601092,8.913896
WRITE,1667.0,,1283889073,8.915896
WRITE,1667.0,,1284177054,8.917896
WRITE,1667.0,,1284465036,8.919896
WRITE,1667.0,,1284753017,8.921896
WRITE,1667.0,,1285040999,8.923896
WRITE,1667.0,,1285328980,8.925896
WRITE,1667.0,,1285616962,8.927896
WRITE,1667.0,,1285904943,8.929895
WRITE,1667.0,,1286192924,8.931895
WRITE,1667.0,,1286480906,8.933895
WRITE,1667.0,,1286768887,8.935895
WRITE,1667.0,,1287056869,8.937895
WRITE,1667.0,,1287344850,8.939895
WRITE,1667.0,,1287632832,8.941895
WRITE,1667.0,,1287920813,8.943895
WRITE,1667.0,,1288208794,8.945894
WRITE,1667.0,,1288496776,8.947894
WRITE,1667.0,,1288784757,8.949894
WRITE,1667.0,,1289072739,8.951894
WRITE,1667.0,,1289360720,8.953894
WRITE,1667.0,,1289648702,8.955894
WRITE,1667.0,,1289936683,8.957894
WRITE,1667.0,,1290224664,8.959894
WRITE,1667.0,,1290512646,8.961893
WRITE,1667.0,,1290800627,8.963893
WRITE,1667.0,,1291088609,8.965893
WRITE,1667.0,,1291376590,8.967893
WRITE,1667.0,,1291664571,8.969893
WRITE,1667.0,,1291952553,8.971893
WRITE,1667.0,,1292240534,8.973893
WRITE,1667.0,,1292528516,8.975892
WRITE,1667.0,,1292816497,8.977892
WRITE,1667.0,,1293104479,8.979892
WRITE,1667.0,,1293392460,8.981892
WRITE,1667.0,,1293680441,8.983892
WRITE,1667.0,,1293968423,8.985892
WRITE,1667.0,,1294256404,8.987892
WRITE,1667.0,,1294544386,8.989892
WRITE,1667.0,,1294832367,8.991891
WRITE,1667.0,,1295120349,8.993891
WRITE,1667.0,,1295408330,8.995891
WRITE,1667.0,,1295696311,8.997891
WRITE,1667.0,,1295986903,8.999909
WRITE,1667.0,,1296272271,9.001891
WRITE,1667.0,,1296560253,9.003891
WRITE,1667.0,,1296848234,9.005891
WRITE,1667.0,,1297136215,9.007890
WRITE,1667.0,,1297424197,9.009890
WRITE,1667.0,,1297712178,9.011890
WRITE,1667.0,,1298000160,9.013890
WRITE,1668.0,,1298288141,9.015890
WRITE,1669.0,,1298576123,9.017890
WRITE,1670.0,,1298864104,9.019890
WRITE,1671.0,,1299152085,9.021889
WRITE,1673.0,,1299440067,9.023889
WRITE,1674.0,,1299728048,9.025889
WRITE,1676.0,,1300016030,9.027889
WRITE,1678.0,,1300304011,9.029889
WRITE,1680.0,,1300591993,9.031889
WRITE,1682.0,,1300879974,9.033889
WRITE,1684.0,,1301167955,9.035889
WRITE,1686.0,,1301455937,9.037888
WRITE,1689.0,,1301743918,9.039888
WRITE,1691.0,,1302031900,9.041888
WRITE,1693.0,,1302319881,9.043888
WRITE,1695.0,,1302607862,9.045888
WRITE,1697.0,,1302895844,9.047888
WRITE,1699.0,,1303183825,9.049888
WRITE,1702.0,,1303471807,9.051888
WRITE,1704.0,,1303759788,9.053887
WRITE,1706.0,,1304047770,9.055887
WRITE,1707.0,,1304335751,9.057887
WRITE,1709.0,,1304623732,9.059887
WRITE,1711.0,,1304911714,9.061887
WRITE,1713.0,,1305199695,9.063887
WRITE,1714.0,,1305487677,9.065887
WRITE,1716.0,,1305775658,9.067887
WRITE,1717.0,,1306063640,9.069886
WRITE,1719.0,,1306351621,9.071886
WRITE,1720.0,,1306639602,9.073886
WRITE,1722.0,,1306927584,9.075886
WRITE,1723.0,,1307215565,9.077886
WRITE,1724.0,,1307503547,9.079886
WRITE,1725.0,,1307791528,9.081886
WRITE,1726.0,,1308079510,9.083885
WRITE,1728.0,,1308367491,9.085885
WRITE,1729.0,,1308655472,9.087885
WRITE,1730.0,,1308943454,9.089885
WRITE,1731.0,,1309231435,9.091885
WRITE,1732.0,,1309519417,9.093885
WRITE,1733.0,,1309807398,9.095885
WRITE,1734.0,,1310095379,9.097885
WRITE,1735.0,,1310383361,9.099884
WRITE,1736.0,,1310671342,9.101884
WRITE,1737.0,,1310959324,9.103884
WRITE,1738.0,,1311247305,9.105884
WRITE,1739.0,,1311535287,9.107884
WRITE,1740.0,,1311823268,9.109884
WRITE,1741.0,,1312111249,9.111884
WRITE,1741.0,,1312399231,9.113884
WRITE,1742.0,,1312687212,9.115883
WRITE,1743.0,,1312975194,9.117883
WRITE,1744.0,,1313263175,9.119883
WRITE,1744.0,,1313551157,9.121883
WRITE,1745.0,,1313839138,9.123883
WRITE,1746.0,,1314127119,9.125883
WRITE,1747.0,,1314415101,9.127883
WRITE,1747.0,,1314703082,9.129883
WRITE,1748.0,,1314991064,9.131882
WRITE,1749.0,,1315279045,9.133882
WRITE,1749.0,,1315567026,9.135882
WRITE,1750.0,,1315855008,9.137882
WRITE,1751.0,,1316142989,9.139882
WRITE,1751.0,,1316430971,9.141882
WRITE,1752.0,,1316718952,9.143882
WRITE,1752.0,,1317006934,9.145881
WRITE,1753.0,,1317294915,9.147881
WRITE,1754.0,,1317582896,9.149881
WRITE,1754.0,,1317870878,9.151881
WRITE,1755.0,,1318158859,9.153881
WRITE,1755.0,,1318446841,9.155881
WRITE,1756.0,,1318734822,9.157881
WRITE,1756.0,,1319022804,9.159881
WRITE,1757.0,,1319310785,9.161880
WRITE,1757.0,,1319598766,9.163880
WRITE,1758.0,,1319886748,9.165880
WRITE,1758.0,,1320174729,9.167880
WRITE,1758.0,,1320462711,9.169880
WRITE,1759.0,,1320750692,9.171880
WRITE,1759.0,,1321038673,9.173880
WRITE,1760.0,,1321326655,9.175880
WRITE,1760.0,,1321614636,9.177879
WRITE,1761.0,,1321902618,9.179879
WRITE,1761.0,,1322190599,9.181879
WRITE,1762.0,,1322478581,9.183879
WRITE,1762.0,,1322766562,9.185879
WRITE,1763.0,,1323054543,9.187879
WRITE,1763.0,,1323342525,9.189879
WRITE,1764.0,,1323630506,9.191879
WRITE,1764.0,,1323918488,9.193878
WRITE,1765.0,,1324206469,9.195878
WRITE,1765.0,,1324494451,9.197878
WRITE,1766.0,,1324782432,9.199878
WRITE,1766.0,,1325070413,9.201878
WRITE,1767.0,,1325358395,9.203878
WRITE,1767.0,,1325646376,9.205878
WRITE,1767.0,,1325934358,9.207877
WRITE,1768.0,,1326222339,9.209877
WRITE,1768.0,,1326510321,9.211877
WRITE,1768.0,,1326798302,9.213877
WRITE,1768.0,,1327086283,9.215877
WRITE,1769.0,,1327374265,9.217877
WRITE,1769.0,,1327662246,9.219877
WRITE,1769.0,,1327950228,9.221877
WRITE,1770.0,,1328238209,9.223876
WRITE,1770.0,,1328526190,9.225876
WRITE,1770.0,,1328814172,9.227876
WRITE,1771.0,,1329102153,9.229876
WRITE,1771.0,,1329390135,9.231876
WRITE,1771.0,,1329678116,9.233876
WRITE,1771.0,,1329966098,9.235876
WRITE,1772.0,,1330254079,9.237876
WRITE,1772.0,,1330542060,9.239875
WRITE,1772.0,,1330830042,9.241875
WRITE,1772.0,,1331118023,9.243875
WRITE,1773.0,,1331406005,9.245875
WRITE,1773.0,,1331693986,9.247875
WRITE,1773.0,,1331981968,9.249875
WRITE,1774.0,,1332269949,9.251875
WRITE,1774.0,,1332557930,9.253875
WRITE,1774.0,,1332845912,9.255874
WRITE,1774.0,,1333133893,9.257874
WRITE,1774.0,,1333421875,9.259874
WRITE,1775.0,,1333709856,9.261874
WRITE,1775.0,,1333997837,9.263874
WRITE,1775.0,,1334285819,9.265874
WRITE,1775.0,,1334573800,9.267874
WRITE,1775.0,,1334861782,9.269873
WRITE,1775.0,,1335149763,9.271873
WRITE,1775.0,,1335437745,9.273873
WRITE,1775.0,,1335725726,9.275873
WRITE,1775.0,,1336013707,9.277873
WRITE,1775.0,,1336301689,9.279873
WRITE,1775.0,,1336589670,9.281873
WRITE,1775.0,,1336877652,9.283873
WRITE,1775.0,,1337165633,9.285872
WRITE,1775.0,,1337453615,9.287872
WRITE,1775.0,,1337741596,9.289872
WRITE,1775.0,,1338029577,9.291872
WRITE,1775.0,,1338317559,9.293872
WRITE,1775.0,,1338605540,9.295872
WRITE,1775.0,,1338893522,9.297872
WRITE,1775.0,,1339181503,9.299872
WRITE,1775.0,,1339469484,9.301871
WRITE,1775.0,,1339757466,9.303871
WRITE,1775.0,,1340045447,9.305871
WRITE,1775.0,,1340333429,9.307871
WRITE,1775.0,,1340621410,9.309871
WRITE,1775.0,,1340909392,9.311871
WRITE,1775.0,,1341197373,9.313871
WRITE,1775.0,,1341485354,9.315871
WRITE,1775.0,,1341773336,9.317870
WRITE,1775.0,,1342061317,9.319870
WRITE,1775.0,,1342349299,9.321870
WRITE,1775.0,,1342637280,9.323870
WRITE,1775.0,,1342925262,9.325870
WRITE,1775.0,,1343213243,9.327870
WRITE,1775.0,,1343501224,9.329870
WRITE,1775.0,,1343789206,9.331869
WRITE,1775.0,,1344077187,9.333869
WRITE,1775.0,,1344365169,9.335869
WRITE,1775.0,,1344653150,9.337869
WRITE,1775.0,,1344941132,9.339869
WRITE,1775.0,,1345229113,9.341869
WRITE,1775.0,,1345517094,9.343869
WRITE,1775.0,,1345805076,9.345869
WRITE,1775.0,,1346093057,9.347868
WRITE,1775.0,,1346381039,9.349868
WRITE,1775.0,,1346669020,9.351868
WRITE,1775.0,,1346957001,9.353868
WRITE,1775.0,,1347244983,9.355868
WRITE,1775.0,,1347532964,9.357868
WRITE,1775.0,,1347820946,9.359868
WRITE,1775.0,,1348108927,9.361868
WRITE,1775.0,,1348396909,9.363867
WRITE,1775.0,,1348684890,9.365867
WRITE,1775.0,,1348972871,9.367867
WRITE,1775.0,,1349260853,9.369867
WRITE,1775.0,,1349548834,9.371867
WRITE,1775.0,,1349836816,9.373867
WRITE,1775.0,,1350124797,9.375867
WRITE,1775.0,,1350412779,9.377867
WRITE,1775.0,,1350700760,9.379866
WRITE,1775.0,,1350988741,9.381866
WRITE,1775.0,,1351276723,9.383866
WRITE,1775.0,,1351564704,9.385866
WRITE,1775.0,,1351852686,9.387866
WRITE,1775.0,,1352140667,9.389866
WRITE,1775.0,,1352428648,9.391866
WRITE,1775.0,,1352716630,9.393865
WRITE,1775.0,,1353004611,9.395865
WRITE,1775.0,,1353292593,9.397865
WRITE,1775.0,,1353580574,9.399865
WRITE,1775.0,,1353868556,9.401865
WRITE,1775.0,,1354156537,9.403865
WRITE,1775.0,,1354444518,9.405865
WRITE,1775.0,,1354732500,9.407865
WRITE,1775.0,,1355020481,9.409864
WRITE,1775.0,,1355308463,9.411864
WRITE,1775.0,,1355596444,9.413864
WRITE,1775.0,,1355884426,9.415864
WRITE,1775.0,,1356172407,9.417864
WRITE,1775.0,,1356460388,9.419864
WRITE,1775.0,,1356748370,9.421864
WRITE,1775.0,,1357036351,9.423864
WRITE,1775.0,,1357324333,9.425863
WRITE,1775.0,,1357612314,9.427863
WRITE,1775.0,,1357900295,9.429863
WRITE,1775.0,,1358188277,9.431863
WRITE,1775.0,,1358476258,9.433863
WRITE,1775.0,,1358764240,9.435863
WRITE,1775.0,,1359052221,9.437863
WRITE,1775.0,,1359340203,9.439863
WRITE,1775.0,,1359628184,9.441862
WRITE,1775.0,,1359916165,9.443862
WRITE,1775.0,,1360204147,9.445862
WRITE,1775.0,,1360492128,9.447862
WRITE,1775.0,,1360780110,9.449862
WRITE,1775.0,,1361068091,9.451862
WRITE,1775.0,,1361356073,9.453862
WRITE,1775.0,,1361644054,9.455861
WRITE,1775.0,,1361932035,9.457861
WRITE,1775.0,,1362220017,9.459861
WRITE,1775.0,,1362507998,9.461861
WRITE,1775.0,,1362795980,9.463861
WRITE,1775.0,,1363083961,9.465861
WRITE,1775.0,,1363371943,9.467861
WRITE,1775.0,,1363659924,9.469861
WRITE,1775.0,,1363947905,9.471860
WRITE,1775.0,,1364235887,9.473860
WRITE,1775.0,,1364523868,9.475860
WRITE,1775.0,,1364811850,9.477860
WRITE,1775.0,,1365099831,9.479860
WRITE,1775.0,,1365387812,9.481860
WRITE,1775.0,,1365675794,9.483860
WRITE,1775.0,,1365963775,9.485860
WRITE,1775.0,,1366251757,9.487859
WRITE,1775.0,,1366539738,9.489859
WRITE,1775.0,,1366827720,9.491859
WRITE,1775.0,,1367115701,9.493859
WRITE,1775.0,,1367403682,9.495859
WRITE,1775.0,,1367691664,9.497859
WRITE,1775.0,,1367982255,9.499877
WRITE,1775.0,,1368267624,9.501859
WRITE,1775.0,,1368555605,9.503858
WRITE,1775.0,,1368843587,9.505858
WRITE,1775.0,,1369131568,9.507858
WRITE,1775.0,,1369419549,9.509858
WRITE,1776.0,,1369707531,9.511858
WRITE,1777.0,,1369995512,9.513858
WRITE,1778.0,,1370283494,9.515858
WRITE,1779.0,,1370571475,9.517857
WRITE,1780.0,,1370859456,9.519857
WRITE,1782.0,,1371147438,9.521857
WRITE,1784.0,,1371435419,9.523857
WRITE,1785.0,,1371723401,9.525857
WRITE,1787.0,,1372011382,9.527857
WRITE,1790.0,,1372299364,9.529857
WRITE,1792.0,,1372587345,9.531857
WRITE,1794.0,,1372875326,9.533856
WRITE,1796.0,,1373163308,9.535856
WRITE,1798.0,,1373451289,9.537856
WRITE,1800.0,,1373739271,9.539856
WRITE,1803.0,,1374027252,9.541856
WRITE,1805.0,,1374315234,9.543856
WRITE,1807.0,,1374603215,9.545856
WRITE,1809.0,,1374891196,9.547856
WRITE,1811.0,,1375179178,9.549855
WRITE,1813.0,,1375467159,9.551855
WRITE,1815.0,,1375755141,9.553855
WRITE,1817.0,,1376043122,9.555855
WRITE,1818.0,,1376331103,9.557855
WRITE,1820.0,,1376619085,9.559855
WRITE,1822.0,,1376907066,9.561855
WRITE,1823.0,,1377195048,9.563855
WRITE,1825.0,,1377483029,9.565854
WRITE,1826.0,,1377771011,9.567854
WRITE,1827.0,,1378058992,9.569854
WRITE,1829.0,,1378346973,9.571854
WRITE,1830.0,,1378634955,9.573854
WRITE,1831.0,,1378922936,9.575854
WRITE,1833.0,,1379210918,9.577854
WRITE,1834.0,,1379498899,9.579853
WRITE,1835.0,,1379786881,9.581853
WRITE,1836.0,,1380074862,9.583853
WRITE,1837.0,,1380362843,9.585853
WRITE,1838.0,,1380650825,9.587853
WRITE,1839.0,,1380938806,9.589853
WRITE,1840.0,,1381226788,9.591853
WRITE,1841.0,,1381514769,9.593853
WRITE,1842.0,,1381802751,9.595852
WRITE,1843.0,,1382090732,9.597852
WRITE,1844.0,,1382378713,9.599852
WRITE,1845.0,,1382666695,9.601852
WRITE,1846.0,,1382954676,9.603852
WRITE,1847.0,,1383242658,9.605852
WRITE,1848.0,,1383530639,9.607852
WRITE,1849.0,,1383818620,9.609852
WRITE,1850.0,,1384106602,9.611851
WRITE,1851.0,,1384394583,9.613851
WRITE,1851.0,,1384682565,9.615851
WRITE,1852.0,,1384970546,9.617851
WRITE,1853.0,,1385258528,9.619851
WRITE,1854.0,,1385546509,9.621851
WRITE,1855.0,,1385834490,9.623851
WRITE,1855.0,,1386122472,9.625851
WRITE,1856.0,,1386410453,9.627850
WRITE,1856.0,,1386698435,9.629850
WRITE,1857.0,,1386986416,9.631850
WRITE,1858.0,,1387274398,9.633850
WRITE,1858.0,,1387562379,9.635850
WRITE,1859.0,,1387850360,9.637850
WRITE,1860.0,,1388138342,9.639850
WRITE,1860.0,,1388426323,9.641849
WRITE,1861.0,,1388714305,9.643849
WRITE,1861.0,,1389002286,9.645849
WRITE,1862.0,,1389290267,9.647849
WRITE,1862.0,,1389578249,9.649849
WRITE,1863.0,,1389866230,9.651849
WRITE,1863.0,,1390154212,9.653849
WRITE,1864.0,,1390442193,9.655849
WRITE,1864.0,,1390730175,9.657848
WRITE,1865.0,,1391018156,9.659848
WRITE,1865.0,,1391306137,9.661848
WRITE,1866.0,,1391594119,9.663848
WRITE,1866.0,,1391882100,9.665848
WRITE,1867.0,,1392170082,9.667848
WRITE,1867.0,,1392458063,9.669848
WRITE,1868.0,,1392746045,9.671848
WRITE,1868.0,,1393034026,9.673847
WRITE,1869.0,,1393322007,9.675847
WRITE,1869.0,,1393609989,9.677847
WRITE,1870.0,,1393897970,9.679847
WRITE,1871.0,,1394185952,9.681847
WRITE,1871.0,,1394473933,9.683847
WRITE,1871.0,,1394761914,9.685847
WRITE,1872.0,,1395049896,9.687847
WRITE,1872.0,,1395337877,9.689846
WRITE,1872.0,,1395625859,9.691846
WRITE,1873.0,,1395913840,9.693846
WRITE,1873.0,,1396201822,9.695846
WRITE,1873.0,,1396489803,9.697846
WRITE,1874.0,,1396777784,9.699846
WRITE,1874.0,,1397065766,9.701846
WRITE,1874.0,,1397353747,9.703845
WRITE,1874.0,,1397641729,9.705845
WRITE,1875.0,,1397929710,9.707845
WRITE,1875.0,,1398217692,9.709845
WRITE,1875.0,,1398505673,9.711845
WRITE,1875.0,,1398793654,9.713845
WRITE,1875.0,,1399081636,9.715845
WRITE,1875.0,,1399369617,9.717845
WRITE,1875.0,,1399657599,9.719844
WRITE,1875.0,,1399945580,9.721844
WRITE,1876.0,,1400233562,9.723844
WRITE,1876.0,,1400521543,9.725844
WRITE,1876.0,,1400809524,9.727844
WRITE,1876.0,,1401097506,9.729844
WRITE,1877.0,,1401385487,9.731844
WRITE,1877.0,,1401673469,9.733844
WRITE,1877.0,,1401961450,9.735843
WRITE,1877.0,,1402249431,9.737843
WRITE,1878.0,,1402537413,9.739843
WRITE,1878.0,,1402825394,9.741843
WRITE,1878.0,,1403113376,9.743843
WRITE,1878.0,,1403401357,9.745843
WRITE,1878.0,,1403689339,9.747843
WRITE,1879.0,,1403977320,9.749843
WRITE,1879.0,,1404265301,9.751842
WRITE,1879.0,,1404553283,9.753842
WRITE,1879.0,,1404841264,9.755842
WRITE,1879.0,,1405129246,9.757842
WRITE,1879.0,,1405417227,9.759842
WRITE,1879.0,,1405705209,9.761842
WRITE,1879.0,,1405993190,9.763842
WRITE,1879.0,,1406281171,9.765841
WRITE,1879.0,,1406569153,9.767841
WRITE,1879.0,,1406857134,9.769841
WRITE,1879.0,,1407145116,9.771841
WRITE,1879.0,,1407433097,9.773841
WRITE,1878.0,,1407721078,9.775841
WRITE,1878.0,,1408009060,9.777841
WRITE,1878.0,,1408297041,9.779841
WRITE,1878.0,,1408585023,9.781840
WRITE,1878.0,,1408873004,9.783840
WRITE,1878.0,,1409160986,9.785840
WRITE,1878.0,,1409448967,9.787840
WRITE,1878.0,,1409736948,9.789840
WRITE,1878.0,,1410024930,9.791840
WRITE,1878.0,,1410312911,9.793840
WRITE,1878.0,,1410600893,9.795840
WRITE,1878.0,,1410888874,9.797839
WRITE,1878.0,,1411176856,9.799839
WRITE,1878.0,,1411464837,9.801839
WRITE,1878.0,,1411752818,9.803839
WRITE,1878.0,,1412040800,9.805839
WRITE,1878.0,,1412328781,9.807839
WRITE,1878.0,,1412616763,9.809839
WRITE,1878.0,,1412904744,9.811839
WRITE,1878.0,,1413192725,9.813838
WRITE,1878.0,,1413480707,9.815838
WRITE,1878.0,,1413768688,9.817838
WRITE,1878.0,,1414056670,9.819838
WRITE,1878.0,,1414344651,9.821838
WRITE,1878.0,,1414632633,9.823838
WRITE,1878.0,,1414920614,9.825838
WRITE,1878.0,,1415208595,9.827837
WRITE,1878.0,,1415496577,9.829837
WRITE,1878.0,,1415784558,9.831837
WRITE,1878.0,,1416072540,9.833837
WRITE,1878.0,,1416360521,9.835837
WRITE,1878.0,,1416648503,9.837837
WRITE,1878.0,,1416936484,9.839837
WRITE,1878.0,,1417224465,9.841837
WRITE,1878.0,,1417512447,9.843836
WRITE,1878.0,,1417800428,9.845836
WRITE,1878.0,,1418088410,9.847836
WRITE,1878.0,,1418376391,9.849836
WRITE,1878.0,,1418664373,9.851836
WRITE,1878.0,,1418952354,9.853836
WRITE,1878.0,,1419240335,9.855836
WRITE,1878.0,,1419528317,9.857836
WRITE,1878.0,,1419816298,9.859835
WRITE,1878.0,,1420104280,9.861835
WRITE,1878.0,,1420392261,9.863835
WRITE,1878.0,,1420680242,9.865835
WRITE,1878.0,,1420968224,9.867835
WRITE,1878.0,,1421256205,9.869835
WRITE,1878.0,,1421544187,9.871835
WRITE,1878.0,,1421832168,9.873835
WRITE,1878.0,,1422120150,9.875834
WRITE,1878.0,,1422408131,9.877834
WRITE,1878.0,,1422696112,9.879834
WRITE,1878.0,,1422984094,9.881834
WRITE,1878.0,,1423272075,9.883834
WRITE,1878.0,,1423560057,9.885834
WRITE,1878.0,,1423848038,9.887834
WRITE,1878.0,,1424136020,9.889833
WRITE,1878.0,,1424424001,9.891833
WRITE,1878.0,,1424711982,9.893833
WRITE,1878.0,,1424999964,9.895833
WRITE,1878.0,,1425287945,9.897833
WRITE,1878.0,,1425575927,9.899833
WRITE,1878.0,,1425863908,9.901833
WRITE,1878.0,,1426151889,9.903833
WRITE,1878.0,,1426439871,9.905832
WRITE,1878.0,,1426727852,9.907832
WRITE,1878.0,,1427015834,9.909832
WRITE,1878.0,,1427303815,9.911832
WRITE,1878.0,,1427591797,9.913832
WRITE,1878.0,,1427879778,9.915832
WRITE,1878.0,,1428167759,9.917832
WRITE,1878.0,,1428455741,9.919832
WRITE,1878.0,,1428743722,9.921831
WRITE,1878.0,,1429031704,9.923831
WRITE,1878.0,,1429319685,9.925831
WRITE,1878.0,,1429607667,9.927831
WRITE,1878.0,,1429895648,9.929831
WRITE,1878.0,,1430183629,9.931831
WRITE,1878.0,,1430471611,9.933831
WRITE,1878.0,,1430759592,9.935831
WRITE,1878.0,,1431047574,9.937830
WRITE,1878.0,,1431335555,9.939830
WRITE,1878.0,,1431623536,9.941830
WRITE,1878.0,,1431911518,9.943830
WRITE,1878.0,,1432199499,9.945830
WRITE,1878.0,,1432487481,9.947830
WRITE,1878.0,,1432775462,9.949830
WRITE,1878.0,,1433063444,9.951829
WRITE,1878.0,,1433351425,9.953829
WRITE,1878.0,,1433639406,9.955829
WRITE,1878.0,,1433927388,9.957829
WRITE,1878.0,,1434215369,9.959829
WRITE,1878.0,,1434503351,9.961829
WRITE,1878.0,,1434791332,9.963829
WRITE,1878.0,,1435079314,9.965829
WRITE,1878.0,,1435367295,9.967828
WRITE,1878.0,,1435655276,9.969828
WRITE,1878.0,,1435943258,9.971828
WRITE,1878.0,,1436231239,9.973828
WRITE,1878.0,,1436519221,9.975828
WRITE,1878.0,,1436807202,9.977828
WRITE,1878.0,,1437095184,9.979828
WRITE,1878.0,,1437383165,9.981828
WRITE,1878.0,,1437671146,9.983827
WRITE,1878.0,,1437959128,9.985827
WRITE,1878.0,,1438247109,9.987827
WRITE,1878.0,,1438535091,9.989827
WRITE,1878.0,,1438823072,9.991827
WRITE,1878.0,,1439111053,9.993827
WRITE,1878.0,,1439399035,9.995827
WRITE,1878.0,,1439687016,9.997827
WRITE,1878.0,,1439977622,9.999845
WRITE,1878.0,,1440262976,10.001826
WRITE,1878.0,,1440550958,10.003826
WRITE,1878.0,,1440838939,10.005826
WRITE,1878.0,,1441126920,10.007826
WRITE,1878.0,,1441414902,10.009826
WRITE,1877.0,,1441702883,10.011826
WRITE,1876.0,,1441990865,10.013825
WRITE,1875.0,,1442278846,10.015825
WRITE,1874.0,,1442566828,10.017825
WRITE,1873.0,,1442854809,10.019825
WRITE,1872.0,,1443142790,10.021825
WRITE,1870.0,,1443430772,10.023825
WRITE,1869.0,,1443718753,10.025825
WRITE,1867.0,,1444006735,10.027825
WRITE,1865.0,,1444294716,10.029824
WRITE,1863.0,,1444582697,10.031824
WRITE,1861.0,,1444870679,10.033824
WRITE,1859.0,,1445158660,10.035824
WRITE,1857.0,,1445446642,10.037824
WRITE,1854.0,,1445734623,10.039824
WRITE,1852.0,,1446022605,10.041824
WRITE,1849.0,,1446310586,10.043824
WRITE,1847.0,,1446598567,10.045823
WRITE,1844.0,,1446886549,10.047823
WRITE,1841.0,,1447174530,10.049823
WRITE,1838.0,,1447462512,10.051823
WRITE,1835.0,,1447750493,10.053823
WRITE,1832.0,,1448038475,10.055823
WRITE,1828.0,,1448326456,10.057823
WRITE,1825.0,,1448614437,10.059822
WRITE,1822.0,,1448902419,10.061822
WRITE,1818.0,,1449190400,10.063822
WRITE,1814.0,,1449478382,10.065822
WRITE,1811.0,,1449766363,10.067822
WRITE,1807.0,,1450054344,10.069822
WRITE,1803.0,,1450342326,10.071822
WRITE,1799.0,,1450630307,10.073822
WRITE,1795.0,,1450918289,10.075821
WRITE,1790.0,,1451206270,10.077821
WRITE,1786.0,,1451494252,10.079821
WRITE,1782.0,,1451782233,10.081821
WRITE,1777.0,,1452070214,10.083821
WRITE,1773.0,,1452358196,10.085821
WRITE,1768.0,,1452646177,10.087821
WRITE,1763.0,,1452934159,10.089821
WRITE,1758.0,,1453222140,10.091820
WRITE,1754.0,,1453510122,10.093820
WRITE,1749.0,,1453798103,10.095820
WRITE,1744.0,,1454086084,10.097820
WRITE,1739.0,,1454374066,10.099820
WRITE,1734.0,,1454662047,10.101820
WRITE,1729.0,,1454950029,10.103820
WRITE,1724.0,,1455238010,10.105820
WRITE,1719.0,,1455525992,10.107819
WRITE,1714.0,,1455813973,10.109819
WRITE,1709.0,,1456101954,10.111819
WRITE,1704.0,,1456389936,10.113819
WRITE,1699.0,,1456677917,10.115819
WRITE,1694.0,,1456965899,10.117819
WRITE,1689.0,,1457253880,10.119819
WRITE,1684.0,,1457541861,10.121818
WRITE,1679.0,,1457829843,10.123818
WRITE,1674.0,,1458117824,10.125818
WRITE,1669.0,,1458405806,10.127818
WRITE,1663.0,,1458693787,10.129818
WRITE,1658.0,,1458981769,10.131818
WRITE,1653.0,,1459269750,10.133818
WRITE,1648.0,,1459557731,10.135818
WRITE,1643.0,,1459845713,10.137817
WRITE,1637.0,,1460133694,10.139817
WRITE,1632.0,,1460421676,10.141817
WRITE,1627.0,,1460709657,10.143817
WRITE,1622.0,,1460997639,10.145817
WRITE,1616.0,,1461285620,10.147817
WRITE,1611.0,,1461573601,10.149817
WRITE,1606.0,,1461861583,10.151817
WRITE,1601.0,,1462149564,10.153816
WRITE,1596.0,,1462437546,10.155816
WRITE,1591.0,,1462725527,10.157816
WRITE,1586.0,,1463013508,10.159816
WRITE,1580.0,,1463301490,10.161816
WRITE,1575.0,,1463589471,10.163816
WRITE,1570.0,,1463877453,10.165816
WRITE,1565.0,,1464165434,10.167816
WRITE,1560.0,,1464453416,10.169815
WRITE,1555.0,,1464741397,10.171815
WRITE,1550.0,,1465029378,10.173815
WRITE,1544.0,,1465317360,10.175815
WRITE,1539.0,,1465605341,10.177815
WRITE,1534.0,,1465893323,10.179815
WRITE,1529.0,,1466181304,10.181815
WRITE,1523.0,,1466469286,10.183814
WRITE,1518.0,,1466757267,10.185814
WRITE,1513.0,,1467045248,10.187814
WRITE,1508.0,,1467333230,10.189814
WRITE,1502.0,,1467621211,10.191814
WRITE,1497.0,,1467909193,10.193814
WRITE,1492.0,,1468197174,10.195814
WRITE,1487.0,,1468485155,10.197814
WRITE,1482.0,,1468773137,10.199813
WRITE,1477.0,,1469061118,10.201813
WRITE,1471.0,,1469349100,10.203813
WRITE,1466.0,,1469637081,10.205813
WRITE,1461.0,,1469925063,10.207813
WRITE,1456.0,,1470213044,10.209813
WRITE,1451.0,,1470501025,10.211813
WRITE,1446.0,,1470789007,10.213813
WRITE,1441.0,,1471076988,10.215812
WRITE,1435.0,,1471364970,10.217812
WRITE,1430.0,,1471652951,10.219812
WRITE,1425.0,,1471940933,10.221812
WRITE,1420.0,,1472228914,10.223812
WRITE,1414.0,,1472516895,10.225812
WRITE,1409.0,,1472804877,10.227812
WRITE,1404.0,,1473092858,10.229812
WRITE,1399.0,,1473380840,10.231811
WRITE,1393.0,,1473668821,10.233811
WRITE,1388.0,,1473956803,10.235811
WRITE,1383.0,,1474244784,10.237811
WRITE,1378.0,,1474532765,10.239811
WRITE,1373.0,,1474820747,10.241811
WRITE,1368.0,,1475108728,10.243811
WRITE,1363.0,,1475396710,10.245810
WRITE,1357.0,,1475684691,10.247810
WRITE,1352.0,,1475972672,10.249810
WRITE,1347.0,,1476260654,10.251810
WRITE,1342.0,,1476548635,10.253810
WRITE,1336.0,,1476836617,10.255810
WRITE,1331.0,,1477124598,10.257810
WRITE,1326.0,,1477412580,10.259810
WRITE,1321.0,,1477700561,10.261809
WRITE,1316.0,,1477988542,10.263809
WRITE,1310.0,,1478276524,10.265809
WRITE,1305.0,,1478564505,10.267809
WRITE,1300.0,,1478852487,10.269809
WRITE,1294.0,,1479140468,10.271809
WRITE,1289.0,,1479428450,10.273809
WRITE,1284.0,,1479716431,10.275809
WRITE,1279.0,,1480004412,10.277808
WRITE,1273.0,,1480292394,10.279808
WRITE,1268.0,,1480580375,10.281808
WRITE,1263.0,,1480868357,10.283808
WRITE,1258.0,,1481156338,10.285808
WRITE,1253.0,,1481444319,10.287808
WRITE,1248.0,,1481732301,10.289808
WRITE,1243.0,,1482020282,10.291808
WRITE,1237.0,,1482308264,10.293807
WRITE,1232.0,,1482596245,10.295807
WRITE,1227.0,,1482884227,10.297807
WRITE,1222.0,,1483172208,10.299807
WRITE,1217.0,,1483460189,10.301807
WRITE,1211.0,,1483748171,10.303807
WRITE,1206.0,,1484036152,10.305807
WRITE,1201.0,,1484324134,10.307806
WRITE,1196.0,,1484612115,10.309806
WRITE,1191.0,,1484900097,10.311806
WRITE,1185.0,,1485188078,10.313806
WRITE,1180.0,,1485476059,10.315806
WRITE,1175.0,,1485764041,10.317806
WRITE,1170.0,,1486052022,10.319806
WRITE,1165.0,,1486340004,10.321806
WRITE,1159.0,,1486627985,10.323805
WRITE,1154.0,,1486915966,10.325805
WRITE,1149.0,,1487203948,10.327805
WRITE,1144.0,,1487491929,10.329805
WRITE,1138.0,,1487779911,10.331805
WRITE,1133.0,,1488067892,10.333805
WRITE,1128.0,,1488355874,10.335805
WRITE,1123.0,,1488643855,10.337805
WRITE,1118.0,,1488931836,10.339804
WRITE,1113.0,,1489219818,10.341804
WRITE,1107.0,,1489507799,10.343804
WRITE,1102.0,,1489795781,10.345804
WRITE,1097.0,,1490083762,10.347804
WRITE,1092.0,,1490371744,10.349804
WRITE,1087.0,,1490659725,10.351804
WRITE,1082.0,,1490947706,10.353804
WRITE,1076.0,,1491235688,10.355803
WRITE,1071.0,,1491523669,10.357803
WRITE,1066.0,,1491811651,10.359803
WRITE,1060.0,,1492099632,10.361803
WRITE,1055.0,,1492387614,10.363803
WRITE,1050.0,,1492675595,10.365803
WRITE,1045.0,,1492963576,10.367803
WRITE,1040.0,,1493251558,10.369802
WRITE,1034.0,,1493539539,10.371802
WRITE,1029.0,,1493827521,10.373802
WRITE,1024.0,,1494115502,10.375802
WRITE,1019.0,,1494403483,10.377802
WRITE,1014.0,,1494691465,10.379802
WRITE,1008.0,,1494979446,10.381802
WRITE,1003.0,,1495267428,10.383802
WRITE,998.0,,1495555409,10.385801
WRITE,992.0,,1495843391,10.387801
WRITE,987.0,,1496131372,10.389801
WRITE,982.0,,1496419353,10.391801
WRITE,977.0,,1496707335,10.393801
WRITE,972.0,,1496995316,10.395801
WRITE,967.0,,1497283298,10.397801
WRITE,961.0,,1497571279,10.399801
WRITE,956.0,,1497859261,10.401800
WRITE,951.0,,1498147242,10.403800
WRITE,946.0,,1498435223,10.405800
WRITE,940.0,,1498723205,10.407800
WRITE,935.0,,1499011186,10.409800
WRITE,930.0,,1499299168,10.411800
WRITE,925.0,,1499587149,10.413800
WRITE,919.0,,1499875130,10.415800
WRITE,914.0,,1500163112,10.417799
WRITE,909.0,,1500451093,10.419799
WRITE,904.0,,1500739075,10.421799
WRITE,899.0,,1501027056,10.423799
WRITE,893.0,,1501315038,10.425799
WRITE,888.0,,1501603019,10.427799
WRITE,883.0,,1501891000,10.429799
WRITE,878.0,,1502178982,10.431798
WRITE,873.0,,1502466963,10.433798
WRITE,867.0,,1502754945,10.435798
WRITE,862.0,,1503042926,10.437798
WRITE,857.0,,1503330908,10.439798
WRITE,852.0,,1503618889,10.441798
WRITE,847.0,,1503906870,10.443798
WRITE,841.0,,1504194852,10.445798
WRITE,836.0,,1504482833,10.447797
WRITE,831.0,,1504770815,10.449797
WRITE,825.0,,1505058796,10.451797
WRITE,820.0,,1505346777,10.453797
WRITE,815.0,,1505634759,10.455797
WRITE,810.0,,1505922740,10.457797
WRITE,804.0,,1506210722,10.459797
WRITE,799.0,,1506498703,10.461797
WRITE,794.0,,1506786685,10.463796
WRITE,789.0,,1507074666,10.465796
WRITE,783.0,,1507362647,10.467796
WRITE,778.0,,1507650629,10.469796
WRITE,773.0,,1507938610,10.471796
WRITE,768.0,,1508226592,10.473796
WRITE,763.0,,1508514573,10.475796
WRITE,758.0,,1508802555,10.477796
WRITE,752.0,,1509090536,10.479795
WRITE,747.0,,1509378517,10.481795
WRITE,742.0,,1509666499,10.483795
WRITE,737.0,,1509954480,10.485795
WRITE,732.0,,1510242462,10.487795
WRITE,726.0,,1510530443,10.489795
WRITE,721.0,,1510818425,10.491795
WRITE,716.0,,1511106406,10.493794
WRITE,711.0,,1511394387,10.495794
WRITE,705.0,,1511682369,10.497794
WRITE,700.0,,1511972854,10.499811
WRITE,695.0,,1512258329,10.501794
WRITE,690.0,,1512546310,10.503794
WRITE,684.0,,1512834291,10.505794
WRITE,679.0,,1513122273,10.507794
WRITE,674.0,,1513410254,10.509793
WRITE,669.0,,1513698236,10.511793
WRITE,664.0,,1513986217,10.513793
WRITE,658.0,,1514274199,10.515793
WRITE,653.0,,1514562180,10.517793
WRITE,648.0,,1514850161,10.519793
WRITE,643.0,,1515138143,10.521793
WRITE,638.0,,1515426124,10.523793
WRITE,632.0,,1515714106,10.525792
WRITE,627.0,,1516002087,10.527792
WRITE,622.0,,1516290069,10.529792
WRITE,617.0,,1516578050,10.531792
WRITE,611.0,,1516866031,10.533792
WRITE,606.0,,1517154013,10.535792
WRITE,601.0,,1517441994,10.537792
WRITE,595.0,,1517729976,10.539792
WRITE,590.0,,1518017957,10.541791
WRITE,585.0,,1518305938,10.543791
WRITE,579.0,,1518593920,10.545791
WRITE,574.0,,1518881901,10.547791
WRITE,569.0,,1519169883,10.549791
WRITE,564.0,,1519457864,10.551791
WRITE,558.0,,1519745846,10.553791
WRITE,553.0,,1520033827,10.555790
WRITE,548.0,,1520321808,10.557790
WRITE,543.0,,1520609790,10.559790
WRITE,538.0,,1520897771,10.561790
WRITE,532.0,,1521185753,10.563790
WRITE,527.0,,1521473734,10.565790
WRITE,522.0,,1521761716,10.567790
WRITE,517.0,,1522049697,10.569790
WRITE,512.0,,1522337678,10.571789
WRITE,506.0,,1522625660,10.573789
WRITE,501.0,,1522913641,10.575789
WRITE,496.0,,1523201623,10.577789
WRITE,491.0,,1523489604,10.579789
WRITE,485.0,,1523777585,10.581789
WRITE,480.0,,1524065567,10.583789
WRITE,475.0,,1524353548,10.585789
WRITE,469.0,,1524641530,10.587788
WRITE,464.0,,1524929511,10.589788
WRITE,459.0,,1525217493,10.591788
WRITE,453.0,,1525505474,10.593788
WRITE,448.0,,1525793455,10.595788
WRITE,443.0,,1526081437,10.597788
WRITE,438.0,,1526369418,10.599788
WRITE,432.0,,1526657400,10.601788
WRITE,427.0,,1526945381,10.603787
WRITE,422.0,,1527233363,10.605787
WRITE,417.0,,1527521344,10.607787
WRITE,412.0,,1527809325,10.609787
WRITE,406.0,,1528097307,10.611787
WRITE,401.0,,1528385288,10.613787
WRITE,396.0,,1528673270,10.615787
WRITE,391.0,,1528961251,10.617786
WRITE,386.0,,1529249233,10.619786
WRITE,380.0,,1529537214,10.621786
WRITE,375.0,,1529825195,10.623786
WRITE,370.0,,1530113177,10.625786
WRITE,364.0,,1530401158,10.627786
WRITE,359.0,,1530689140,10.629786
WRITE,354.0,,1530977121,10.631786
WRITE,348.0,,1531265102,10.633785
WRITE,343.0,,1531553084,10.635785
WRITE,338.0,,1531841065,10.637785
WRITE,333.0,,1532129047,10.639785
WRITE,327.0,,1532417028,10.641785
WRITE,322.0,,1532705010,10.643785
WRITE,317.0,,1532992991,10.645785
WRITE,312.0,,1533280972,10.647785
WRITE,306.0,,1533568954,10.649784
WRITE,301.0,,1533856935,10.651784
WRITE,296.0,,1534144917,10.653784
WRITE,291.0,,1534432898,10.655784
WRITE,285.0,,1534720880,10.657784
WRITE,280.0,,1535008861,10.659784
WRITE,275.0,,1535296842,10.661784
WRITE,270.0,,1535584824,10.663784
WRITE,264.0,,1535872805,10.665783
WRITE,259.0,,1536160787,10.667783
WRITE,254.0,,1536448768,10.669783
WRITE,248.0,,1536736749,10.671783
WRITE,243.0,,1537024731,10.673783
WRITE,238.0,,1537312712,10.675783
WRITE,232.0,,1537600694,10.677783
WRITE,227.0,,1537888675,10.679782
WRITE,221.0,,1538176657,10.681782
WRITE,216.0,,1538464638,10.683782
WRITE,211.0,,1538752619,10.685782
WRITE,206.0,,1539040601,10.687782
WRITE,201.0,,1539328582,10.689782
WRITE,196.0,,1539616564,10.691782
WRITE,191.0,,1539904545,10.693782
WRITE,186.0,,1540192527,10.695781
WRITE,181.0,,1540480508,10.697781
WRITE,176.0,,1540768489,10.699781
WRITE,171.0,,1541056471,10.701781
WRITE,166.0,,1541344452,10.703781
WRITE,162.0,,1541632434,10.705781
WRITE,157.0,,1541920415,10.707781
WRITE,152.0,,1542208396,10.709781
WRITE,148.0,,1542496378,10.711780
WRITE,143.0,,1542784359,10.713780
WRITE,139.0,,1543072341,10.715780
WRITE,135.0,,1543360322,10.717780
WRITE,131.0,,1543648304,10.719780
WRITE,126.0,,1543936285,10.721780
WRITE,122.0,,1544224266,10.723780
WRITE,118.0,,1544512248,10.725780
WRITE,114.0,,1544800229,10.727779
WRITE,110.0,,1545088211,10.729779
WRITE,107.0,,1545376192,10.731779
WRITE,103.0,,1545664174,10.733779
WRITE,99.0,,1545952155,10.735779
WRITE,96.0,,1546240136,10.737779
WRITE,92.0,,1546528118,10.739779
WRITE,89.0,,1546816099,10.741778
WRITE,86.0,,1547104081,10.743778
WRITE,83.0,,1547392062,10.745778
WRITE,80.0,,1547680044,10.747778
WRITE,77.0,,1547968025,10.749778
WRITE,75.0,,1548256006,10.751778
WRITE,72.0,,1548543988,10.753778
WRITE,69.0,,1548831969,10.755778
WRITE,67.0,,1549119951,10.757777
WRITE,65.0,,1549407932,10.759777
WRITE,62.0,,1549695913,10.761777
WRITE,60.0,,1549983895,10.763777
WRITE,58.0,,1550271876,10.765777
WRITE,56.0,,1550559858,10.767777
WRITE,54.0,,1550847839,10.769777
WRITE,52.0,,1551135821,10.771777
WRITE,50.0,,1551423802,10.773776
WRITE,48.0,,1551711783,10.775776
WRITE,47.0,,1551999765,10.777776
WRITE,45.0,,1552287746,10.779776
WRITE,44.0,,1552575728,10.781776
WRITE,43.0,,1552863709,10.783776
WRITE,41.0,,1553151691,10.785776
WRITE,40.0,,1553439672,10.787776
WRITE,38.0,,1553727653,10.789775
WRITE,37.0,,1554015635,10.791775
WRITE,36.0,,1554303616,10.793775
WRITE,35.0,,1554591598,10.795775
WRITE,34.0,,1554879579,10.797775
WRITE,32.0,,1555167560,10.799775
WRITE,31.0,,1555455542,10.801775
WRITE,30.0,,1555743523,10.803774
WRITE,29.0,,1556031505,10.805774
WRITE,28.0,,1556319486,10.807774
WRITE,28.0,,1556607468,10.809774
WRITE,27.0,,1556895449,10.811774
WRITE,26.0,,1557183430,10.813774
WRITE,25.0,,1557471412,10.815774
WRITE,24.0,,1557759393,10.817774
WRITE,23.0,,1558047375,10.819773
WRITE,23.0,,1558335356,10.821773
WRITE,22.0,,1558623338,10.823773
WRITE,21.0,,1558911319,10.825773
WRITE,21.0,,1559199300,10.827773
WRITE,20.0,,1559487282,10.829773
WRITE,19.0,,1559775263,10.831773
WRITE,19.0,,1560063245,10.833773
WRITE,18.0,,1560351226,10.835772
WRITE,18.0,,1560639207,10.837772
WRITE,17.0,,1560927189,10.839772
WRITE,16.0,,1561215170,10.841772
WRITE,16.0,,1561503152,10.843772
WRITE,15.0,,1561791133,10.845772
WRITE,15.0,,1562079115,10.847772
WRITE,14.0,,1562367096,10.849772
WRITE,14.0,,1562655077,10.851771
WRITE,13.0,,1562943059,10.853771
WRITE,13.0,,1563231040,10.855771
WRITE,12.0,,1563519022,10.857771
WRITE,12.0,,1563807003,10.859771
WRITE,12.0,,1564094985,10.861771
WRITE,11.0,,1564382966,10.863771
WRITE,11.0,,1564670947,10.865770
WRITE,11.0,,1564958929,10.867770
WRITE,10.0,,1565246910,10.869770
WRITE,10.0,,1565534892,10.871770
WRITE,10.0,,1565822873,10.873770
WRITE,9.0,,1566110855,10.875770
WRITE,9.0,,1566398836,10.877770
WRITE,8.0,,1566686817,10.879770
WRITE,8.0,,1566974799,10.881769
WRITE,8.0,,1567262780,10.883769
WRITE,7.0,,1567550762,10.885769
WRITE,7.0,,1567838743,10.887769
WRITE,7.0,,1568126724,10.889769
WRITE,7.0,,1568414706,10.891769
WRITE,6.0,,1568702687,10.893769
WRITE,6.0,,1568990669,10.895769
WRITE,6.0,,1569278650,10.897768
WRITE,5.0,,1569566632,10.899768
WRITE,5.0,,1569854613,10.901768
WRITE,5.0,,1570142594,10.903768
WRITE,4.0,,1570430576,10.905768
WRITE,4.0,,1570718557,10.907768
WRITE,4.0,,1571006539,10.909768
WRITE,3.0,,1571294520,10.911768
WRITE,3.0,,1571582502,10.913767
WRITE,3.0,,1571870483,10.915767
WRITE,3.0,,1572158464,10.917767
WRITE,2.0,,1572446446,10.919767
WRITE,2.0,,1572734427,10.921767
WRITE,2.0,,1573022409,10.923767
WRITE,1.0,,1573310390,10.925767
WRITE,1.0,,1573598371,10.927766
WRITE,1.0,,1573886353,10.929766
WRITE,1.0,,1574174334,10.931766
WRITE,0.0,,1574462316,10.933766
WRITE,0.0,,1574750297,10.935766
WRITE,0.0,,1575038279,10.937766
WRITE,0.0,,1575326260,10.939766
WRITE,-1.0,,1575614241,10.941766
WRITE,-1.0,,1575902223,10.943765
WRITE,-1.0,,1576190204,10.945765
WRITE,-1.0,,1576478186,10.947765
WRITE,-1.0,,1576766167,10.949765
WRITE,-1.0,,1577054149,10.951765
WRITE,-2.0,,1577342130,10.953765
WRITE,-2.0,,1577630111,10.955765
WRITE,-2.0,,1577918093,10.957765
WRITE,-3.0,,1578206074,10.959764
WRITE,-3.0,,1578494056,10.961764
WRITE,-3.0,,1578782037,10.963764
WRITE,-3.0,,1579070018,10.965764
WRITE,-3.0,,1579358000,10.967764
WRITE,-4.0,,1579645981,10.969764
WRITE,-4.0,,1579933963,10.971764
WRITE,-4.0,,1580221944,10.973764
WRITE,-4.0,,1580509926,10.975763
WRITE,-4.0,,1580797907,10.977763
WRITE,-4.0,,1581085888,10.979763
WRITE,-4.0,,1581373870,10.981763
WRITE,-4.0,,1581661851,10.983763
WRITE,-4.0,,1581949833,10.985763
WRITE,-4.0,,1582237814,10.987763
WRITE,-4.0,,1582525796,10.989762
WRITE,-4.0,,1582813777,10.991762
WRITE,-4.0,,1583101758,10.993762
WRITE,-4.0,,1583389740,10.995762
WRITE,-4.0,,1583677721,10.997762
WRITE,-4.0,,1583968326,10.999780
WRITE,-4.0,,1584253681,11.001762
WRITE,-4.0,,1584541663,11.003762
WRITE,-4.0,,1584829644,11.005761
WRITE,-4.0,,1585117625,11.007761
WRITE,-4.0,,1585405607,11.009761
WRITE,-4.0,,1585693588,11.011761
WRITE,-4.0,,1585981570,11.013761
WRITE,-4.0,,1586269551,11.015761
WRITE,-3.0,,1586557532,11.017761
WRITE,-2.0,,1586845514,11.019761
WRITE,-1.0,,1587133495,11.021760
WRITE,1.0,,1587421477,11.023760
WRITE,2.0,,1587709458,11.025760
WRITE,4.0,,1587997440,11.027760
WRITE,6.0,,1588285421,11.029760
WRITE,8.0,,1588573402,11.031760
WRITE,10.0,,1588861384,11.033760
WRITE,12.0,,1589149365,11.035759
WRITE,15.0,,1589437347,11.037759
WRITE,17.0,,1589725328,11.039759
WRITE,20.0,,1590013310,11.041759
WRITE,22.0,,1590301291,11.043759
WRITE,24.0,,1590589272,11.045759
WRITE,27.0,,1590877254,11.047759
WRITE,29.0,,1591165235,11.049759
WRITE,31.0,,1591453217,11.051758
WRITE,33.0,,1591741198,11.053758
WRITE,36.0,,1592029179,11.055758
WRITE,38.0,,1592317161,11.057758
WRITE,40.0,,1592605142,11.059758
WRITE,41.0,,1592893124,11.061758
WRITE,43.0,,1593181105,11.063758
WRITE,45.0,,1593469087,11.065758
WRITE,47.0,,1593757068,11.067757
WRITE,48.0,,1594045049,11.069757
WRITE,50.0,,1594333031,11.071757
WRITE,52.0,,1594621012,11.073757
WRITE,53.0,,1594908994,11.075757
WRITE,54.0,,1595196975,11.077757
WRITE,56.0,,1595484957,11.079757
WRITE,57.0,,1595772938,11.081757
WRITE,58.0,,1596060919,11.083756
WRITE,59.0,,1596348901,11.085756
WRITE,61.0,,1596636882,11.087756
WRITE,62.0,,1596924864,11.089756
WRITE,63.0,,1597212845,11.091756
WRITE,64.0,,1597500826,11.093756
WRITE,65.0,,1597788808,11.095756
WRITE,66.0,,1598076789,11.097755
WRITE,67.0,,1598364771,11.099755
WRITE,68.0,,1598652752,11.101755
WRITE,69.0,,1598940734,11.103755
WRITE,70.0,,1599228715,11.105755
WRITE,71.0,,1599516696,11.107755
WRITE,72.0,,1599804678,11.109755
WRITE,73.0,,1600092659,11.111755
WRITE,74.0,,1600380641,11.113754
WRITE,75.0,,1600668622,11.115754
WRITE,76.0,,1600956604,11.117754
WRITE,77.0,,1601244585,11.119754
WRITE,78.0,,1601532566,11.121754
WRITE,79.0,,1601820548,11.123754
WRITE,79.0,,1602108529,11.125754
WRITE,80.0,,1602396511,11.127754
WRITE,81.0,,1602684492,11.129753
WRITE,82.0,,1602972474,11.131753
WRITE,82.0,,1603260455,11.133753
WRITE,83.0,,1603548436,11.135753
WRITE,83.0,,1603836418,11.137753
WRITE,84.0,,1604124399,11.139753
WRITE,84.0,,1604412381,11.141753
WRITE,85.0,,1604700362,11.143753
WRITE,85.0,,1604988343,11.145752
WRITE,86.0,,1605276325,11.147752
WRITE,86.0,,1605564306,11.149752
WRITE,87.0,,1605852288,11.151752
WRITE,87.0,,1606140269,11.153752
WRITE,88.0,,1606428251,11.155752
WRITE,88.0,,1606716232,11.157752
WRITE,89.0,,1607004213,11.159751
WRITE,89.0,,1607292195,11.161751
WRITE,89.0,,1607580176,11.163751
WRITE,90.0,,1607868158,11.165751
WRITE,90.0,,1608156139,11.167751
WRITE,91.0,,1608444121,11.169751
WRITE,91.0,,1608732102,11.171751
WRITE,92.0,,1609020083,11.173751
WRITE,92.0,,1609308065,11.175750
WRITE,93.0,,1609596046,11.177750
WRITE,93.0,,1609884028,11.179750
WRITE,94.0,,1610172009,11.181750
WRITE,95.0,,1610459990,11.183750
WRITE,95.0,,1610747972,11.185750
WRITE,95.0,,1611035953,11.187750
WRITE,96.0,,1611323935,11.189750
WRITE,96.0,,1611611916,11.191749
WRITE,97.0,,1611899898,11.193749
WRITE,98.0,,1612187879,11.195749
WRITE,98.0,,1612475860,11.197749
WRITE,99.0,,1612763842,11.199749
WRITE,99.0,,1613051823,11.201749
WRITE,99.0,,1613339805,11.203749
WRITE,100.0,,1613627786,11.205749
WRITE,100.0,,1613915768,11.207748
WRITE,101.0,,1614203749,11.209748
WRITE,101.0,,1614491730,11.211748
WRITE,101.0,,1614779712,11.213748
WRITE,102.0,,1615067693,11.215748
WRITE,102.0,,1615355675,11.217748
WRITE,103.0,,1615643656,11.219748
WRITE,103.0,,1615931637,11.221747
WRITE,103.0,,1616219619,11.223747
WRITE,104.0,,1616507600,11.225747
WRITE,104.0,,1616795582,11.227747
WRITE,104.0,,1617083563,11.229747
WRITE,105.0,,1617371545,11.231747
WRITE,105.0,,1617659526,11.233747
WRITE,105.0,,1617947507,11.235747
WRITE,105.0,,1618235489,11.237746
WRITE,106.0,,1618523470,11.239746
WRITE,106.0,,1618811452,11.241746
WRITE,106.0,,1619099433,11.243746
WRITE,106.0,,1619387415,11.245746
WRITE,106.0,,1619675396,11.247746
WRITE,106.0,,1619963377,11.249746
WRITE,106.0,,1620251359,11.251746
WRITE,106.0,,1620539340,11.253745
WRITE,106.0,,1620827322,11.255745
WRITE,106.0,,1621115303,11.257745
WRITE,107.0,,1621403285,11.259745
WRITE,107.0,,1621691266,11.261745
WRITE,107.0,,1621979247,11.263745
WRITE,107.0,,1622267229,11.265745
WRITE,107.0,,1622555210,11.267745
WRITE,107.0,,1622843192,11.269744
WRITE,107.0,,1623131173,11.271744
WRITE,107.0,,1623419154,11.273744
WRITE,107.0,,1623707136,11.275744
WRITE,107.0,,1623995117,11.277744
WRITE,107.0,,1624283099,11.279744
WRITE,107.0,,1624571080,11.281744
WRITE,107.0,,1624859062,11.283743
WRITE,106.0,,1625147043,11.285743
WRITE,106.0,,1625435024,11.287743
WRITE,106.0,,1625723006,11.289743
WRITE,106.0,,1626010987,11.291743
WRITE,106.0,,1626298969,11.293743
WRITE,106.0,,1626586950,11.295743
WRITE,106.0,,1626874932,11.297743
WRITE,106.0,,1627162913,11.299742
WRITE,106.0,,1627450894,11.301742
WRITE,106.0,,1627738876,11.303742
WRITE,106.0,,1628026857,11.305742
WRITE,106.0,,1628314839,11.307742
WRITE,106.0,,1628602820,11.309742
WRITE,106.0,,1628890801,11.311742
WRITE,106.0,,1629178783,11.313742
WRITE,106.0,,1629466764,11.315741
WRITE,106.0,,1629754746,11.317741
WRITE,106.0,,1630042727,11.319741
WRITE,106.0,,1630330709,11.321741
WRITE,106.0,,1630618690,11.323741
WRITE,106.0,,1630906671,11.325741
WRITE,106.0,,1631194653,11.327741
WRITE,106.0,,1631482634,11.329741
WRITE,106.0,,1631770616,11.331740
WRITE,106.0,,1632058597,11.333740
WRITE,106.0,,1632346579,11.335740
WRITE,106.0,,1632634560,11.337740
WRITE,106.0,,1632922541,11.339740
WRITE,106.0,,1633210523,11.341740
WRITE,106.0,,1633498504,11.343740
WRITE,106.0,,1633786486,11.345739
WRITE,106.0,,1634074467,11.347739
WRITE,106.0,,1634362448,11.349739
WRITE,106.0,,1634650430,11.351739
WRITE,106.0,,1634938411,11.353739
WRITE,106.0,,1635226393,11.355739
WRITE,106.0,,1635514374,11.357739
WRITE,106.0,,1635802356,11.359739
WRITE,106.0,,1636090337,11.361738
WRITE,106.0,,1636378318,11.363738
WRITE,106.0,,1636666300,11.365738
WRITE,106.0,,1636954281,11.367738
WRITE,106.0,,1637242263,11.369738
WRITE,106.0,,1637530244,11.371738
WRITE,106.0,,1637818226,11.373738
WRITE,106.0,,1638106207,11.375738
WRITE,106.0,,1638394188,11.377737
WRITE,106.0,,1638682170,11.379737
WRITE,106.0,,1638970151,11.381737
WRITE,106.0,,1639258133,11.383737
WRITE,106.0,,1639546114,11.385737
WRITE,106.0,,1639834096,11.387737
WRITE,106.0,,1640122077,11.389737
WRITE,106.0,,1640410058,11.391737
WRITE,106.0,,1640698040,11.393736
WRITE,106.0,,1640986021,11.395736
WRITE,106.0,,1641274003,11.397736
WRITE,106.0,,1641561984,11.399736
WRITE,106.0,,1641849965,11.401736
WRITE,106.0,,1642137947,11.403736
WRITE,106.0,,1642425928,11.405736
WRITE,106.0,,1642713910,11.407735
WRITE,106.0,,1643001891,11.409735
WRITE,106.0,,1643289873,11.411735
WRITE,106.0,,1643577854,11.413735
WRITE,106.0,,1643865835,11.415735
WRITE,106.0,,1644153817,11.417735
WRITE,106.0,,1644441798,11.419735
WRITE,106.0,,1644729780,11.421735
WRITE,106.0,,1645017761,11.423734
WRITE,106.0,,1645305743,11.425734
WRITE,106.0,,1645593724,11.427734
WRITE,106.0,,1645881705,11.429734
WRITE,106.0,,1646169687,11.431734
WRITE,106.0,,1646457668,11.433734
WRITE,106.0,,1646745650,11.435734
WRITE,106.0,,1647033631,11.437734
WRITE,106.0,,1647321612,11.439733
WRITE,106.0,,1647609594,11.441733
WRITE,106.0,,1647897575,11.443733
WRITE,106.0,,1648185557,11.445733
WRITE,106.0,,1648473538,11.447733
WRITE,106.0,,1648761520,11.449733
WRITE,106.0,,1649049501,11.451733
WRITE,106.0,,1649337482,11.453733
WRITE,106.0,,1649625464,11.455732
WRITE,106.0,,1649913445,11.457732
WRITE,106.0,,1650201427,11.459732
WRITE,106.0,,1650489408,11.461732
WRITE,106.0,,1650777390,11.463732
WRITE,106.0,,1651065371,11.465732
WRITE,106.0,,1651353352,11.467732
WRITE,106.0,,1651641334,11.469731
WRITE,106.0,,1651929315,11.471731
WRITE,106.0,,1652217297,11.473731
WRITE,106.0,,1652505278,11.475731
WRITE,106.0,,1652793259,11.477731
WRITE,106.0,,1653081241,11.479731
WRITE,106.0,,1653369222,11.481731
WRITE,106.0,,1653657204,11.483731
WRITE,106.0,,1653945185,11.485730
WRITE,106.0,,1654233167,11.487730
WRITE,106.0,,1654521148,11.489730
WRITE,106.0,,1654809129,11.491730
WRITE,106.0,,1655097111,11.493730
WRITE,106.0,,1655385092,11.495730
WRITE,106.0,,1655673074,11.497730
WRITE,106.0,,1655963678,11.499748
WRITE,106.0,,1656249034,11.501729
WRITE,106.0,,1656537015,11.503729
WRITE,106.0,,1656824996,11.505729
WRITE,106.0,,1657112978,11.507729
WRITE,106.0,,1657400959,11.509729
WRITE,106.0,,1657688941,11.511729
WRITE,107.0,,1657976922,11.513729
WRITE,107.0,,1658264904,11.515729
WRITE,108.0,,1658552885,11.517728
WRITE,110.0,,1658840866,11.519728
WRITE,111.0,,1659128848,11.521728
WRITE,113.0,,1659416829,11.523728
WRITE,115.0,,1659704811,11.525728
WRITE,117.0,,1659992792,11.527728
WRITE,119.0,,1660280773,11.529728
WRITE,121.0,,1660568755,11.531727
WRITE,123.0,,1660856736,11.533727
WRITE,125.0,,1661144718,11.535727
WRITE,128.0,,1661432699,11.537727
WRITE,130.0,,1661720681,11.539727
WRITE,132.0,,1662008662,11.541727
WRITE,135.0,,1662296643,11.543727
WRITE,137.0,,1662584625,11.545727
WRITE,139.0,,1662872606,11.547726
WRITE,141.0,,1663160588,11.549726
WRITE,143.0,,1663448569,11.551726
WRITE,145.0,,1663736551,11.553726
WRITE,147.0,,1664024532,11.555726
WRITE,148.0,,1664312513,11.557726
WRITE,150.0,,1664600495,11.559726
WRITE,152.0,,1664888476,11.561726
WRITE,154.0,,1665176458,11.563725
WRITE,155.0,,1665464439,11.565725
WRITE,157.0,,1665752420,11.567725
WRITE,158.0,,1666040402,11.569725
WRITE,160.0,,1666328383,11.571725
WRITE,161.0,,1666616365,11.573725
WRITE,162.0,,1666904346,11.575725
WRITE,163.0,,1667192328,11.577725
WRITE,165.0,,1667480309,11.579724
WRITE,166.0,,1667768290,11.581724
WRITE,167.0,,1668056272,11.583724
WRITE,168.0,,1668344253,11.585724
WRITE,169.0,,1668632235,11.587724
WRITE,170.0,,1668920216,11.589724
WRITE,171.0,,1669208198,11.591724
WRITE,172.0,,1669496179,11.593723
WRITE,173.0,,1669784160,11.595723
WRITE,174.0,,1670072142,11.597723
WRITE,175.0,,1670360123,11.599723
WRITE,175.0,,1670648105,11.601723
WRITE,176.0,,1670936086,11.603723
WRITE,177.0,,1671224067,11.605723
WRITE,178.0,,1671512049,11.607723
WRITE,179.0,,1671800030,11.609722
WRITE,179.0,,1672088012,11.611722
WRITE,180.0,,1672375993,11.613722
WRITE,181.0,,1672663975,11.615722
WRITE,182.0,,1672951956,11.617722
WRITE,182.0,,1673239937,11.619722
WRITE,183.0,,1673527919,11.621722
WRITE,184.0,,1673815900,11.623722
WRITE,184.0,,1674103882,11.625721
WRITE,185.0,,1674391863,11.627721
WRITE,186.0,,1674679845,11.629721
WRITE,186.0,,1674967826,11.631721
WRITE,187.0,,1675255807,11.633721
WRITE,187.0,,1675543789,11.635721
WRITE,188.0,,1675831770,11.637721
WRITE,188.0,,1676119752,11.639721
WRITE,189.0,,1676407733,11.641720
WRITE,190.0,,1676695715,11.643720
WRITE,190.0,,1676983696,11.645720
WRITE,191.0,,1677271677,11.647720
WRITE,191.0,,1677559659,11.649720
WRITE,191.0,,1677847640,11.651720
WRITE,192.0,,1678135622,11.653720
WRITE,192.0,,1678423603,11.655719
WRITE,193.0,,1678711584,11.657719
WRITE,193.0,,1678999566,11.659719
WRITE,193.0,,1679287547,11.661719
WRITE,194.0,,1679575529,11.663719
WRITE,194.0,,1679863510,11.665719
WRITE,195.0,,1680151492,11.667719
WRITE,195.0,,1680439473,11.669719
WRITE,195.0,,1680727454,11.671718
WRITE,196.0,,1681015436,11.673718
WRITE,196.0,,1681303417,11.675718
WRITE,197.0,,1681591399,11.677718
WRITE,197.0,,1681879380,11.679718
WRITE,198.0,,1682167362,11.681718
WRITE,198.0,,1682455343,11.683718
WRITE,199.0,,1682743324,11.685718
WRITE,199.0,,1683031306,11.687717
WRITE,199.0,,1683319287,11.689717
WRITE,200.0,,1683607269,11.691717
WRITE,200.0,,1683895250,11.693717
WRITE,201.0,,1684183231,11.695717
WRITE,201.0,,1684471213,11.697717
WRITE,201.0,,1684759194,11.699717
WRITE,201.0,,1685047176,11.701717
WRITE,202.0,,1685335157,11.703716
WRITE,202.0,,1685623139,11.705716
WRITE,202.0,,1685911120,11.707716
WRITE,202.0,,1686199101,11.709716
WRITE,202.0,,1686487083,11.711716
WRITE,203.0,,1686775064,11.713716
WRITE,203.0,,1687063046,11.715716
WRITE,203.0,,1687351027,11.717715
WRITE,203.0,,1687639009,11.719715
WRITE,204.0,,1687926990,11.721715
WRITE,204.0,,1688214971,11.723715
WRITE,204.0,,1688502953,11.725715
WRITE,204.0,,1688790934,11.727715
WRITE,205.0,,1689078916,11.729715
WRITE,205.0,,1689366897,11.731715
WRITE,205.0,,1689654878,11.733714
WRITE,205.0,,1689942860,11.735714
WRITE,206.0,,1690230841,11.737714
WRITE,206.0,,1690518823,11.739714
WRITE,206.0,,1690806804,11.741714
WRITE,206.0,,1691094786,11.743714
WRITE,207.0,,1691382767,11.745714
WRITE,207.0,,1691670748,11.747714
WRITE,207.0,,1691958730,11.749713
WRITE,207.0,,1692246711,11.751713
WRITE,207.0,,1692534693,11.753713
WRITE,207.0,,1692822674,11.755713
WRITE,207.0,,1693110656,11.757713
WRITE,208.0,,1693398637,11.759713
WRITE,208.0,,1693686618,11.761713
WRITE,208.0,,1693974600,11.763713
WRITE,208.0,,1694262581,11.765712
WRITE,208.0,,1694550563,11.767712
WRITE,208.0,,1694838544,11.769712
WRITE,208.0,,1695126526,11.771712
WRITE,208.0,,1695414507,11.773712
WRITE,208.0,,1695702488,11.775712
WRITE,208.0,,1695990470,11.777712
WRITE,208.0,,1696278451,11.779711
WRITE,208.0,,1696566433,11.781711
WRITE,208.0,,1696854414,11.783711
WRITE,208.0,,1697142395,11.785711
WRITE,208.0,,1697430377,11.787711
WRITE,208.0,,1697718358,11.789711
WRITE,208.0,,1698006340,11.791711
WRITE,208.0,,1698294321,11.793711
WRITE,208.0,,1698582303,11.795710
WRITE,208.0,,1698870284,11.797710
WRITE,208.0,,1699158265,11.799710
WRITE,208.0,,1699446247,11.801710
WRITE,208.0,,1699734228,11.803710
WRITE,208.0,,1700022210,11.805710
WRITE,208.0,,1700310191,11.807710
WRITE,208.0,,1700598173,11.809710
WRITE,208.0,,1700886154,11.811709
WRITE,208.0,,1701174135,11.813709
WRITE,208.0,,1701462117,11.815709
WRITE,208.0,,1701750098,11.817709
WRITE,208.0,,1702038080,11.819709
WRITE,208.0,,1702326061,11.821709
WRITE,208.0,,1702614042,11.823709
WRITE,208.0,,1702902024,11.825709
WRITE,208.0,,1703190005,11.827708
WRITE,208.0,,1703477987,11.829708
WRITE,208.0,,1703765968,11.831708
WRITE,208.0,,1704053950,11.833708
WRITE,208.0,,1704341931,11.835708
WRITE,208.0,,1704629912,11.837708
WRITE,208.0,,1704917894,11.839708
WRITE,208.0,,1705205875,11.841707
WRITE,208.0,,1705493857,11.843707
WRITE,208.0,,1705781838,11.845707
WRITE,208.0,,1706069820,11.847707
WRITE,208.0,,1706357801,11.849707
WRITE,208.0,,1706645782,11.851707
WRITE,208.0,,1706933764,11.853707
WRITE,208.0,,1707221745,11.855707
WRITE,208.0,,1707509727,11.857706
WRITE,208.0,,1707797708,11.859706
WRITE,208.0,,1708085689,11.861706
WRITE,208.0,,1708373671,11.863706
WRITE,208.0,,1708661652,11.865706
WRITE,208.0,,1708949634,11.867706
WRITE,208.0,,1709237615,11.869706
WRITE,208.0,,1709525597,11.871706
WRITE,208.0,,1709813578,11.873705
WRITE,208.0,,1710101559,11.875705
WRITE,208.0,,1710389541,11.877705
WRITE,208.0,,1710677522,11.879705
WRITE,208.0,,1710965504,11.881705
WRITE,208.0,,1711253485,11.883705
WRITE,208.0,,1711541467,11.885705
WRITE,208.0,,1711829448,11.887705
WRITE,208.0,,1712117429,11.889704
WRITE,208.0,,1712405411,11.891704
WRITE,208.0,,1712693392,11.893704
WRITE,208.0,,1712981374,11.895704
WRITE,208.0,,1713269355,11.897704
WRITE,208.0,,1713557337,11.899704
WRITE,208.0,,1713845318,11.901704
WRITE,208.0,,1714133299,11.903703
WRITE,208.0,,1714421281,11.905703
WRITE,208.0,,1714709262,11.907703
WRITE,208.0,,1714997244,11.909703
WRITE,208.0,,1715285225,11.911703
WRITE,208.0,,1715573206,11.913703
WRITE,208.0,,1715861188,11.915703
WRITE,208.0,,1716149169,11.917703
WRITE,208.0,,1716437151,11.919702
WRITE,208.0,,1716725132,11.921702
WRITE,208.0,,1717013114,11.923702
WRITE,208.0,,1717301095,11.925702
WRITE,208.0,,1717589076,11.927702
WRITE,208.0,,1717877058,11.929702
WRITE,208.0,,1718165039,11.931702
WRITE,208.0,,1718453021,11.933702
WRITE,208.0,,1718741002,11.935701
WRITE,208.0,,1719028984,11.937701
WRITE,208.0,,1719316965,11.939701
WRITE,208.0,,1719604946,11.941701
WRITE,208.0,,1719892928,11.943701
WRITE,208.0,,1720180909,11.945701
WRITE,208.0,,1720468891,11.947701
WRITE,208.0,,1720756872,11.949701
WRITE,208.0,,1721044853,11.951700
WRITE,208.0,,1721332835,11.953700
WRITE,208.0,,1721620816,11.955700
WRITE,208.0,,1721908798,11.957700
WRITE,208.0,,1722196779,11.959700
WRITE,208.0,,1722484761,11.961700
WRITE,208.0,,1722772742,11.963700
WRITE,208.0,,1723060723,11.965699
WRITE,208.0,,1723348705,11.967699
WRITE,208.0,,1723636686,11.969699
WRITE,208.0,,1723924668,11.971699
WRITE,208.0,,1724212649,11.973699
WRITE,208.0,,1724500631,11.975699
WRITE,208.0,,1724788612,11.977699
WRITE,208.0,,1725076593,11.979699
WRITE,208.0,,1725364575,11.981698
WRITE,208.0,,1725652556,11.983698
WRITE,208.0,,1725940538,11.985698
WRITE,208.0,,1726228519,11.987698
WRITE,208.0,,1726516500,11.989698
WRITE,208.0,,1726804482,11.991698
WRITE,208.0,,1727092463,11.993698
WRITE,208.0,,1727380445,11.995698
WRITE,208.0,,1727668426,11.997697
WRITE,208.0,,1727959017,11.999715
WRITE,208.0,,1728244386,12.001697
WRITE,208.0,,1728532367,12.003697
WRITE,208.0,,1728820349,12.005697
WRITE,208.0,,1729108330,12.007697
WRITE,208.0,,1729396312,12.009697
WRITE,208.0,,1729684293,12.011696
WRITE,208.0,,1729972275,12.013696
WRITE,209.0,,1730260256,12.015696
WRITE,209.0,,1730548237,12.017696
WRITE,210.0,,1730836219,12.019696
WRITE,212.0,,1731124200,12.021696
WRITE,213.0,,1731412182,12.023696
WRITE,215.0,,1731700163,12.025696
WRITE,216.0,,1731988145,12.027695
WRITE,218.0,,1732276126,12.029695
WRITE,220.0,,1732564107,12.031695
WRITE,222.0,,1732852089,12.033695
WRITE,225.0,,1733140070,12.035695
WRITE,227.0,,1733428052,12.037695
WRITE,229.0,,1733716033,12.039695
WRITE,231.0,,1734004014,12.041695
WRITE,234.0,,1734291996,12.043694
WRITE,236.0,,1734579977,12.045694
WRITE,238.0,,1734867959,12.047694
WRITE,240.0,,1735155940,12.049694
WRITE,242.0,,1735443922,12.051694
WRITE,244.0,,1735731903,12.053694
WRITE,246.0,,1736019884,12.055694
WRITE,248.0,,1736307866,12.057694
WRITE,250.0,,1736595847,12.059693
WRITE,252.0,,1736883829,12.061693
WRITE,253.0,,1737171810,12.063693
WRITE,255.0,,1737459792,12.065693
WRITE,256.0,,1737747773,12.067693
WRITE,258.0,,1738035754,12.069693
WRITE,259.0,,1738323736,12.071693
WRITE,261.0,,1738611717,12.073692
WRITE,262.0,,1738899699,12.075692
WRITE,263.0,,1739187680,12.077692
WRITE,264.0,,1739475661,12.079692
WRITE,266.0,,1739763643,12.081692
WRITE,267.0,,1740051624,12.083692
WRITE,268.0,,1740339606,12.085692
WRITE,269.0,,1740627587,12.087692
WRITE,270.0,,1740915569,12.089691
WRITE,271.0,,1741203550,12.091691
WRITE,272.0,,1741491531,12.093691
WRITE,273.0,,1741779513,12.095691
WRITE,274.0,,1742067494,12.097691
WRITE,275.0,,1742355476,12.099691
WRITE,275.0,,1742643457,12.101691
WRITE,276.0,,1742931439,12.103691
WRITE,277.0,,1743219420,12.105690
WRITE,278.0,,1743507401,12.107690
WRITE,279.0,,1743795383,12.109690
WRITE,280.0,,1744083364,12.111690
WRITE,280.0,,1744371346,12.113690
WRITE,281.0,,1744659327,12.115690
WRITE,282.0,,1744947308,12.117690
WRITE,283.0,,1745235290,12.119690
WRITE,283.0,,1745523271,12.121689
WRITE,284.0,,1745811253,12.123689
WRITE,284.0,,1746099234,12.125689
WRITE,285.0,,1746387216,12.127689
WRITE,286.0,,1746675197,12.129689
WRITE,286.0,,1746963178,12.131689
WRITE,287.0,,1747251160,12.133689
WRITE,288.0,,1747539141,12.135688
WRITE,288.0,,1747827123,12.137688
WRITE,289.0,,1748115104,12.139688
WRITE,289.0,,1748403086,12.141688
WRITE,290.0,,1748691067,12.143688
WRITE,291.0,,1748979048,12.145688
WRITE,291.0,,1749267030,12.147688
WRITE,292.0,,1749555011,12.149688
WRITE,292.0,,1749842993,12.151687
WRITE,293.0,,1750130974,12.153687
WRITE,293.0,,1750418956,12.155687
WRITE,294.0,,1750706937,12.157687
WRITE,294.0,,1750994918,12.159687
WRITE,295.0,,1751282900,12.161687
WRITE,295.0,,1751570881,12.163687
WRITE,295.0,,1751858863,12.165687
WRITE,296.0,,1752146844,12.167686
WRITE,296.0,,1752434825,12.169686
WRITE,296.0,,1752722807,12.171686
WRITE,297.0,,1753010788,12.173686
WRITE,297.0,,1753298770,12.175686
WRITE,297.0,,1753586751,12.177686
WRITE,297.0,,1753874733,12.179686
WRITE,298.0,,1754162714,12.181686
WRITE,298.0,,1754450695,12.183685
WRITE,299.0,,1754738677,12.185685
WRITE,299.0,,1755026658,12.187685
WRITE,299.0,,1755314640,12.189685
WRITE,299.0,,1755602621,12.191685
WRITE,300.0,,1755890603,12.193685
WRITE,300.0,,1756178584,12.195685
WRITE,301.0,,1756466565,12.197684
WRITE,301.0,,1756754547,12.199684
WRITE,301.0,,1757042528,12.201684
WRITE,302.0,,1757330510,12.203684
WRITE,302.0,,1757618491,12.205684
WRITE,302.0,,1757906472,12.207684
WRITE,303.0,,1758194454,12.209684
WRITE,303.0,,1758482435,12.211684
WRITE,303.0,,1758770417,12.213683
WRITE,304.0,,1759058398,12.215683
WRITE,304.0,,1759346380,12.217683
WRITE,304.0,,1759634361,12.219683
WRITE,304.0,,1759922342,12.221683
WRITE,305.0,,1760210324,12.223683
WRITE,305.0,,1760498305,12.225683
WRITE,305.0,,1760786287,12.227683
WRITE,305.0,,1761074268,12.229682
WRITE,305.0,,1761362250,12.231682
WRITE,306.0,,1761650231,12.233682
WRITE,306.0,,1761938212,12.235682
WRITE,306.0,,1762226194,12.237682
WRITE,306.0,,1762514175,12.239682
WRITE,307.0,,1762802157,12.241682
WRITE,307.0,,1763090138,12.243682
WRITE,307.0,,1763378119,12.245681
WRITE,307.0,,1763666101,12.247681
WRITE,307.0,,1763954082,12.249681
WRITE,307.0,,1764242064,12.251681
WRITE,308.0,,1764530045,12.253681
WRITE,308.0,,1764818027,12.255681
WRITE,308.0,,1765106008,12.257681
WRITE,308.0,,1765393989,12.259680
WRITE,308.0,,1765681971,12.261680
WRITE,308.0,,1765969952,12.263680
WRITE,309.0,,1766257934,12.265680
WRITE,309.0,,1766545915,12.267680
WRITE,309.0,,1766833897,12.269680
WRITE,309.0,,1767121878,12.271680
WRITE,309.0,,1767409859,12.273680
WRITE,309.0,,1767697841,12.275679
WRITE,309.0,,1767985822,12.277679
WRITE,309.0,,1768273804,12.279679
WRITE,309.0,,1768561785,12.281679
WRITE,309.0,,1768849767,12.283679
WRITE,309.0,,1769137748,12.285679
WRITE,310.0,,1769425729,12.287679
WRITE,310.0,,1769713711,12.289679
WRITE,310.0,,1770001692,12.291678
WRITE,310.0,,1770289674,12.293678
WRITE,310.0,,1770577655,12.295678
WRITE,310.0,,1770865636,12.297678
WRITE,310.0,,1771153618,12.299678
WRITE,310.0,,1771441599,12.301678
WRITE,310.0,,1771729581,12.303678
WRITE,310.0,,1772017562,12.305678
WRITE,310.0,,1772305544,12.307677
WRITE,310.0,,1772593525,12.309677
WRITE,310.0,,1772881506,12.311677
WRITE,310.0,,1773169488,12.313677
WRITE,310.0,,1773457469,12.315677
WRITE,310.0,,1773745451,12.317677
WRITE,310.0,,1774033432,12.319677
WRITE,310.0,,1774321414,12.321676
WRITE,310.0,,1774609395,12.323676
WRITE,310.0,,1774897376,12.325676
WRITE,310.0,,1775185358,12.327676
WRITE,310.0,,1775473339,12.329676
WRITE,310.0,,1775761321,12.331676
WRITE,310.0,,1776049302,12.333676
WRITE,310.0,,1776337283,12.335676
WRITE,310.0,,1776625265,12.337675
WRITE,310.0,,1776913246,12.339675
WRITE,310.0,,1777201228,12.341675
WRITE,310.0,,1777489209,12.343675
WRITE,310.0,,1777777191,12.345675
WRITE,310.0,,1778065172,12.347675
WRITE,310.0,,1778353153,12.349675
WRITE,310.0,,1778641135,12.351675
WRITE,310.0,,1778929116,12.353674
WRITE,310.0,,1779217098,12.355674
WRITE,310.0,,1779505079,12.357674
WRITE,310.0,,1779793061,12.359674
WRITE,310.0,,1780081042,12.361674
WRITE,310.0,,1780369023,12.363674
WRITE,310.0,,1780657005,12.365674
WRITE,310.0,,1780944986,12.367674
WRITE,310.0,,1781232968,12.369673
WRITE,310.0,,1781520949,12.371673
WRITE,310.0,,1781808930,12.373673
WRITE,310.0,,1782096912,12.375673
WRITE,310.0,,1782384893,12.377673
WRITE,310.0,,1782672875,12.379673
WRITE,310.0,,1782960856,12.381673
WRITE,310.0,,1783248838,12.383672
WRITE,310.0,,1783536819,12.385672
WRITE,310.0,,1783824800,12.387672
WRITE,310.0,,1784112782,12.389672
WRITE,310.0,,1784400763,12.391672
WRITE,310.0,,1784688745,12.393672
WRITE,310.0,,1784976726,12.395672
WRITE,310.0,,1785264708,12.397672
WRITE,310.0,,1785552689,12.399671
WRITE,310.0,,1785840670,12.401671
WRITE,310.0,,1786128652,12.403671
WRITE,310.0,,1786416633,12.405671
WRITE,310.0,,1786704615,12.407671
WRITE,310.0,,1786992596,12.409671
WRITE,310.0,,1787280578,12.411671
WRITE,310.0,,1787568559,12.413671
WRITE,310.0,,1787856540,12.415670
WRITE,310.0,,1788144522,12.417670
WRITE,310.0,,1788432503,12.419670
WRITE,310.0,,1788720485,12.421670
WRITE,310.0,,1789008466,12.423670
WRITE,310.0,,1789296447,12.425670
WRITE,310.0,,1789584429,12.427670
WRITE,310.0,,1789872410,12.429670
WRITE,310.0,,1790160392,12.431669
WRITE,310.0,,1790448373,12.433669
WRITE,310.0,,1790736355,12.435669
WRITE,310.0,,1791024336,12.437669
WRITE,310.0,,1791312317,12.439669
WRITE,310.0,,1791600299,12.441669
WRITE,310.0,,1791888280,12.443669
WRITE,310.0,,1792176262,12.445668
WRITE,310.0,,1792464243,12.447668
WRITE,310.0,,1792752225,12.449668
WRITE,310.0,,1793040206,12.451668
WRITE,310.0,,1793328187,12.453668
WRITE,310.0,,1793616169,12.455668
WRITE,310.0,,1793904150,12.457668
WRITE,310.0,,1794192132,12.459668
WRITE,310.0,,1794480113,12.461667
WRITE,310.0,,1794768094,12.463667
WRITE,310.0,,1795056076,12.465667
WRITE,310.0,,1795344057,12.467667
WRITE,310.0,,1795632039,12.469667
WRITE,310.0,,1795920020,12.471667
WRITE,310.0,,1796208002,12.473667
WRITE,310.0,,1796495983,12.475667
WRITE,310.0,,1796783964,12.477666
WRITE,310.0,,1797071946,12.479666
WRITE,310.0,,1797359927,12.481666
WRITE,310.0,,1797647909,12.483666
WRITE,310.0,,1797935890,12.485666
WRITE,310.0,,1798223872,12.487666
WRITE,310.0,,1798511853,12.489666
WRITE,310.0,,1798799834,12.491666
WRITE,310.0,,1799087816,12.493665
WRITE,310.0,,1799375797,12.495665
WRITE,310.0,,1799663779,12.497665
WRITE,310.0,,1799954383,12.499683
WRITE,310.0,,1800239738,12.501665
WRITE,310.0,,1800527720,12.503665
WRITE,310.0,,1800815701,12.505665
WRITE,310.0,,1801103683,12.507664
WRITE,310.0,,1801391664,12.509664
WRITE,310.0,,1801679646,12.511664
WRITE,311.0,,1801967627,12.513664
WRITE,312.0,,1802255608,12.515664
WRITE,313.0,,1802543590,12.517664
WRITE,314.0,,1802831571,12.519664
WRITE,316.0,,1803119553,12.521664
WRITE,318.0,,1803407534,12.523663
WRITE,319.0,,1803695516,12.525663
WRITE,321.0,,1803983497,12.527663
WRITE,323.0,,1804271478,12.529663
WRITE,325.0,,1804559460,12.531663
WRITE,328.0,,1804847441,12.533663
WRITE,330.0,,1805135423,12.535663
WRITE,332.0,,1805423404,12.537663
WRITE,335.0,,1805711386,12.539662
WRITE,337.0,,1805999367,12.541662
WRITE,339.0,,1806287348,12.543662
WRITE,341.0,,1806575330,12.545662
WRITE,343.0,,1806863311,12.547662
WRITE,346.0,,1807151293,12.549662
WRITE,348.0,,1807439274,12.551662
WRITE,350.0,,1807727255,12.553661
WRITE,352.0,,1808015237,12.555661
WRITE,353.0,,1808303218,12.557661
WRITE,355.0,,1808591200,12.559661
WRITE,357.0,,1808879181,12.561661
WRITE,359.0,,1809167163,12.563661
WRITE,360.0,,1809455144,12.565661
WRITE,362.0,,1809743125,12.567661
WRITE,363.0,,1810031107,12.569660
WRITE,364.0,,1810319088,12.571660
WRITE,366.0,,1810607070,12.573660
WRITE,367.0,,1810895051,12.575660
WRITE,368.0,,1811183033,12.577660
WRITE,369.0,,1811471014,12.579660
WRITE,371.0,,1811758995,12.581660
WRITE,372.0,,1812046977,12.583660
WRITE,373.0,,1812334958,12.585659
WRITE,374.0,,1812622940,12.587659
WRITE,375.0,,1812910921,12.589659
WRITE,376.0,,1813198902,12.591659
WRITE,377.0,,1813486884,12.593659
WRITE,378.0,,1813774865,12.595659
WRITE,379.0,,1814062847,12.597659
WRITE,380.0,,1814350828,12.599659
WRITE,381.0,,1814638810,12.601658
WRITE,382.0,,1814926791,12.603658
WRITE,383.0,,1815214772,12.605658
WRITE,384.0,,1815502754,12.607658
WRITE,384.0,,1815790735,12.609658
WRITE,385.0,,1816078717,12.611658
WRITE,386.0,,1816366698,12.613658
WRITE,387.0,,1816654680,12.615658
WRITE,387.0,,1816942661,12.617657
WRITE,388.0,,1817230642,12.619657
WRITE,388.0,,1817518624,12.621657
WRITE,389.0,,1817806605,12.623657
WRITE,390.0,,1818094587,12.625657
WRITE,390.0,,1818382568,12.627657
WRITE,391.0,,1818670549,12.629657
WRITE,391.0,,1818958531,12.631656
WRITE,392.0,,1819246512,12.633656
WRITE,392.0,,1819534494,12.635656
WRITE,393.0,,1819822475,12.637656
WRITE,394.0,,1820110457,12.639656
WRITE,394.0,,1820398438,12.641656
WRITE,395.0,,1820686419,12.643656
WRITE,395.0,,1820974401,12.645656
WRITE,396.0,,1821262382,12.647655
WRITE,396.0,,1821550364,12.649655
WRITE,397.0,,1821838345,12.651655
WRITE,397.0,,1822126327,12.653655
WRITE,398.0,,1822414308,12.655655
WRITE,398.0,,1822702289,12.657655
WRITE,399.0,,1822990271,12.659655
WRITE,399.0,,1823278252,12.661655
WRITE,399.0,,1823566234,12.663654
WRITE,400.0,,1823854215,12.665654
WRITE,400.0,,1824142197,12.667654
WRITE,401.0,,1824430178,12.669654
WRITE,401.0,,1824718159,12.671654
WRITE,402.0,,1825006141,12.673654
WRITE,402.0,,1825294122,12.675654
WRITE,402.0,,1825582104,12.677654
WRITE,403.0,,1825870085,12.679653
WRITE,403.0,,1826158066,12.681653
WRITE,403.0,,1826446048,12.683653
WRITE,404.0,,1826734029,12.685653
WRITE,404.0,,1827022011,12.687653
WRITE,404.0,,1827309992,12.689653
WRITE,405.0,,1827597974,12.691653
WRITE,405.0,,1827885955,12.693652
WRITE,405.0,,1828173936,12.695652
WRITE,406.0,,1828461918,12.697652
WRITE,406.0,,1828749899,12.699652
WRITE,406.0,,1829037881,12.701652
WRITE,407.0,,1829325862,12.703652
WRITE,407.0,,1829613844,12.705652
WRITE,407.0,,1829901825,12.707652
WRITE,408.0,,1830189806,12.709651
WRITE,408.0,,1830477788,12.711651
WRITE,408.0,,1830765769,12.713651
WRITE,409.0,,1831053751,12.715651
WRITE,409.0,,1831341732,12.717651
WRITE,410.0,,1831629713,12.719651
WRITE,410.0,,1831917695,12.721651
WRITE,410.0,,1832205676,12.723651
WRITE,411.0,,1832493658,12.725650
WRITE,411.0,,1832781639,12.727650
WRITE,411.0,,1833069621,12.729650
WRITE,411.0,,1833357602,12.731650
WRITE,412.0,,1833645583,12.733650
WRITE,412.0,,1833933565,12.735650
WRITE,412.0,,1834221546,12.737650
WRITE,413.0,,1834509528,12.739650
WRITE,413.0,,1834797509,12.741649
WRITE,413.0,,1835085491,12.743649
WRITE,414.0,,1835373472,12.745649
WRITE,414.0,,1835661453,12.747649
WRITE,414.0,,1835949435,12.749649
WRITE,414.0,,1836237416,12.751649
WRITE,415.0,,1836525398,12.753649
WRITE,415.0,,1836813379,12.755648
WRITE,415.0,,1837101360,12.757648
WRITE,415.0,,1837389342,12.759648
WRITE,415.0,,1837677323,12.761648
WRITE,416.0,,1837965305,12.763648
WRITE,416.0,,1838253286,12.765648
WRITE,416.0,,1838541268,12.767648
WRITE,416.0,,1838829249,12.769648
WRITE,416.0,,1839117230,12.771647
WRITE,416.0,,1839405212,12.773647
WRITE,416.0,,1839693193,12.775647
WRITE,416.0,,1839981175,12.777647
WRITE,417.0,,1840269156,12.779647
WRITE,417.0,,1840557138,12.781647
WRITE,417.0,,1840845119,12.783647
WRITE,417.0,,1841133100,12.785647
WRITE,417.0,,1841421082,12.787646
WRITE,417.0,,1841709063,12.789646
WRITE,417.0,,1841997045,12.791646
WRITE,417.0,,1842285026,12.793646
WRITE,417.0,,1842573008,12.795646
WRITE,417.0,,1842860989,12.797646
WRITE,417.0,,1843148970,12.799646
WRITE,417.0,,1843436952,12.801646
WRITE,417.0,,1843724933,12.803645
WRITE,417.0,,1844012915,12.805645
WRITE,417.0,,1844300896,12.807645
WRITE,417.0,,1844588877,12.809645
WRITE,417.0,,1844876859,12.811645
WRITE,417.0,,1845164840,12.813645
WRITE,417.0,,1845452822,12.815645
WRITE,417.0,,1845740803,12.817644
WRITE,417.0,,1846028785,12.819644
WRITE,417.0,,1846316766,12.821644
WRITE,417.0,,1846604747,12.823644
WRITE,417.0,,1846892729,12.825644
WRITE,417.0,,1847180710,12.827644
WRITE,417.0,,1847468692,12.829644
WRITE,417.0,,1847756673,12.831644
WRITE,417.0,,1848044655,12.833643
WRITE,417.0,,1848332636,12.835643
WRITE,417.0,,1848620617,12.837643
WRITE,417.0,,1848908599,12.839643
WRITE,417.0,,1849196580,12.841643
WRITE,417.0,,1849484562,12.843643
WRITE,417.0,,1849772543,12.845643
WRITE,417.0,,1850060524,12.847643
WRITE,417.0,,1850348506,12.849642
WRITE,417.0,,1850636487,12.851642
WRITE,417.0,,1850924469,12.853642
WRITE,417.0,,1851212450,12.855642
WRITE,417.0,,1851500432,12.857642
WRITE,417.0,,1851788413,12.859642
WRITE,417.0,,1852076394,12.861642
WRITE,417.0,,1852364376,12.863642
WRITE,417.0,,1852652357,12.865641
WRITE,417.0,,1852940339,12.867641
WRITE,417.0,,1853228320,12.869641
WRITE,417.0,,1853516302,12.871641
WRITE,417.0,,1853804283,12.873641
WRITE,417.0,,1854092264,12.875641
WRITE,417.0,,1854380246,12.877641
WRITE,417.0,,1854668227,12.879640
WRITE,417.0,,1854956209,12.881640
WRITE,417.0,,1855244190,12.883640
WRITE,417.0,,1855532171,12.885640
WRITE,417.0,,1855820153,12.887640
WRITE,417.0,,1856108134,12.889640
WRITE,417.0,,1856396116,12.891640
WRITE,417.0,,1856684097,12.893640
WRITE,417.0,,1856972079,12.895639
WRITE,417.0,,1857260060,12.897639
WRITE,417.0,,1857548041,12.899639
WRITE,417.0,,1857836023,12.901639
WRITE,417.0,,1858124004,12.903639
WRITE,417.0,,1858411986,12.905639
WRITE,417.0,,1858699967,12.907639
WRITE,417.0,,1858987949,12.909639
WRITE,417.0,,1859275930,12.911638
WRITE,417.0,,1859563911,12.913638
WRITE,417.0,,1859851893,12.915638
WRITE,417.0,,1860139874,12.917638
WRITE,417.0,,1860427856,12.919638
WRITE,417.0,,1860715837,12.921638
WRITE,417.0,,1861003819,12.923638
WRITE,417.0,,1861291800,12.925638
WRITE,417.0,,1861579781,12.927637
WRITE,417.0,,1861867763,12.929637
WRITE,417.0,,1862155744,12.931637
WRITE,417.0,,1862443726,12.933637
WRITE,417.0,,1862731707,12.935637
WRITE,417.0,,1863019688,12.937637
WRITE,417.0,,1863307670,12.939637
WRITE,417.0,,1863595651,12.941636
WRITE,417.0,,1863883633,12.943636
WRITE,417.0,,1864171614,12.945636
WRITE,417.0,,1864459596,12.947636
WRITE,417.0,,1864747577,12.949636
WRITE,417.0,,1865035558,12.951636
WRITE,417.0,,1865323540,12.953636
WRITE,417.0,,1865611521,12.955636
WRITE,417.0,,1865899503,12.957635
WRITE,417.0,,1866187484,12.959635
WRITE,417.0,,1866475466,12.961635
WRITE,417.0,,1866763447,12.963635
WRITE,417.0,,1867051428,12.965635
WRITE,417.0,,1867339410,12.967635
WRITE,417.0,,1867627391,12.969635
WRITE,417.0,,1867915373,12.971635
WRITE,417.0,,1868203354,12.973634
WRITE,417.0,,1868491335,12.975634
WRITE,417.0,,1868779317,12.977634
WRITE,417.0,,1869067298,12.979634
WRITE,417.0,,1869355280,12.981634
WRITE,417.0,,1869643261,12.983634
WRITE,417.0,,1869931243,12.985634
WRITE,417.0,,1870219224,12.987634
WRITE,417.0,,1870507205,12.989633
WRITE,417.0,,1870795187,12.991633
WRITE,417.0,,1871083168,12.993633
WRITE,417.0,,1871371150,12.995633
WRITE,417.0,,1871659131,12.997633
WRITE,417.0,,1871949722,12.999651
WRITE,417.0,,1872235091,13.001633
WRITE,417.0,,1872523072,13.003632
WRITE,417.0,,1872811054,13.005632
WRITE,417.0,,1873099035,13.007632
WRITE,417.0,,1873387017,13.009632
WRITE,417.0,,1873674998,13.011632
WRITE,417.0,,1873962979,13.013632
WRITE,417.0,,1874250961,13.015632
WRITE,418.0,,1874538942,13.017632
WRITE,419.0,,1874826924,13.019631
WRITE,420.0,,1875114905,13.021631
WRITE,422.0,,1875402887,13.023631
WRITE,423.0,,1875690868,13.025631
WRITE,425.0,,1875978849,13.027631
WRITE,427.0,,1876266831,13.029631
WRITE,429.0,,1876554812,13.031631
WRITE,431.0,,1876842794,13.033631
WRITE,433.0,,1877130775,13.035630
WRITE,435.0,,1877418757,13.037630
WRITE,437.0,,1877706738,13.039630
WRITE,439.0,,1877994719,13.041630
WRITE,442.0,,1878282701,13.043630
WRITE,444.0,,1878570682,13.045630
WRITE,446.0,,1878858664,13.047630
WRITE,448.0,,1879146645,13.049629
WRITE,450.0,,1879434627,13.051629
WRITE,452.0,,1879722608,13.053629
WRITE,454.0,,1880010589,13.055629
WRITE,456.0,,1880298571,13.057629
WRITE,458.0,,1880586552,13.059629
WRITE,460.0,,1880874534,13.061629
WRITE,461.0,,1881162515,13.063629
WRITE,463.0,,1881450496,13.065628
WRITE,465.0,,1881738478,13.067628
WRITE,466.0,,1882026459,13.069628
WRITE,467.0,,1882314441,13.071628
WRITE,469.0,,1882602422,13.073628
WRITE,470.0,,1882890404,13.075628
WRITE,471.0,,1883178385,13.077628
WRITE,473.0,,1883466366,13.079628
WRITE,474.0,,1883754348,13.081627
WRITE,475.0,,1884042329,13.083627
WRITE,476.0,,1884330311,13.085627
WRITE,477.0,,1884618292,13.087627
WRITE,479.0,,1884906274,13.089627
WRITE,479.0,,1885194255,13.091627
WRITE,480.0,,1885482236,13.093627
WRITE,481.0,,1885770218,13.095627
WRITE,482.0,,1886058199,13.097626
WRITE,483.0,,1886346181,13.099626
WRITE,484.0,,1886634162,13.101626
WRITE,485.0,,1886922143,13.103626
WRITE,486.0,,1887210125,13.105626
WRITE,487.0,,1887498106,13.107626
WRITE,488.0,,1887786088,13.109626
WRITE,489.0,,1888074069,13.111625
WRITE,489.0,,1888362051,13.113625
WRITE,490.0,,1888650032,13.115625
WRITE,491.0,,1888938013,13.117625
WRITE,492.0,,1889225995,13.119625
WRITE,493.0,,1889513976,13.121625
WRITE,493.0,,1889801958,13.123625
WRITE,494.0,,1890089939,13.125625
WRITE,495.0,,1890377921,13.127624
WRITE,495.0,,1890665902,13.129624
WRITE,496.0,,1890953883,13.131624
WRITE,496.0,,1891241865,13.133624
WRITE,497.0,,1891529846,13.135624
WRITE,497.0,,1891817828,13.137624
WRITE,498.0,,1892105809,13.139624
WRITE,499.0,,1892393790,13.141624
WRITE,499.0,,1892681772,13.143623
WRITE,500.0,,1892969753,13.145623
WRITE,500.0,,1893257735,13.147623
WRITE,501.0,,1893545716,13.149623
WRITE,501.0,,1893833698,13.151623
WRITE,502.0,,1894121679,13.153623
WRITE,502.0,,1894409660,13.155623
WRITE,503.0,,1894697642,13.157623
WRITE,503.0,,1894985623,13.159622
WRITE,504.0,,1895273605,13.161622
WRITE,504.0,,1895561586,13.163622
WRITE,505.0,,1895849568,13.165622
WRITE,505.0,,1896137549,13.167622
WRITE,506.0,,1896425530,13.169622
WRITE,506.0,,1896713512,13.171622
WRITE,506.0,,1897001493,13.173621
WRITE,507.0,,1897289475,13.175621
WRITE,507.0,,1897577456,13.177621
WRITE,507.0,,1897865438,13.179621
WRITE,508.0,,1898153419,13.181621
WRITE,508.0,,1898441400,13.183621
WRITE,508.0,,1898729382,13.185621
WRITE,509.0,,1899017363,13.187621
WRITE,509.0,,1899305345,13.189620
WRITE,509.0,,1899593326,13.191620
WRITE,510.0,,1899881307,13.193620
WRITE,510.0,,1900169289,13.195620
WRITE,511.0,,1900457270,13.197620
WRITE,511.0,,1900745252,13.199620
WRITE,511.0,,1901033233,13.201620
WRITE,512.0,,1901321215,13.203620
WRITE,512.0,,1901609196,13.205619
WRITE,512.0,,1901897177,13.207619
WRITE,512.0,,1902185159,13.209619
WRITE,513.0,,1902473140,13.211619
WRITE,513.0,,1902761122,13.213619
WRITE,513.0,,1903049103,13.215619
WRITE,514.0,,1903337085,13.217619
WRITE,514.0,,1903625066,13.219619
WRITE,514.0,,1903913047,13.221618
WRITE,514.0,,1904201029,13.223618
WRITE,515.0,,1904489010,13.225618
WRITE,515.0,,1904776992,13.227618
WRITE,515.0,,1905064973,13.229618
WRITE,516.0,,1905352954,13.231618
WRITE,516.0,,1905640936,13.233618
WRITE,516.0,,1905928917,13.235617
WRITE,516.0,,1906216899,13.237617
WRITE,516.0,,1906504880,13.239617
WRITE,517.0,,1906792862,13.241617
WRITE,517.0,,1907080843,13.243617
WRITE,517.0,,1907368824,13.245617
WRITE,517.0,,1907656806,13.247617
WRITE,517.0,,1907944787,13.249617
WRITE,518.0,,1908232769,13.251616
WRITE,518.0,,1908520750,13.253616
WRITE,518.0,,1908808732,13.255616
WRITE,518.0,,1909096713,13.257616
WRITE,518.0,,1909384694,13.259616
WRITE,518.0,,1909672676,13.261616
WRITE,518.0,,1909960657,13.263616
WRITE,519.0,,1910248639,13.265616
WRITE,519.0,,1910536620,13.267615
WRITE,519.0,,1910824601,13.269615
WRITE,519.0,,1911112583,13.271615
WRITE,519.0,,1911400564,13.273615
WRITE,519.0,,1911688546,13.275615
WRITE,520.0,,1911976527,13.277615
WRITE,520.0,,1912264509,13.279615
WRITE,520.0,,1912552490,13.281615
WRITE,520.0,,1912840471,13.283614
WRITE,520.0,,1913128453,13.285614
WRITE,520.0,,1913416434,13.287614
WRITE,520.0,,1913704416,13.289614
WRITE,520.0,,1913992397,13.291614
WRITE,520.0,,1914280379,13.293614
WRITE,519.0,,1914568360,13.295614
WRITE,519.0,,1914856341,13.297613
WRITE,519.0,,1915144323,13.299613
WRITE,519.0,,1915432304,13.301613
WRITE,519.0,,1915720286,13.303613
WRITE,519.0,,1916008267,13.305613
WRITE,519.0,,1916296249,13.307613
WRITE,519.0,,1916584230,13.309613
WRITE,519.0,,1916872211,13.311613
WRITE,519.0,,1917160193,13.313612
WRITE,519.0,,1917448174,13.315612
WRITE,519.0,,1917736156,13.317612
WRITE,519.0,,1918024137,13.319612
WRITE,519.0,,1918312118,13.321612
WRITE,519.0,,1918600100,13.323612
WRITE,519.0,,1918888081,13.325612
WRITE,519.0,,1919176063,13.327612
WRITE,519.0,,1919464044,13.329611
WRITE,519.0,,1919752026,13.331611
WRITE,519.0,,1920040007,13.333611
WRITE,519.0,,1920327988,13.335611
WRITE,519.0,,1920615970,13.337611
WRITE,519.0,,1920903951,13.339611
WRITE,519.0,,1921191933,13.341611
WRITE,519.0,,1921479914,13.343611
WRITE,519.0,,1921767896,13.345610
WRITE,519.0,,1922055877,13.347610
WRITE,519.0,,1922343858,13.349610
WRITE,519.0,,1922631840,13.351610
WRITE,519.0,,1922919821,13.353610
WRITE,519.0,,1923207803,13.355610
WRITE,519.0,,1923495784,13.357610
WRITE,519.0,,1923783765,13.359609
WRITE,519.0,,1924071747,13.361609
WRITE,519.0,,1924359728,13.363609
WRITE,519.0,,1924647710,13.365609
WRITE,519.0,,1924935691,13.367609
WRITE,519.0,,1925223673,13.369609
WRITE,519.0,,1925511654,13.371609
WRITE,519.0,,1925799635,13.373609
WRITE,519.0,,1926087617,13.375608
WRITE,519.0,,1926375598,13.377608
WRITE,519.0,,1926663580,13.379608
WRITE,519.0,,1926951561,13.381608
WRITE,519.0,,1927239543,13.383608
WRITE,519.0,,1927527524,13.385608
WRITE,519.0,,1927815505,13.387608
WRITE,519.0,,1928103487,13.389608
WRITE,519.0,,1928391468,13.391607
WRITE,519.0,,1928679450,13.393607
WRITE,519.0,,1928967431,13.395607
WRITE,519.0,,1929255412,13.397607
WRITE,519.0,,1929543394,13.399607
WRITE,519.0,,1929831375,13.401607
WRITE,519.0,,1930119357,13.403607
WRITE,519.0,,1930407338,13.405607
WRITE,519.0,,1930695320,13.407606
WRITE,519.0,,1930983301,13.409606
WRITE,519.0,,1931271282,13.411606
WRITE,519.0,,1931559264,13.413606
WRITE,519.0,,1931847245,13.415606
WRITE,519.0,,1932135227,13.417606
WRITE,519.0,,1932423208,13.419606
WRITE,519.0,,1932711190,13.421605
WRITE,519.0,,1932999171,13.423605
WRITE,519.0,,1933287152,13.425605
WRITE,519.0,,1933575134,13.427605
WRITE,519.0,,1933863115,13.429605
WRITE,519.0,,1934151097,13.431605
WRITE,519.0,,1934439078,13.433605
WRITE,519.0,,1934727060,13.435605
WRITE,519.0,,1935015041,13.437604
WRITE,519.0,,1935303022,13.439604
WRITE,519.0,,1935591004,13.441604
WRITE,519.0,,1935878985,13.443604
WRITE,519.0,,1936166967,13.445604
WRITE,519.0,,1936454948,13.447604
WRITE,519.0,,1936742929,13.449604
WRITE,519.0,,1937030911,13.451604
WRITE,519.0,,1937318892,13.453603
WRITE,519.0,,1937606874,13.455603
WRITE,519.0,,1937894855,13.457603
WRITE,519.0,,1938182837,13.459603
WRITE,519.0,,1938470818,13.461603
WRITE,519.0,,1938758799,13.463603
WRITE,519.0,,1939046781,13.465603
WRITE,519.0,,1939334762,13.467603
WRITE,519.0,,1939622744,13.469602
WRITE,519.0,,1939910725,13.471602
WRITE,519.0,,1940198707,13.473602
WRITE,519.0,,1940486688,13.475602
WRITE,519.0,,1940774669,13.477602
WRITE,519.0,,1941062651,13.479602
WRITE,519.0,,1941350632,13.481602
WRITE,519.0,,1941638614,13.483601
WRITE,519.0,,1941926595,13.485601
WRITE,519.0,,1942214576,13.487601
WRITE,519.0,,1942502558,13.489601
WRITE,519.0,,1942790539,13.491601
WRITE,519.0,,1943078521,13.493601
WRITE,519.0,,1943366502,13.495601
WRITE,519.0,,1943654484,13.497601
WRITE,519.0,,1943945075,13.499619
WRITE,519.0,,1944230443,13.501600
WRITE,519.0,,1944518425,13.503600
WRITE,519.0,,1944806406,13.505600
WRITE,519.0,,1945094388,13.507600
WRITE,519.0,,1945382369,13.509600
WRITE,519.0,,1945670351,13.511600
WRITE,519.0,,1945958332,13.513600
WRITE,520.0,,1946246313,13.515599
WRITE,521.0,,1946534295,13.517599
WRITE,522.0,,1946822276,13.519599
WRITE,523.0,,1947110258,13.521599
WRITE,525.0,,1947398239,13.523599
WRITE,527.0,,1947686220,13.525599
WRITE,529.0,,1947974202,13.527599
WRITE,531.0,,1948262183,13.529598
WRITE,533.0,,1948550165,13.531598
WRITE,535.0,,1948838146,13.533598
WRITE,537.0,,1949126128,13.535598
WRITE,539.0,,1949414109,13.537598
WRITE,541.0,,1949702090,13.539598
WRITE,544.0,,1949990072,13.541598
WRITE,546.0,,1950278053,13.543598
WRITE,548.0,,1950566035,13.545597
WRITE,550.0,,1950854016,13.547597
WRITE,552.0,,1951141998,13.549597
WRITE,554.0,,1951429979,13.551597
WRITE,556.0,,1951717960,13.553597
WRITE,558.0,,1952005942,13.555597
WRITE,560.0,,1952293923,13.557597
WRITE,562.0,,1952581905,13.559597
WRITE,564.0,,1952869886,13.561596
WRITE,565.0,,1953157868,13.563596
WRITE,567.0,,1953445849,13.565596
WRITE,568.0,,1953733830,13.567596
WRITE,570.0,,1954021812,13.569596
WRITE,571.0,,1954309793,13.571596
WRITE,573.0,,1954597775,13.573596
WRITE,574.0,,1954885756,13.575596
WRITE,576.0,,1955173737,13.577595
WRITE,577.0,,1955461719,13.579595
WRITE,578.0,,1955749700,13.581595
WRITE,579.0,,1956037682,13.583595
WRITE,580.0,,1956325663,13.585595
WRITE,582.0,,1956613645,13.587595
WRITE,583.0,,1956901626,13.589595
WRITE,584.0,,1957189607,13.591594
WRITE,584.0,,1957477589,13.593594
WRITE,585.0,,1957765570,13.595594
WRITE,586.0,,1958053552,13.597594
WRITE,587.0,,1958341533,13.599594
WRITE,588.0,,1958629515,13.601594
WRITE,589.0,,1958917496,13.603594
WRITE,590.0,,1959205477,13.605594
WRITE,591.0,,1959493459,13.607593
WRITE,592.0,,1959781440,13.609593
WRITE,593.0,,1960069422,13.611593
WRITE,594.0,,1960357403,13.613593
WRITE,595.0,,1960645384,13.615593
WRITE,595.0,,1960933366,13.617593
WRITE,596.0,,1961221347,13.619593
WRITE,597.0,,1961509329,13.621593
WRITE,598.0,,1961797310,13.623592
WRITE,599.0,,1962085292,13.625592
WRITE,599.0,,1962373273,13.627592
WRITE,600.0,,1962661254,13.629592
WRITE,600.0,,1962949236,13.631592
WRITE,601.0,,1963237217,13.633592
WRITE,602.0,,1963525199,13.635592
WRITE,602.0,,1963813180,13.637592
WRITE,603.0,,1964101162,13.639591
WRITE,604.0,,1964389143,13.641591
WRITE,604.0,,1964677124,13.643591
WRITE,605.0,,1964965106,13.645591
WRITE,605.0,,1965253087,13.647591
WRITE,606.0,,1965541069,13.649591
WRITE,606.0,,1965829050,13.651591
WRITE,607.0,,1966117031,13.653590
WRITE,607.0,,1966405013,13.655590
WRITE,608.0,,1966692994,13.657590
WRITE,608.0,,1966980976,13.659590
WRITE,609.0,,1967268957,13.661590
WRITE,610.0,,1967556939,13.663590
WRITE,610.0,,1967844920,13.665590
WRITE,611.0,,1968132901,13.667590
WRITE,611.0,,1968420883,13.669589
WRITE,612.0,,1968708864,13.671589
WRITE,612.0,,1968996846,13.673589
WRITE,613.0,,1969284827,13.675589
WRITE,613.0,,1969572809,13.677589
WRITE,614.0,,1969860790,13.679589
WRITE,614.0,,1970148771,13.681589
WRITE,615.0,,1970436753,13.683589
WRITE,615.0,,1970724734,13.685588
WRITE,615.0,,1971012716,13.687588
WRITE,616.0,,1971300697,13.689588
WRITE,616.0,,1971588679,13.691588
WRITE,616.0,,1971876660,13.693588
WRITE,617.0,,1972164641,13.695588
WRITE,617.0,,1972452623,13.697588
WRITE,617.0,,1972740604,13.699588
WRITE,617.0,,1973028586,13.701587
WRITE,617.0,,1973316567,13.703587
WRITE,618.0,,1973604548,13.705587
WRITE,618.0,,1973892530,13.707587
WRITE,618.0,,1974180511,13.709587
WRITE,618.0,,1974468493,13.711587
WRITE,618.0,,1974756474,13.713587
WRITE,619.0,,1975044456,13.715587
WRITE,619.0,,1975332437,13.717586
WRITE,619.0,,1975620418,13.719586
WRITE,619.0,,1975908400,13.721586
WRITE,619.0,,1976196381,13.723586
WRITE,619.0,,1976484363,13.725586
WRITE,620.0,,1976772344,13.727586
WRITE,620.0,,1977060326,13.729586
WRITE,620.0,,1977348307,13.731585
WRITE,620.0,,1977636288,13.733585
WRITE,620.0,,1977924270,13.735585
WRITE,621.0,,1978212251,13.737585
WRITE,621.0,,1978500233,13.739585
WRITE,621.0,,1978788214,13.741585
WRITE,621.0,,1979076195,13.743585
WRITE,621.0,,1979364177,13.745585
WRITE,621.0,,1979652158,13.747584
WRITE,621.0,,1979940140,13.749584
WRITE,621.0,,1980228121,13.751584
WRITE,621.0,,1980516103,13.753584
WRITE,621.0,,1980804084,13.755584
WRITE,621.0,,1981092065,13.757584
WRITE,621.0,,1981380047,13.759584
WRITE,621.0,,1981668028,13.761584
WRITE,621.0,,1981956010,13.763583
WRITE,621.0,,1982243991,13.765583
WRITE,621.0,,1982531973,13.767583
WRITE,621.0,,1982819954,13.769583
WRITE,621.0,,1983107935,13.771583
WRITE,621.0,,1983395917,13.773583
WRITE,621.0,,1983683898,13.775583
WRITE,621.0,,1983971880,13.777583
WRITE,621.0,,1984259861,13.779582
WRITE,621.0,,1984547842,13.781582
WRITE,621.0,,1984835824,13.783582
WRITE,621.0,,1985123805,13.785582
WRITE,621.0,,1985411787,13.787582
WRITE,621.0,,1985699768,13.789582
WRITE,621.0,,1985987750,13.791582
WRITE,621.0,,1986275731,13.793581
WRITE,621.0,,1986563712,13.795581
WRITE,621.0,,1986851694,13.797581
WRITE,621.0,,1987139675,13.799581
WRITE,621.0,,1987427657,13.801581
WRITE,621.0,,1987715638,13.803581
WRITE,621.0,,1988003620,13.805581
WRITE,621.0,,1988291601,13.807581
WRITE,621.0,,1988579582,13.809580
WRITE,621.0,,1988867564,13.811580
WRITE,621.0,,1989155545,13.813580
WRITE,621.0,,1989443527,13.815580
WRITE,621.0,,1989731508,13.817580
WRITE,621.0,,1990019490,13.819580
WRITE,621.0,,1990307471,13.821580
WRITE,621.0,,1990595452,13.823580
WRITE,621.0,,1990883434,13.825579
WRITE,621.0,,1991171415,13.827579
WRITE,621.0,,1991459397,13.829579
WRITE,621.0,,1991747378,13.831579
WRITE,621.0,,1992035359,13.833579
WRITE,621.0,,1992323341,13.835579
WRITE,621.0,,1992611322,13.837579
WRITE,621.0,,1992899304,13.839579
WRITE,621.0,,1993187285,13.841578
WRITE,621.0,,1993475267,13.843578
WRITE,621.0,,1993763248,13.845578
WRITE,621.0,,1994051229,13.847578
WRITE,621.0,,1994339211,13.849578
WRITE,621.0,,1994627192,13.851578
WRITE,621.0,,1994915174,13.853578
WRITE,621.0,,1995203155,13.855577
WRITE,621.0,,1995491137,13.857577
WRITE,621.0,,1995779118,13.859577
WRITE,621.0,,1996067099,13.861577
WRITE,621.0,,1996355081,13.863577
WRITE,621.0,,1996643062,13.865577
WRITE,621.0,,1996931044,13.867577
WRITE,621.0,,1997219025,13.869577
WRITE,621.0,,1997507006,13.871576
WRITE,621.0,,1997794988,13.873576
WRITE,621.0,,1998082969,13.875576
WRITE,621.0,,1998370951,13.877576
WRITE,621.0,,1998658932,13.879576
WRITE,621.0,,1998946914,13.881576
WRITE,621.0,,1999234895,13.883576
WRITE,621.0,,1999522876,13.885576
WRITE,621.0,,1999810858,13.887575
WRITE,621.0,,2000098839,13.889575
WRITE,621.0,,2000386821,13.891575
WRITE,621.0,,2000674802,13.893575
WRITE,621.0,,2000962784,13.895575
WRITE,621.0,,2001250765,13.897575
WRITE,621.0,,2001538746,13.899575
WRITE,621.0,,2001826728,13.901575
WRITE,621.0,,2002114709,13.903574
WRITE,621.0,,2002402691,13.905574
WRITE,621.0,,2002690672,13.907574
WRITE,621.0,,2002978653,13.909574
WRITE,621.0,,2003266635,13.911574
WRITE,621.0,,2003554616,13.913574
WRITE,621.0,,2003842598,13.915574
WRITE,621.0,,2004130579,13.917573
WRITE,621.0,,2004418561,13.919573
WRITE,621.0,,2004706542,13.921573
WRITE,621.0,,2004994523,13.923573
WRITE,621.0,,2005282505,13.925573
WRITE,621.0,,2005570486,13.927573
WRITE,621.0,,2005858468,13.929573
WRITE,621.0,,2006146449,13.931573
WRITE,621.0,,2006434431,13.933572
WRITE,621.0,,2006722412,13.935572
WRITE,621.0,,2007010393,13.937572
WRITE,621.0,,2007298375,13.939572
WRITE,621.0,,2007586356,13.941572
WRITE,621.0,,2007874338,13.943572
WRITE,621.0,,2008162319,13.945572
WRITE,621.0,,2008450301,13.947572
WRITE,621.0,,2008738282,13.949571
WRITE,621.0,,2009026263,13.951571
WRITE,621.0,,2009314245,13.953571
WRITE,621.0,,2009602226,13.955571
WRITE,621.0,,2009890208,13.957571
WRITE,621.0,,2010178189,13.959571
WRITE,621.0,,2010466170,13.961571
WRITE,621.0,,2010754152,13.963571
WRITE,621.0,,2011042133,13.965570
WRITE,621.0,,2011330115,13.967570
WRITE,621.0,,2011618096,13.969570
WRITE,621.0,,2011906078,13.971570
WRITE,621.0,,2012194059,13.973570
WRITE,621.0,,2012482040,13.975570
WRITE,621.0,,2012770022,13.977570
WRITE,621.0,,2013058003,13.979569
WRITE,621.0,,2013345985,13.981569
WRITE,621.0,,2013633966,13.983569
WRITE,621.0,,2013921948,13.985569
WRITE,621.0,,2014209929,13.987569
WRITE,621.0,,2014497910,13.989569
WRITE,621.0,,2014785892,13.991569
WRITE,621.0,,2015073873,13.993569
WRITE,621.0,,2015361855,13.995568
WRITE,621.0,,2015649836,13.997568
WRITE,621.0,,2015940427,13.999586
WRITE,621.0,,2016225796,14.001568
WRITE,621.0,,2016513777,14.003568
WRITE,621.0,,2016801759,14.005568
WRITE,621.0,,2017089740,14.007568
WRITE,621.0,,2017377722,14.009568
WRITE,621.0,,2017665703,14.011567
WRITE,621.0,,2017953684,14.013567
WRITE,621.0,,2018241666,14.015567
WRITE,622.0,,2018529647,14.017567
WRITE,623.0,,2018817629,14.019567
WRITE,625.0,,2019105610,14.021567
WRITE,626.0,,2019393592,14.023567
WRITE,628.0,,2019681573,14.025566
WRITE,630.0,,2019969554,14.027566
WRITE,631.0,,2020257536,14.029566
WRITE,634.0,,2020545517,14.031566
WRITE,636.0,,2020833499,14.033566
WRITE,638.0,,2021121480,14.035566
WRITE,640.0,,2021409461,14.037566
WRITE,643.0,,2021697443,14.039566
WRITE,645.0,,2021985424,14.041565
WRITE,647.0,,2022273406,14.043565
WRITE,650.0,,2022561387,14.045565
WRITE,652.0,,2022849369,14.047565
WRITE,654.0,,2023137350,14.049565
WRITE,657.0,,2023425331,14.051565
WRITE,659.0,,2023713313,14.053565
WRITE,661.0,,2024001294,14.055565
WRITE,663.0,,2024289276,14.057564
WRITE,665.0,,2024577257,14.059564
WRITE,667.0,,2024865239,14.061564
WRITE,668.0,,2025153220,14.063564
WRITE,670.0,,2025441201,14.065564
WRITE,672.0,,2025729183,14.067564
WRITE,673.0,,2026017164,14.069564
WRITE,675.0,,2026305146,14.071564
WRITE,676.0,,2026593127,14.073563
WRITE,678.0,,2026881109,14.075563
WRITE,679.0,,2027169090,14.077563
WRITE,680.0,,2027457071,14.079563
WRITE,681.0,,2027745053,14.081563
WRITE,683.0,,2028033034,14.083563
WRITE,684.0,,2028321016,14.085563
WRITE,685.0,,2028608997,14.087562
WRITE,686.0,,2028896978,14.089562
WRITE,687.0,,2029184960,14.091562
WRITE,688.0,,2029472941,14.093562
WRITE,689.0,,2029760923,14.095562
WRITE,690.0,,2030048904,14.097562
WRITE,691.0,,2030336886,14.099562
WRITE,692.0,,2030624867,14.101562
WRITE,693.0,,2030912848,14.103561
WRITE,693.0,,2031200830,14.105561
WRITE,694.0,,2031488811,14.107561
WRITE,695.0,,2031776793,14.109561
WRITE,696.0,,2032064774,14.111561
WRITE,697.0,,2032352756,14.113561
WRITE,698.0,,2032640737,14.115561
WRITE,698.0,,2032928718,14.117561
WRITE,699.0,,2033216700,14.119560
WRITE,700.0,,2033504681,14.121560
WRITE,701.0,,2033792663,14.123560
WRITE,701.0,,2034080644,14.125560
WRITE,702.0,,2034368625,14.127560
WRITE,703.0,,2034656607,14.129560
WRITE,704.0,,2034944588,14.131560
WRITE,704.0,,2035232570,14.133560
WRITE,705.0,,2035520551,14.135559
WRITE,706.0,,2035808533,14.137559
WRITE,706.0,,2036096514,14.139559
WRITE,707.0,,2036384495,14.141559
WRITE,707.0,,2036672477,14.143559
WRITE,708.0,,2036960458,14.145559
WRITE,708.0,,2037248440,14.147559
WRITE,709.0,,2037536421,14.149558
WRITE,709.0,,2037824403,14.151558
WRITE,710.0,,2038112384,14.153558
WRITE,710.0,,2038400365,14.155558
WRITE,711.0,,2038688347,14.157558
WRITE,711.0,,2038976328,14.159558
WRITE,712.0,,2039264310,14.161558
WRITE,712.0,,2039552291,14.163558
WRITE,712.0,,2039840272,14.165557
WRITE,713.0,,2040128254,14.167557
WRITE,713.0,,2040416235,14.169557
WRITE,713.0,,2040704217,14.171557
WRITE,714.0,,2040992198,14.173557
WRITE,714.0,,2041280180,14.175557
WRITE,714.0,,2041568161,14.177557
WRITE,715.0,,2041856142,14.179557
WRITE,715.0,,2042144124,14.181556
WRITE,715.0,,2042432105,14.183556
WRITE,716.0,,2042720087,14.185556
WRITE,716.0,,2043008068,14.187556
WRITE,716.0,,2043296050,14.189556
WRITE,717.0,,2043584031,14.191556
WRITE,717.0,,2043872012,14.193556
WRITE,717.0,,2044159994,14.195556
WRITE,718.0,,2044447975,14.197555
WRITE,718.0,,2044735957,14.199555
WRITE,719.0,,2045023938,14.201555
WRITE,719.0,,2045311920,14.203555
WRITE,719.0,,2045599901,14.205555
WRITE,719.0,,2045887882,14.207555
WRITE,720.0,,2046175864,14.209555
WRITE,720.0,,2046463845,14.211554
WRITE,720.0,,2046751827,14.213554
WRITE,721.0,,2047039808,14.215554
WRITE,721.0,,2047327789,14.217554
WRITE,721.0,,2047615771,14.219554
WRITE,722.0,,2047903752,14.221554
WRITE,722.0,,2048191734,14.223554
WRITE,722.0,,2048479715,14.225554
WRITE,723.0,,2048767697,14.227553
WRITE,723.0,,2049055678,14.229553
WRITE,723.0,,2049343659,14.231553
WRITE,723.0,,2049631641,14.233553
WRITE,724.0,,2049919622,14.235553
WRITE,724.0,,2050207604,14.237553
WRITE,724.0,,2050495585,14.239553
WRITE,724.0,,2050783567,14.241553
WRITE,724.0,,2051071548,14.243552
WRITE,724.0,,2051359529,14.245552
WRITE,725.0,,2051647511,14.247552
WRITE,725.0,,2051935492,14.249552
WRITE,725.0,,2052223474,14.251552
WRITE,725.0,,2052511455,14.253552
WRITE,725.0,,2052799436,14.255552
WRITE,726.0,,2053087418,14.257552
WRITE,726.0,,2053375399,14.259551
WRITE,726.0,,2053663381,14.261551
WRITE,726.0,,2053951362,14.263551
WRITE,726.0,,2054239344,14.265551
WRITE,726.0,,2054527325,14.267551
WRITE,726.0,,2054815306,14.269551
WRITE,726.0,,2055103288,14.271551
WRITE,726.0,,2055391269,14.273550
WRITE,726.0,,2055679251,14.275550
WRITE,725.0,,2055967232,14.277550
WRITE,725.0,,2056255214,14.279550
WRITE,725.0,,2056543195,14.281550
WRITE,725.0,,2056831176,14.283550
WRITE,725.0,,2057119158,14.285550
WRITE,725.0,,2057407139,14.287550
WRITE,725.0,,2057695121,14.289549
WRITE,725.0,,2057983102,14.291549
WRITE,725.0,,2058271083,14.293549
WRITE,725.0,,2058559065,14.295549
WRITE,725.0,,2058847046,14.297549
WRITE,725.0,,2059135028,14.299549
WRITE,725.0,,2059423009,14.301549
WRITE,725.0,,2059710991,14.303549
WRITE,725.0,,2059998972,14.305548
WRITE,725.0,,2060286953,14.307548
WRITE,725.0,,2060574935,14.309548
WRITE,725.0,,2060862916,14.311548
WRITE,725.0,,2061150898,14.313548
WRITE,725.0,,2061438879,14.315548
WRITE,725.0,,2061726861,14.317548
WRITE,725.0,,2062014842,14.319548
WRITE,725.0,,2062302823,14.321547
WRITE,725.0,,2062590805,14.323547
WRITE,725.0,,2062878786,14.325547
WRITE,725.0,,2063166768,14.327547
WRITE,725.0,,2063454749,14.329547
WRITE,725.0,,2063742731,14.331547
WRITE,725.0,,2064030712,14.333547
WRITE,725.0,,2064318693,14.335546
WRITE,725.0,,2064606675,14.337546
WRITE,725.0,,2064894656,14.339546
WRITE,725.0,,2065182638,14.341546
WRITE,725.0,,2065470619,14.343546
WRITE,725.0,,2065758600,14.345546
WRITE,725.0,,2066046582,14.347546
WRITE,725.0,,2066334563,14.349546
WRITE,725.0,,2066622545,14.351545
WRITE,725.0,,2066910526,14.353545
WRITE,725.0,,2067198508,14.355545
WRITE,725.0,,2067486489,14.357545
WRITE,725.0,,2067774470,14.359545
WRITE,725.0,,2068062452,14.361545
WRITE,725.0,,2068350433,14.363545
WRITE,725.0,,2068638415,14.365545
WRITE,725.0,,2068926396,14.367544
WRITE,725.0,,2069214378,14.369544
WRITE,725.0,,2069502359,14.371544
WRITE,725.0,,2069790340,14.373544
WRITE,725.0,,2070078322,14.375544
WRITE,725.0,,2070366303,14.377544
WRITE,725.0,,2070654285,14.379544
WRITE,725.0,,2070942266,14.381544
WRITE,725.0,,2071230247,14.383543
WRITE,725.0,,2071518229,14.385543
WRITE,725.0,,2071806210,14.387543
WRITE,725.0,,2072094192,14.389543
WRITE,725.0,,2072382173,14.391543
WRITE,725.0,,2072670155,14.393543
WRITE,725.0,,2072958136,14.395543
WRITE,725.0,,2073246117,14.397542
WRITE,725.0,,2073534099,14.399542
WRITE,725.0,,2073822080,14.401542
WRITE,725.0,,2074110062,14.403542
WRITE,725.0,,2074398043,14.405542
WRITE,725.0,,2074686025,14.407542
WRITE,725.0,,2074974006,14.409542
WRITE,725.0,,2075261987,14.411542
WRITE,725.0,,2075549969,14.413541
WRITE,725.0,,2075837950,14.415541
WRITE,725.0,,2076125932,14.417541
WRITE,725.0,,2076413913,14.419541
WRITE,725.0,,2076701894,14.421541
WRITE,725.0,,2076989876,14.423541
WRITE,725.0,,2077277857,14.425541
WRITE,725.0,,2077565839,14.427541
WRITE,725.0,,2077853820,14.429540
WRITE,725.0,,2078141802,14.431540
WRITE,725.0,,2078429783,14.433540
WRITE,725.0,,2078717764,14.435540
WRITE,725.0,,2079005746,14.437540
WRITE,725.0,,2079293727,14.439540
WRITE,725.0,,2079581709,14.441540
WRITE,725.0,,2079869690,14.443540
WRITE,725.0,,2080157672,14.445539
WRITE,725.0,,2080445653,14.447539
WRITE,725.0,,2080733634,14.449539
WRITE,725.0,,2081021616,14.451539
WRITE,725.0,,2081309597,14.453539
WRITE,725.0,,2081597579,14.455539
WRITE,725.0,,2081885560,14.457539
WRITE,725.0,,2082173542,14.459538
WRITE,725.0,,2082461523,14.461538
WRITE,725.0,,2082749504,14.463538
WRITE,725.0,,2083037486,14.465538
WRITE,725.0,,2083325467,14.467538
WRITE,725.0,,2083613449,14.469538
WRITE,725.0,,2083901430,14.471538
WRITE,725.0,,2084189411,14.473538
WRITE,725.0,,2084477393,14.475537
WRITE,725.0,,2084765374,14.477537
WRITE,725.0,,2085053356,14.479537
WRITE,725.0,,2085341337,14.481537
WRITE,725.0,,2085629319,14.483537
WRITE,725.0,,2085917300,14.485537
WRITE,725.0,,2086205281,14.487537
WRITE,725.0,,2086493263,14.489537
WRITE,725.0,,2086781244,14.491536
WRITE,725.0,,2087069226,14.493536
WRITE,725.0,,2087357207,14.495536
WRITE,725.0,,2087645189,14.497536
WRITE,725.0,,2087935780,14.499554
WRITE,725.0,,2088221148,14.501536
WRITE,725.0,,2088509130,14.503536
WRITE,725.0,,2088797111,14.505535
WRITE,725.0,,2089085093,14.507535
WRITE,725.0,,2089373074,14.509535
WRITE,725.0,,2089661055,14.511535
WRITE,725.0,,2089949037,14.513535
WRITE,725.0,,2090237018,14.515535
WRITE,726.0,,2090525000,14.517535
WRITE,727.0,,2090812981,14.519535
WRITE,728.0,,2091100963,14.521534
WRITE,730.0,,2091388944,14.523534
WRITE,731.0,,2091676925,14.525534
WRITE,733.0,,2091964907,14.527534
WRITE,735.0,,2092252888,14.529534
WRITE,737.0,,2092540870,14.531534
WRITE,739.0,,2092828851,14.533534
WRITE,741.0,,2093116833,14.535534
WRITE,743.0,,2093404814,14.537533
WRITE,745.0,,2093692795,14.539533
WRITE,747.0,,2093980777,14.541533
WRITE,750.0,,2094268758,14.543533
WRITE,752.0,,2094556740,14.545533
WRITE,754.0,,2094844721,14.547533
WRITE,756.0,,2095132702,14.549533
WRITE,758.0,,2095420684,14.551533
WRITE,760.0,,2095708665,14.553532
WRITE,762.0,,2095996647,14.555532
WRITE,764.0,,2096284628,14.557532
WRITE,766.0,,2096572610,14.559532
