"WRITE";"9888.0";"";"2999120373";"20.827225 s"
"WRITE";"9888.0";"";"2999408354";"20.829225 s"
"WRITE";"9888.0";"";"2999696336";"20.831225 s"
"WRITE";"9888.0";"";"2999984317";"20.833224 s"
"WRITE";"9888.0";"";"3000272299";"20.835224 s"
"WRITE";"9888.0";"";"3000560280";"20.837224 s"
"WRITE";"9888.0";"";"3000848262";"20.839224 s"
"WRITE";"9888.0";"";"3001136243";"20.841224 s"
"WRITE";"9888.0";"";"3001424224";"20.843224 s"
"WRITE";"9888.0";"";"3001712206";"20.845224 s"
"WRITE";"9888.0";"";"3002000187";"20.847224 s"
"WRITE";"9888.0";"";"3002288169";"20.849223 s"
"WRITE";"9888.0";"";"3002576150";"20.851223 s"
"WRITE";"9888.0";"";"3002864131";"20.853223 s"
"WRITE";"9888.0";"";"3003152113";"20.855223 s"
"WRITE";"9888.0";"";"3003440094";"20.857223 s"
"WRITE";"9888.0";"";"3003728076";"20.859223 s"
"WRITE";"9888.0";"";"3004016057";"20.861223 s"
"WRITE";"9888.0";"";"3004304039";"20.863222 s"
"WRITE";"9888.0";"";"3004592020";"20.865222 s"
"WRITE";"9888.0";"";"3004880001";"20.867222 s"
"WRITE";"9888.0";"";"3005167983";"20.869222 s"
"WRITE";"9888.0";"";"3005455964";"20.871222 s"
"WRITE";"9888.0";"";"3005743946";"20.873222 s"
"WRITE";"9888.0";"";"3006031927";"20.875222 s"
"WRITE";"9888.0";"";"3006319909";"20.877222 s"
"WRITE";"9888.0";"";"3006607890";"20.879221 s"
"WRITE";"9888.0";"";"3006895871";"20.881221 s"
"WRITE";"9888.0";"";"3007183853";"20.883221 s"
"WRITE";"9888.0";"";"3007471834";"20.885221 s"
"WRITE";"9888.0";"";"3007759816";"20.887221 s"
"WRITE";"9888.0";"";"3008047797";"20.889221 s"
"WRITE";"9888.0";"";"3008335778";"20.891221 s"
"WRITE";"9888.0";"";"3008623760";"20.893221 s"
"WRITE";"9888.0";"";"3008911741";"20.895220 s"
"WRITE";"9888.0";"";"3009199723";"20.897220 s"
"WRITE";"9888.0";"";"3009487704";"20.899220 s"
"WRITE";"9888.0";"";"3009775686";"20.901220 s"
"WRITE";"9888.0";"";"3010063667";"20.903220 s"
"WRITE";"9888.0";"";"3010351648";"20.905220 s"
"WRITE";"9888.0";"";"3010639630";"20.907220 s"
"WRITE";"9888.0";"";"3010927611";"20.909220 s"
"WRITE";"9888.0";"";"3011215593";"20.911219 s"
"WRITE";"9888.0";"";"3011503574";"20.913219 s"
"WRITE";"9888.0";"";"3011791556";"20.915219 s"
"WRITE";"9888.0";"";"3012079537";"20.917219 s"
"WRITE";"9888.0";"";"3012367518";"20.919219 s"
"WRITE";"9888.0";"";"3012655500";"20.921219 s"
"WRITE";"9888.0";"";"3012943481";"20.923219 s"
"WRITE";"9888.0";"";"3013231463";"20.925218 s"
"WRITE";"9888.0";"";"3013519444";"20.927218 s"
"WRITE";"9888.0";"";"3013807426";"20.929218 s"
"WRITE";"9888.0";"";"3014095407";"20.931218 s"
"WRITE";"9888.0";"";"3014383388";"20.933218 s"
"WRITE";"9888.0";"";"3014671370";"20.935218 s"
"WRITE";"9888.0";"";"3014959351";"20.937218 s"
"WRITE";"9888.0";"";"3015247333";"20.939218 s"
"WRITE";"9888.0";"";"3015535314";"20.941217 s"
"WRITE";"9888.0";"";"3015823295";"20.943217 s"
"WRITE";"9888.0";"";"3016111277";"20.945217 s"
"WRITE";"9888.0";"";"3016399258";"20.947217 s"
"WRITE";"9888.0";"";"3016687240";"20.949217 s"
"WRITE";"9888.0";"";"3016975221";"20.951217 s"
"WRITE";"9888.0";"";"3017263203";"20.953217 s"
"WRITE";"9888.0";"";"3017551184";"20.955217 s"
"WRITE";"9888.0";"";"3017839165";"20.957216 s"
"WRITE";"9888.0";"";"3018127147";"20.959216 s"
"WRITE";"9888.0";"";"3018415128";"20.961216 s"
"WRITE";"9888.0";"";"3018703110";"20.963216 s"
"WRITE";"9888.0";"";"3018991091";"20.965216 s"
"WRITE";"9888.0";"";"3019279073";"20.967216 s"
"WRITE";"9888.0";"";"3019567054";"20.969216 s"
"WRITE";"9888.0";"";"3019855035";"20.971216 s"
"WRITE";"9888.0";"";"3020143017";"20.973215 s"
"WRITE";"9888.0";"";"3020430998";"20.975215 s"
"WRITE";"9888.0";"";"3020718980";"20.977215 s"
"WRITE";"9888.0";"";"3021006961";"20.979215 s"
"WRITE";"9888.0";"";"3021294942";"20.981215 s"
"WRITE";"9888.0";"";"3021582924";"20.983215 s"
"WRITE";"9888.0";"";"3021870905";"20.985215 s"
"WRITE";"9888.0";"";"3022158887";"20.987214 s"
"WRITE";"9888.0";"";"3022446868";"20.989214 s"
"WRITE";"9888.0";"";"3022734850";"20.991214 s"
"WRITE";"9888.0";"";"3023022831";"20.993214 s"
"WRITE";"9888.0";"";"3023310812";"20.995214 s"
"WRITE";"9888.0";"";"3023598794";"20.997214 s"
"WRITE";"9888.0";"";"3023886775";"20.999214 s"
"WRITE";"9888.0";"";"3024174757";"21.001214 s"
"WRITE";"9888.0";"";"3024462738";"21.003213 s"
"WRITE";"9888.0";"";"3024750720";"21.005213 s"
"WRITE";"9888.0";"";"3025038701";"21.007213 s"
"WRITE";"9888.0";"";"3025329290";"21.009231 s"
"WRITE";"9888.0";"";"3025614664";"21.011213 s"
"WRITE";"9888.0";"";"3025902645";"21.013213 s"
"WRITE";"9888.0";"";"3026190627";"21.015213 s"
"WRITE";"9888.0";"";"3026478608";"21.017213 s"
"WRITE";"9888.0";"";"3026766589";"21.019212 s"
"WRITE";"9888.0";"";"3027054571";"21.021212 s"
"WRITE";"9888.0";"";"3027342552";"21.023212 s"
"WRITE";"9888.0";"";"3027630534";"21.025212 s"
"WRITE";"9888.0";"";"3027918515";"21.027212 s"
"WRITE";"9888.0";"";"3028206497";"21.029212 s"
"WRITE";"9888.0";"";"3028494478";"21.031212 s"
"WRITE";"9888.0";"";"3028782459";"21.033212 s"
"WRITE";"9888.0";"";"3029070441";"21.035211 s"
"WRITE";"9888.0";"";"3029358422";"21.037211 s"
"WRITE";"9888.0";"";"3029646404";"21.039211 s"
"WRITE";"9888.0";"";"3029934385";"21.041211 s"
"WRITE";"9888.0";"";"3030222367";"21.043211 s"
"WRITE";"9888.0";"";"3030510348";"21.045211 s"
"WRITE";"9888.0";"";"3030798329";"21.047211 s"
"WRITE";"9888.0";"";"3031086311";"21.049210 s"
"WRITE";"9888.0";"";"3031374292";"21.051210 s"
"WRITE";"9888.0";"";"3031662274";"21.053210 s"
"WRITE";"9888.0";"";"3031950255";"21.055210 s"
"WRITE";"9888.0";"";"3032238237";"21.057210 s"
"WRITE";"9888.0";"";"3032526218";"21.059210 s"
"WRITE";"9888.0";"";"3032814199";"21.061210 s"
"WRITE";"9888.0";"";"3033102181";"21.063210 s"
"WRITE";"9888.0";"";"3033390162";"21.065209 s"
"WRITE";"9888.0";"";"3033678144";"21.067209 s"
"WRITE";"9888.0";"";"3033966125";"21.069209 s"
"WRITE";"9888.0";"";"3034254106";"21.071209 s"
"WRITE";"9888.0";"";"3034542088";"21.073209 s"
"WRITE";"9888.0";"";"3034830069";"21.075209 s"
"WRITE";"9888.0";"";"3035118051";"21.077209 s"
"WRITE";"9888.0";"";"3035406032";"21.079209 s"
"WRITE";"9888.0";"";"3035694014";"21.081208 s"
"WRITE";"9888.0";"";"3035981995";"21.083208 s"
"WRITE";"9888.0";"";"3036269976";"21.085208 s"
"WRITE";"9888.0";"";"3036557958";"21.087208 s"
"WRITE";"9888.0";"";"3036845939";"21.089208 s"
"WRITE";"9888.0";"";"3037133921";"21.091208 s"
"WRITE";"9888.0";"";"3037421902";"21.093208 s"
"WRITE";"9888.0";"";"3037709884";"21.095208 s"
"WRITE";"9888.0";"";"3037997865";"21.097207 s"
"WRITE";"9888.0";"";"3038285846";"21.099207 s"
"WRITE";"9888.0";"";"3038573828";"21.101207 s"
"WRITE";"9888.0";"";"3038861809";"21.103207 s"
"WRITE";"9888.0";"";"3039149791";"21.105207 s"
"WRITE";"9888.0";"";"3039437772";"21.107207 s"
"WRITE";"9888.0";"";"3039725753";"21.109207 s"
"WRITE";"9888.0";"";"3040013735";"21.111206 s"
"WRITE";"9888.0";"";"3040301716";"21.113206 s"
"WRITE";"9888.0";"";"3040589698";"21.115206 s"
"WRITE";"9888.0";"";"3040877679";"21.117206 s"
"WRITE";"9888.0";"";"3041165661";"21.119206 s"
"WRITE";"9888.0";"";"3041453642";"21.121206 s"
"WRITE";"9888.0";"";"3041741623";"21.123206 s"
"WRITE";"9888.0";"";"3042029605";"21.125206 s"
"WRITE";"9888.0";"";"3042317586";"21.127205 s"
"WRITE";"9888.0";"";"3042605568";"21.129205 s"
"WRITE";"9888.0";"";"3042893549";"21.131205 s"
"WRITE";"9888.0";"";"3043181531";"21.133205 s"
"WRITE";"9888.0";"";"3043469512";"21.135205 s"
"WRITE";"9888.0";"";"3043757493";"21.137205 s"
"WRITE";"9888.0";"";"3044045475";"21.139205 s"
"WRITE";"9888.0";"";"3044333456";"21.141205 s"
"WRITE";"9888.0";"";"3044621438";"21.143204 s"
"WRITE";"9888.0";"";"3044909419";"21.145204 s"
"WRITE";"9888.0";"";"3045197400";"21.147204 s"
"WRITE";"9888.0";"";"3045485382";"21.149204 s"
"WRITE";"9888.0";"";"3045773363";"21.151204 s"
"WRITE";"9888.0";"";"3046061345";"21.153204 s"
"WRITE";"9888.0";"";"3046349326";"21.155204 s"
"WRITE";"9888.0";"";"3046637308";"21.157204 s"
"WRITE";"9888.0";"";"3046925289";"21.159203 s"
"WRITE";"9888.0";"";"3047213270";"21.161203 s"
"WRITE";"9888.0";"";"3047501252";"21.163203 s"
"WRITE";"9888.0";"";"3047789233";"21.165203 s"
"WRITE";"9888.0";"";"3048077215";"21.167203 s"
"WRITE";"9888.0";"";"3048365196";"21.169203 s"
"WRITE";"9888.0";"";"3048653178";"21.171203 s"
"WRITE";"9888.0";"";"3048941159";"21.173202 s"
"WRITE";"9888.0";"";"3049229140";"21.175202 s"
"WRITE";"9888.0";"";"3049517122";"21.177202 s"
"WRITE";"9888.0";"";"3049805103";"21.179202 s"
"WRITE";"9888.0";"";"3050093085";"21.181202 s"
"WRITE";"9888.0";"";"3050381066";"21.183202 s"
"WRITE";"9888.0";"";"3050669048";"21.185202 s"
"WRITE";"9888.0";"";"3050957029";"21.187202 s"
"WRITE";"9888.0";"";"3051245010";"21.189201 s"
"WRITE";"9888.0";"";"3051532992";"21.191201 s"
"WRITE";"9888.0";"";"3051820973";"21.193201 s"
"WRITE";"9888.0";"";"3052108955";"21.195201 s"
"WRITE";"9888.0";"";"3052396936";"21.197201 s"
"WRITE";"9888.0";"";"3052684917";"21.199201 s"
"WRITE";"9888.0";"";"3052972899";"21.201201 s"
"WRITE";"9888.0";"";"3053260880";"21.203201 s"
"WRITE";"9888.0";"";"3053548862";"21.205200 s"
"WRITE";"9888.0";"";"3053836843";"21.207200 s"
"WRITE";"9888.0";"";"3054124825";"21.209200 s"
"WRITE";"9888.0";"";"3054412806";"21.211200 s"
"WRITE";"9888.0";"";"3054700787";"21.213200 s"
"WRITE";"9888.0";"";"3054988769";"21.215200 s"
"WRITE";"9888.0";"";"3055276750";"21.217200 s"
"WRITE";"9888.0";"";"3055564732";"21.219200 s"
"WRITE";"9888.0";"";"3055852713";"21.221199 s"
"WRITE";"9888.0";"";"3056140695";"21.223199 s"
"WRITE";"9888.0";"";"3056428676";"21.225199 s"
"WRITE";"9888.0";"";"3056716657";"21.227199 s"
"WRITE";"9888.0";"";"3057004639";"21.229199 s"
"WRITE";"9888.0";"";"3057292620";"21.231199 s"
"WRITE";"9888.0";"";"3057580602";"21.233199 s"
"WRITE";"9888.0";"";"3057868583";"21.235198 s"
"WRITE";"9888.0";"";"3058156564";"21.237198 s"
"WRITE";"9888.0";"";"3058444546";"21.239198 s"
"WRITE";"9888.0";"";"3058732527";"21.241198 s"
"WRITE";"9888.0";"";"3059020509";"21.243198 s"
"WRITE";"9888.0";"";"3059308490";"21.245198 s"
"WRITE";"9888.0";"";"3059596472";"21.247198 s"
"WRITE";"9888.0";"";"3059884453";"21.249198 s"
"WRITE";"9888.0";"";"3060172434";"21.251197 s"
"WRITE";"9888.0";"";"3060460416";"21.253197 s"
"WRITE";"9888.0";"";"3060748397";"21.255197 s"
"WRITE";"9888.0";"";"3061036379";"21.257197 s"
"WRITE";"9888.0";"";"3061324360";"21.259197 s"
"WRITE";"9888.0";"";"3061612342";"21.261197 s"
"WRITE";"9888.0";"";"3061900323";"21.263197 s"
"WRITE";"9888.0";"";"3062188304";"21.265197 s"
"WRITE";"9888.0";"";"3062476286";"21.267196 s"
"WRITE";"9888.0";"";"3062764267";"21.269196 s"
"WRITE";"9888.0";"";"3063052249";"21.271196 s"
"WRITE";"9888.0";"";"3063340230";"21.273196 s"
"WRITE";"9888.0";"";"3063628211";"21.275196 s"
"WRITE";"9888.0";"";"3063916193";"21.277196 s"
"WRITE";"9888.0";"";"3064204174";"21.279196 s"
"WRITE";"9888.0";"";"3064492156";"21.281196 s"
"WRITE";"9888.0";"";"3064780137";"21.283195 s"
"WRITE";"9888.0";"";"3065068119";"21.285195 s"
"WRITE";"9888.0";"";"3065356100";"21.287195 s"
"WRITE";"9888.0";"";"3065644081";"21.289195 s"
"WRITE";"9888.0";"";"3065932063";"21.291195 s"
"WRITE";"9888.0";"";"3066220044";"21.293195 s"
"WRITE";"9888.0";"";"3066508026";"21.295195 s"
"WRITE";"9888.0";"";"3066796007";"21.297194 s"
"WRITE";"9888.0";"";"3067083989";"21.299194 s"
"WRITE";"9888.0";"";"3067371970";"21.301194 s"
"WRITE";"9888.0";"";"3067659951";"21.303194 s"
"WRITE";"9888.0";"";"3067947933";"21.305194 s"
"WRITE";"9888.0";"";"3068235914";"21.307194 s"
"WRITE";"9888.0";"";"3068523896";"21.309194 s"
"WRITE";"9888.0";"";"3068811877";"21.311194 s"
"WRITE";"9888.0";"";"3069099859";"21.313193 s"
"WRITE";"9888.0";"";"3069387840";"21.315193 s"
"WRITE";"9888.0";"";"3069675821";"21.317193 s"
"WRITE";"9888.0";"";"3069963803";"21.319193 s"
"WRITE";"9888.0";"";"3070251784";"21.321193 s"
"WRITE";"9888.0";"";"3070539766";"21.323193 s"
"WRITE";"9888.0";"";"3070827747";"21.325193 s"
"WRITE";"9888.0";"";"3071115728";"21.327193 s"
"WRITE";"9888.0";"";"3071403710";"21.329192 s"
"WRITE";"9888.0";"";"3071691691";"21.331192 s"
"WRITE";"9888.0";"";"3071979673";"21.333192 s"
"WRITE";"9888.0";"";"3072267654";"21.335192 s"
"WRITE";"9888.0";"";"3072555636";"21.337192 s"
"WRITE";"9888.0";"";"3072843617";"21.339192 s"
"WRITE";"9888.0";"";"3073131598";"21.341192 s"
"WRITE";"9888.0";"";"3073419580";"21.343192 s"
"WRITE";"9888.0";"";"3073707561";"21.345191 s"
"WRITE";"9888.0";"";"3073995543";"21.347191 s"
"WRITE";"9888.0";"";"3074283524";"21.349191 s"
"WRITE";"9888.0";"";"3074571506";"21.351191 s"
"WRITE";"9888.0";"";"3074859487";"21.353191 s"
"WRITE";"9888.0";"";"3075147468";"21.355191 s"
"WRITE";"9888.0";"";"3075435450";"21.357191 s"
"WRITE";"9888.0";"";"3075723431";"21.359190 s"
"WRITE";"9888.0";"";"3076011413";"21.361190 s"
"WRITE";"9888.0";"";"3076299394";"21.363190 s"
"WRITE";"9888.0";"";"3076587375";"21.365190 s"
"WRITE";"9888.0";"";"3076875357";"21.367190 s"
"WRITE";"9888.0";"";"3077163338";"21.369190 s"
"WRITE";"9888.0";"";"3077451320";"21.371190 s"
"WRITE";"9888.0";"";"3077739301";"21.373190 s"
"WRITE";"9888.0";"";"3078027283";"21.375189 s"
"WRITE";"9888.0";"";"3078315264";"21.377189 s"
"WRITE";"9888.0";"";"3078603245";"21.379189 s"
"WRITE";"9888.0";"";"3078891227";"21.381189 s"
"WRITE";"9888.0";"";"3079179208";"21.383189 s"
"WRITE";"9888.0";"";"3079467190";"21.385189 s"
"WRITE";"9888.0";"";"3079755171";"21.387189 s"
"WRITE";"9888.0";"";"3080043153";"21.389189 s"
"WRITE";"9888.0";"";"3080331134";"21.391188 s"
"WRITE";"9888.0";"";"3080619115";"21.393188 s"
"WRITE";"9888.0";"";"3080907097";"21.395188 s"
"WRITE";"9888.0";"";"3081195078";"21.397188 s"
"WRITE";"9888.0";"";"3081483060";"21.399188 s"
"WRITE";"9888.0";"";"3081771041";"21.401188 s"
"WRITE";"9888.0";"";"3082059022";"21.403188 s"
"WRITE";"9888.0";"";"3082347004";"21.405188 s"
"WRITE";"9888.0";"";"3082634985";"21.407187 s"
"WRITE";"9888.0";"";"3082922967";"21.409187 s"
"WRITE";"9888.0";"";"3083210948";"21.411187 s"
"WRITE";"9888.0";"";"3083498930";"21.413187 s"
"WRITE";"9888.0";"";"3083786911";"21.415187 s"
"WRITE";"9888.0";"";"3084074892";"21.417187 s"
"WRITE";"9888.0";"";"3084362874";"21.419187 s"
"WRITE";"9888.0";"";"3084650855";"21.421186 s"
"WRITE";"9888.0";"";"3084938837";"21.423186 s"
"WRITE";"9888.0";"";"3085226818";"21.425186 s"
"WRITE";"9888.0";"";"3085514800";"21.427186 s"
"WRITE";"9888.0";"";"3085802781";"21.429186 s"
"WRITE";"9888.0";"";"3086090762";"21.431186 s"
"WRITE";"9888.0";"";"3086378744";"21.433186 s"
"WRITE";"9888.0";"";"3086666725";"21.435186 s"
"WRITE";"9888.0";"";"3086954707";"21.437185 s"
"WRITE";"9888.0";"";"3087242688";"21.439185 s"
"WRITE";"9888.0";"";"3087530670";"21.441185 s"
"WRITE";"9888.0";"";"3087818651";"21.443185 s"
"WRITE";"9888.0";"";"3088106632";"21.445185 s"
"WRITE";"9888.0";"";"3088394614";"21.447185 s"
"WRITE";"9888.0";"";"3088682595";"21.449185 s"
"WRITE";"9888.0";"";"3088970577";"21.451185 s"
"WRITE";"9888.0";"";"3089258558";"21.453184 s"
"WRITE";"9888.0";"";"3089546539";"21.455184 s"
"WRITE";"9888.0";"";"3089834521";"21.457184 s"
"WRITE";"9888.0";"";"3090122502";"21.459184 s"
"WRITE";"9888.0";"";"3090410484";"21.461184 s"
"WRITE";"9888.0";"";"3090698465";"21.463184 s"
"WRITE";"9888.0";"";"3090986447";"21.465184 s"
"WRITE";"9888.0";"";"3091274428";"21.467184 s"
"WRITE";"9888.0";"";"3091562409";"21.469183 s"
"WRITE";"9888.0";"";"3091850391";"21.471183 s"
"WRITE";"9888.0";"";"3092138372";"21.473183 s"
"WRITE";"9888.0";"";"3092426354";"21.475183 s"
"WRITE";"9888.0";"";"3092714335";"21.477183 s"
"WRITE";"9888.0";"";"3093002317";"21.479183 s"
"WRITE";"9888.0";"";"3093290298";"21.481183 s"
"WRITE";"9888.0";"";"3093578279";"21.483182 s"
"WRITE";"9888.0";"";"3093866261";"21.485182 s"
"WRITE";"9888.0";"";"3094154242";"21.487182 s"
"WRITE";"9888.0";"";"3094442224";"21.489182 s"
"WRITE";"9888.0";"";"3094730205";"21.491182 s"
"WRITE";"9888.0";"";"3095018186";"21.493182 s"
"WRITE";"9888.0";"";"3095306168";"21.495182 s"
"WRITE";"9888.0";"";"3095594149";"21.497182 s"
"WRITE";"9888.0";"";"3095882131";"21.499181 s"
"WRITE";"9888.0";"";"3096170112";"21.501181 s"
"WRITE";"9888.0";"";"3096458094";"21.503181 s"
"WRITE";"9888.0";"";"3096746075";"21.505181 s"
"WRITE";"9888.0";"";"3097034056";"21.507181 s"
"WRITE";"9888.0";"";"3097324646";"21.509199 s"
"WRITE";"9888.0";"";"3097610019";"21.511181 s"
"WRITE";"9888.0";"";"3097898001";"21.513181 s"
"WRITE";"9888.0";"";"3098185982";"21.515180 s"
"WRITE";"9888.0";"";"3098473964";"21.517180 s"
"WRITE";"9888.0";"";"3098761945";"21.519180 s"
"WRITE";"9888.0";"";"3099049926";"21.521180 s"
"WRITE";"9888.0";"";"3099337908";"21.523180 s"
"WRITE";"9888.0";"";"3099625889";"21.525180 s"
"WRITE";"9888.0";"";"3099913871";"21.527180 s"
"WRITE";"9888.0";"";"3100201852";"21.529180 s"
"WRITE";"9888.0";"";"3100489833";"21.531179 s"
"WRITE";"9888.0";"";"3100777815";"21.533179 s"
"WRITE";"9888.0";"";"3101065796";"21.535179 s"
"WRITE";"9888.0";"";"3101353778";"21.537179 s"
"WRITE";"9888.0";"";"3101641759";"21.539179 s"
"WRITE";"9888.0";"";"3101929741";"21.541179 s"
"WRITE";"9888.0";"";"3102217722";"21.543179 s"
"WRITE";"9888.0";"";"3102505703";"21.545178 s"
"WRITE";"9888.0";"";"3102793685";"21.547178 s"
"WRITE";"9888.0";"";"3103081666";"21.549178 s"
"WRITE";"9888.0";"";"3103369648";"21.551178 s"
"WRITE";"9888.0";"";"3103657629";"21.553178 s"
"WRITE";"9888.0";"";"3103945611";"21.555178 s"
"WRITE";"9888.0";"";"3104233592";"21.557178 s"
"WRITE";"9888.0";"";"3104521573";"21.559178 s"
"WRITE";"9888.0";"";"3104809555";"21.561177 s"
"WRITE";"9888.0";"";"3105097536";"21.563177 s"
"WRITE";"9888.0";"";"3105385518";"21.565177 s"
"WRITE";"9888.0";"";"3105673499";"21.567177 s"
"WRITE";"9888.0";"";"3105961481";"21.569177 s"
"WRITE";"9888.0";"";"3106249462";"21.571177 s"
"WRITE";"9888.0";"";"3106537443";"21.573177 s"
"WRITE";"9888.0";"";"3106825425";"21.575177 s"
"WRITE";"9888.0";"";"3107113406";"21.577176 s"
"WRITE";"9888.0";"";"3107401388";"21.579176 s"
"WRITE";"9888.0";"";"3107689369";"21.581176 s"
"WRITE";"9888.0";"";"3107977350";"21.583176 s"
"WRITE";"9888.0";"";"3108265332";"21.585176 s"
"WRITE";"9888.0";"";"3108553313";"21.587176 s"
"WRITE";"9888.0";"";"3108841295";"21.589176 s"
"WRITE";"9888.0";"";"3109129276";"21.591176 s"
"WRITE";"9888.0";"";"3109417258";"21.593175 s"
"WRITE";"9888.0";"";"3109705239";"21.595175 s"
"WRITE";"9888.0";"";"3109993220";"21.597175 s"
"WRITE";"9888.0";"";"3110281202";"21.599175 s"
"WRITE";"9888.0";"";"3110569183";"21.601175 s"
"WRITE";"9888.0";"";"3110857165";"21.603175 s"
"WRITE";"9888.0";"";"3111145146";"21.605175 s"
"WRITE";"9888.0";"";"3111433128";"21.607175 s"
"WRITE";"9888.0";"";"3111721109";"21.609174 s"
"WRITE";"9888.0";"";"3112009090";"21.611174 s"
"WRITE";"9888.0";"";"3112297072";"21.613174 s"
"WRITE";"9888.0";"";"3112585053";"21.615174 s"
"WRITE";"9888.0";"";"3112873035";"21.617174 s"
"WRITE";"9888.0";"";"3113161016";"21.619174 s"
"WRITE";"9888.0";"";"3113448997";"21.621174 s"
"WRITE";"9888.0";"";"3113736979";"21.623173 s"
"WRITE";"9888.0";"";"3114024960";"21.625173 s"
"WRITE";"9888.0";"";"3114312942";"21.627173 s"
"WRITE";"9888.0";"";"3114600923";"21.629173 s"
"WRITE";"9888.0";"";"3114888905";"21.631173 s"
"WRITE";"9888.0";"";"3115176886";"21.633173 s"
"WRITE";"9888.0";"";"3115464867";"21.635173 s"
"WRITE";"9888.0";"";"3115752849";"21.637173 s"
"WRITE";"9888.0";"";"3116040830";"21.639172 s"
"WRITE";"9888.0";"";"3116328812";"21.641172 s"
"WRITE";"9888.0";"";"3116616793";"21.643172 s"
"WRITE";"9888.0";"";"3116904775";"21.645172 s"
"WRITE";"9888.0";"";"3117192756";"21.647172 s"
"WRITE";"9888.0";"";"3117480737";"21.649172 s"
"WRITE";"9888.0";"";"3117768719";"21.651172 s"
"WRITE";"9888.0";"";"3118056700";"21.653172 s"
"WRITE";"9888.0";"";"3118344682";"21.655171 s"
"WRITE";"9888.0";"";"3118632663";"21.657171 s"
"WRITE";"9888.0";"";"3118920644";"21.659171 s"
"WRITE";"9888.0";"";"3119208626";"21.661171 s"
"WRITE";"9888.0";"";"3119496607";"21.663171 s"
"WRITE";"9888.0";"";"3119784589";"21.665171 s"
"WRITE";"9888.0";"";"3120072570";"21.667171 s"
"WRITE";"9888.0";"";"3120360552";"21.669171 s"
"WRITE";"9888.0";"";"3120648533";"21.671170 s"
"WRITE";"9888.0";"";"3120936514";"21.673170 s"
"WRITE";"9888.0";"";"3121224496";"21.675170 s"
"WRITE";"9888.0";"";"3121512477";"21.677170 s"
"WRITE";"9888.0";"";"3121800459";"21.679170 s"
"WRITE";"9888.0";"";"3122088440";"21.681170 s"
"WRITE";"9888.0";"";"3122376422";"21.683170 s"
"WRITE";"9888.0";"";"3122664403";"21.685169 s"
"WRITE";"9888.0";"";"3122952384";"21.687169 s"
"WRITE";"9888.0";"";"3123240366";"21.689169 s"
"WRITE";"9888.0";"";"3123528347";"21.691169 s"
"WRITE";"9888.0";"";"3123816329";"21.693169 s"
"WRITE";"9888.0";"";"3124104310";"21.695169 s"
"WRITE";"9888.0";"";"3124392292";"21.697169 s"
"WRITE";"9888.0";"";"3124680273";"21.699169 s"
"WRITE";"9888.0";"";"3124968254";"21.701168 s"
"WRITE";"9888.0";"";"3125256236";"21.703168 s"
"WRITE";"9888.0";"";"3125544217";"21.705168 s"
"WRITE";"9888.0";"";"3125832199";"21.707168 s"
"WRITE";"9888.0";"";"3126120180";"21.709168 s"
"WRITE";"9888.0";"";"3126408161";"21.711168 s"
"WRITE";"9888.0";"";"3126696143";"21.713168 s"
"WRITE";"9888.0";"";"3126984124";"21.715168 s"
"WRITE";"9888.0";"";"3127272106";"21.717167 s"
"WRITE";"9888.0";"";"3127560087";"21.719167 s"
"WRITE";"9888.0";"";"3127848069";"21.721167 s"
"WRITE";"9888.0";"";"3128136050";"21.723167 s"
"WRITE";"9888.0";"";"3128424031";"21.725167 s"
"WRITE";"9888.0";"";"3128712013";"21.727167 s"
"WRITE";"9888.0";"";"3128999994";"21.729167 s"
"WRITE";"9888.0";"";"3129287976";"21.731167 s"
"WRITE";"9888.0";"";"3129575957";"21.733166 s"
"WRITE";"9888.0";"";"3129863939";"21.735166 s"
"WRITE";"9888.0";"";"3130151920";"21.737166 s"
"WRITE";"9888.0";"";"3130439901";"21.739166 s"
"WRITE";"9888.0";"";"3130727883";"21.741166 s"
"WRITE";"9888.0";"";"3131015864";"21.743166 s"
"WRITE";"9888.0";"";"3131303846";"21.745166 s"
"WRITE";"9888.0";"";"3131591827";"21.747165 s"
"WRITE";"9888.0";"";"3131879808";"21.749165 s"
"WRITE";"9888.0";"";"3132167790";"21.751165 s"
"WRITE";"9888.0";"";"3132455771";"21.753165 s"
"WRITE";"9888.0";"";"3132743753";"21.755165 s"
"WRITE";"9888.0";"";"3133031734";"21.757165 s"
"WRITE";"9888.0";"";"3133319716";"21.759165 s"
"WRITE";"9888.0";"";"3133607697";"21.761165 s"
"WRITE";"9888.0";"";"3133895678";"21.763164 s"
"WRITE";"9888.0";"";"3134183660";"21.765164 s"
"WRITE";"9888.0";"";"3134471641";"21.767164 s"
"WRITE";"9888.0";"";"3134759623";"21.769164 s"
"WRITE";"9888.0";"";"3135047604";"21.771164 s"
"WRITE";"9888.0";"";"3135335586";"21.773164 s"
"WRITE";"9888.0";"";"3135623567";"21.775164 s"
"WRITE";"9888.0";"";"3135911548";"21.777164 s"
"WRITE";"9888.0";"";"3136199530";"21.779163 s"
"WRITE";"9888.0";"";"3136487511";"21.781163 s"
"WRITE";"9888.0";"";"3136775493";"21.783163 s"
"WRITE";"9888.0";"";"3137063474";"21.785163 s"
"WRITE";"9888.0";"";"3137351455";"21.787163 s"
"WRITE";"9888.0";"";"3137639437";"21.789163 s"
"WRITE";"9888.0";"";"3137927418";"21.791163 s"
"WRITE";"9888.0";"";"3138215400";"21.793163 s"
"WRITE";"9888.0";"";"3138503381";"21.795162 s"
"WRITE";"9888.0";"";"3138791363";"21.797162 s"
"WRITE";"9888.0";"";"3139079344";"21.799162 s"
"WRITE";"9888.0";"";"3139367325";"21.801162 s"
"WRITE";"9888.0";"";"3139655307";"21.803162 s"
"WRITE";"9888.0";"";"3139943288";"21.805162 s"
"WRITE";"9888.0";"";"3140231270";"21.807162 s"
"WRITE";"9888.0";"";"3140519251";"21.809161 s"
"WRITE";"9888.0";"";"3140807233";"21.811161 s"
"WRITE";"9888.0";"";"3141095214";"21.813161 s"
"WRITE";"9888.0";"";"3141383195";"21.815161 s"
"WRITE";"9888.0";"";"3141671177";"21.817161 s"
"WRITE";"9888.0";"";"3141959158";"21.819161 s"
"WRITE";"9888.0";"";"3142247140";"21.821161 s"
"WRITE";"9888.0";"";"3142535121";"21.823161 s"
"WRITE";"9888.0";"";"3142823103";"21.825160 s"
"WRITE";"9888.0";"";"3143111084";"21.827160 s"
"WRITE";"9888.0";"";"3143399065";"21.829160 s"
"WRITE";"9888.0";"";"3143687047";"21.831160 s"
"WRITE";"9888.0";"";"3143975028";"21.833160 s"
"WRITE";"9888.0";"";"3144263010";"21.835160 s"
"WRITE";"9888.0";"";"3144550991";"21.837160 s"
"WRITE";"9888.0";"";"3144838972";"21.839160 s"
"WRITE";"9888.0";"";"3145126954";"21.841159 s"
"WRITE";"9888.0";"";"3145414935";"21.843159 s"
"WRITE";"9888.0";"";"3145702917";"21.845159 s"
"WRITE";"9888.0";"";"3145990898";"21.847159 s"
"WRITE";"9888.0";"";"3146278880";"21.849159 s"
"WRITE";"9888.0";"";"3146566861";"21.851159 s"
"WRITE";"9888.0";"";"3146854842";"21.853159 s"
"WRITE";"9888.0";"";"3147142824";"21.855159 s"
"WRITE";"9888.0";"";"3147430805";"21.857158 s"
"WRITE";"9888.0";"";"3147718787";"21.859158 s"
"WRITE";"9888.0";"";"3148006768";"21.861158 s"
"WRITE";"9888.0";"";"3148294750";"21.863158 s"
"WRITE";"9888.0";"";"3148582731";"21.865158 s"
"WRITE";"9888.0";"";"3148870712";"21.867158 s"
"WRITE";"9888.0";"";"3149158694";"21.869158 s"
"WRITE";"9888.0";"";"3149446675";"21.871157 s"
"WRITE";"9888.0";"";"3149734657";"21.873157 s"
"WRITE";"9888.0";"";"3150022638";"21.875157 s"
"WRITE";"9888.0";"";"3150310619";"21.877157 s"
"WRITE";"9888.0";"";"3150598601";"21.879157 s"
"WRITE";"9888.0";"";"3150886582";"21.881157 s"
"WRITE";"9888.0";"";"3151174564";"21.883157 s"
"WRITE";"9888.0";"";"3151462545";"21.885157 s"
"WRITE";"9888.0";"";"3151750527";"21.887156 s"
"WRITE";"9888.0";"";"3152038508";"21.889156 s"
"WRITE";"9888.0";"";"3152326489";"21.891156 s"
"WRITE";"9888.0";"";"3152614471";"21.893156 s"
"WRITE";"9888.0";"";"3152902452";"21.895156 s"
"WRITE";"9888.0";"";"3153190434";"21.897156 s"
"WRITE";"9888.0";"";"3153478415";"21.899156 s"
"WRITE";"9888.0";"";"3153766397";"21.901156 s"
"WRITE";"9888.0";"";"3154054378";"21.903155 s"
"WRITE";"9888.0";"";"3154342359";"21.905155 s"
"WRITE";"9888.0";"";"3154630341";"21.907155 s"
"WRITE";"9888.0";"";"3154918322";"21.909155 s"
"WRITE";"9888.0";"";"3155206304";"21.911155 s"
"WRITE";"9888.0";"";"3155494285";"21.913155 s"
"WRITE";"9888.0";"";"3155782266";"21.915155 s"
"WRITE";"9888.0";"";"3156070248";"21.917155 s"
"WRITE";"9888.0";"";"3156358229";"21.919154 s"
"WRITE";"9888.0";"";"3156646211";"21.921154 s"
"WRITE";"9888.0";"";"3156934192";"21.923154 s"
"WRITE";"9888.0";"";"3157222174";"21.925154 s"
"WRITE";"9888.0";"";"3157510155";"21.927154 s"
"WRITE";"9888.0";"";"3157798136";"21.929154 s"
"WRITE";"9888.0";"";"3158086118";"21.931154 s"
"WRITE";"9888.0";"";"3158374099";"21.933153 s"
"WRITE";"9888.0";"";"3158662081";"21.935153 s"
"WRITE";"9888.0";"";"3158950062";"21.937153 s"
"WRITE";"9888.0";"";"3159238044";"21.939153 s"
"WRITE";"9888.0";"";"3159526025";"21.941153 s"
"WRITE";"9888.0";"";"3159814006";"21.943153 s"
"WRITE";"9888.0";"";"3160101988";"21.945153 s"
"WRITE";"9888.0";"";"3160389969";"21.947153 s"
"WRITE";"9888.0";"";"3160677951";"21.949152 s"
"WRITE";"9888.0";"";"3160965932";"21.951152 s"
"WRITE";"9888.0";"";"3161253914";"21.953152 s"
"WRITE";"9888.0";"";"3161541895";"21.955152 s"
"WRITE";"9888.0";"";"3161829876";"21.957152 s"
"WRITE";"9888.0";"";"3162117858";"21.959152 s"
"WRITE";"9888.0";"";"3162405839";"21.961152 s"
"WRITE";"9888.0";"";"3162693821";"21.963152 s"
"WRITE";"9888.0";"";"3162981802";"21.965151 s"
"WRITE";"9888.0";"";"3163269783";"21.967151 s"
"WRITE";"9888.0";"";"3163557765";"21.969151 s"
"WRITE";"9888.0";"";"3163845746";"21.971151 s"
"WRITE";"9888.0";"";"3164133728";"21.973151 s"
"WRITE";"9888.0";"";"3164421709";"21.975151 s"
"WRITE";"9888.0";"";"3164709691";"21.977151 s"
"WRITE";"9888.0";"";"3164997672";"21.979151 s"
"WRITE";"9888.0";"";"3165285653";"21.981150 s"
"WRITE";"9888.0";"";"3165573635";"21.983150 s"
"WRITE";"9888.0";"";"3165861616";"21.985150 s"
"WRITE";"9888.0";"";"3166149598";"21.987150 s"
"WRITE";"9888.0";"";"3166437579";"21.989150 s"
"WRITE";"9888.0";"";"3166725561";"21.991150 s"
"WRITE";"9888.0";"";"3167013542";"21.993150 s"
"WRITE";"9888.0";"";"3167301523";"21.995149 s"
"WRITE";"9888.0";"";"3167589505";"21.997149 s"
"WRITE";"9888.0";"";"3167877486";"21.999149 s"
"WRITE";"9888.0";"";"3168165468";"22.001149 s"
"WRITE";"9888.0";"";"3168453449";"22.003149 s"
"WRITE";"9888.0";"";"3168741430";"22.005149 s"
"WRITE";"9888.0";"";"3169029412";"22.007149 s"
"WRITE";"9888.0";"";"3169319988";"22.009167 s"
"WRITE";"9888.0";"";"3169605375";"22.011148 s"
"WRITE";"9888.0";"";"3169893356";"22.013148 s"
"WRITE";"9888.0";"";"3170181338";"22.015148 s"
"WRITE";"9888.0";"";"3170469319";"22.017148 s"
"WRITE";"9888.0";"";"3170757300";"22.019148 s"
"WRITE";"9888.0";"";"3171045282";"22.021148 s"
"WRITE";"9888.0";"";"3171333263";"22.023148 s"
"WRITE";"9888.0";"";"3171621245";"22.025148 s"
"WRITE";"9888.0";"";"3171909226";"22.027147 s"
"WRITE";"9888.0";"";"3172197208";"22.029147 s"
"WRITE";"9888.0";"";"3172485189";"22.031147 s"
"WRITE";"9888.0";"";"3172773170";"22.033147 s"
"WRITE";"9888.0";"";"3173061152";"22.035147 s"
"WRITE";"9888.0";"";"3173349133";"22.037147 s"
"WRITE";"9888.0";"";"3173637115";"22.039147 s"
"WRITE";"9888.0";"";"3173925096";"22.041147 s"
"WRITE";"9888.0";"";"3174213077";"22.043146 s"
"WRITE";"9888.0";"";"3174501059";"22.045146 s"
"WRITE";"9888.0";"";"3174789040";"22.047146 s"
"WRITE";"9888.0";"";"3175077022";"22.049146 s"
"WRITE";"9888.0";"";"3175365003";"22.051146 s"
"WRITE";"9888.0";"";"3175652985";"22.053146 s"
"WRITE";"9888.0";"";"3175940966";"22.055146 s"
"WRITE";"9888.0";"";"3176228947";"22.057145 s"
"WRITE";"9888.0";"";"3176516929";"22.059145 s"
"WRITE";"9888.0";"";"3176804910";"22.061145 s"
"WRITE";"9888.0";"";"3177092892";"22.063145 s"
"WRITE";"9888.0";"";"3177380873";"22.065145 s"
"WRITE";"9888.0";"";"3177668855";"22.067145 s"
"WRITE";"9888.0";"";"3177956836";"22.069145 s"
"WRITE";"9888.0";"";"3178244817";"22.071145 s"
"WRITE";"9888.0";"";"3178532799";"22.073144 s"
"WRITE";"9888.0";"";"3178820780";"22.075144 s"
"WRITE";"9888.0";"";"3179108762";"22.077144 s"
"WRITE";"9888.0";"";"3179396743";"22.079144 s"
"WRITE";"9888.0";"";"3179684725";"22.081144 s"
"WRITE";"9888.0";"";"3179972706";"22.083144 s"
"WRITE";"9888.0";"";"3180260687";"22.085144 s"
"WRITE";"9888.0";"";"3180548669";"22.087144 s"
"WRITE";"9888.0";"";"3180836650";"22.089143 s"
"WRITE";"9888.0";"";"3181124632";"22.091143 s"
"WRITE";"9888.0";"";"3181412613";"22.093143 s"
"WRITE";"9888.0";"";"3181700594";"22.095143 s"
"WRITE";"9888.0";"";"3181988576";"22.097143 s"
"WRITE";"9888.0";"";"3182276557";"22.099143 s"
"WRITE";"9888.0";"";"3182564539";"22.101143 s"
"WRITE";"9888.0";"";"3182852520";"22.103143 s"
"WRITE";"9888.0";"";"3183140502";"22.105142 s"
"WRITE";"9888.0";"";"3183428483";"22.107142 s"
"WRITE";"9888.0";"";"3183716464";"22.109142 s"
"WRITE";"9888.0";"";"3184004446";"22.111142 s"
"WRITE";"9888.0";"";"3184292427";"22.113142 s"
"WRITE";"9888.0";"";"3184580409";"22.115142 s"
"WRITE";"9888.0";"";"3184868390";"22.117142 s"
"WRITE";"9888.0";"";"3185156372";"22.119141 s"
"WRITE";"9888.0";"";"3185444353";"22.121141 s"
"WRITE";"9888.0";"";"3185732334";"22.123141 s"
"WRITE";"9888.0";"";"3186020316";"22.125141 s"
"WRITE";"9888.0";"";"3186308297";"22.127141 s"
"WRITE";"9888.0";"";"3186596279";"22.129141 s"
"WRITE";"9888.0";"";"3186884260";"22.131141 s"
"WRITE";"9888.0";"";"3187172241";"22.133141 s"
"WRITE";"9888.0";"";"3187460223";"22.135140 s"
"WRITE";"9888.0";"";"3187748204";"22.137140 s"
"WRITE";"9888.0";"";"3188036186";"22.139140 s"
"WRITE";"9888.0";"";"3188324167";"22.141140 s"
"WRITE";"9888.0";"";"3188612149";"22.143140 s"
"WRITE";"9888.0";"";"3188900130";"22.145140 s"
"WRITE";"9888.0";"";"3189188111";"22.147140 s"
"WRITE";"9888.0";"";"3189476093";"22.149140 s"
"WRITE";"9888.0";"";"3189764074";"22.151139 s"
"WRITE";"9888.0";"";"3190052056";"22.153139 s"
"WRITE";"9888.0";"";"3190340037";"22.155139 s"
"WRITE";"9888.0";"";"3190628019";"22.157139 s"
"WRITE";"9888.0";"";"3190916000";"22.159139 s"
"WRITE";"9888.0";"";"3191203981";"22.161139 s"
"WRITE";"9888.0";"";"3191491963";"22.163139 s"
"WRITE";"9888.0";"";"3191779944";"22.165139 s"
"WRITE";"9888.0";"";"3192067926";"22.167138 s"
"WRITE";"9888.0";"";"3192355907";"22.169138 s"
"WRITE";"9888.0";"";"3192643888";"22.171138 s"
"WRITE";"9888.0";"";"3192931870";"22.173138 s"
"WRITE";"9888.0";"";"3193219851";"22.175138 s"
"WRITE";"9888.0";"";"3193507833";"22.177138 s"
"WRITE";"9888.0";"";"3193795814";"22.179138 s"
"WRITE";"9888.0";"";"3194083796";"22.181137 s"
"WRITE";"9888.0";"";"3194371777";"22.183137 s"
"WRITE";"9888.0";"";"3194659758";"22.185137 s"
"WRITE";"9888.0";"";"3194947740";"22.187137 s"
"WRITE";"9888.0";"";"3195235721";"22.189137 s"
"WRITE";"9888.0";"";"3195523703";"22.191137 s"
"WRITE";"9888.0";"";"3195811684";"22.193137 s"
"WRITE";"9888.0";"";"3196099666";"22.195137 s"
"WRITE";"9888.0";"";"3196387647";"22.197136 s"
"WRITE";"9888.0";"";"3196675628";"22.199136 s"
"WRITE";"9888.0";"";"3196963610";"22.201136 s"
"WRITE";"9888.0";"";"3197251591";"22.203136 s"
"WRITE";"9888.0";"";"3197539573";"22.205136 s"
"WRITE";"9888.0";"";"3197827554";"22.207136 s"
"WRITE";"9888.0";"";"3198115536";"22.209136 s"
"WRITE";"9888.0";"";"3198403517";"22.211136 s"
"WRITE";"9888.0";"";"3198691498";"22.213135 s"
"WRITE";"9888.0";"";"3198979480";"22.215135 s"
"WRITE";"9888.0";"";"3199267461";"22.217135 s"
"WRITE";"9888.0";"";"3199555443";"22.219135 s"
"WRITE";"9888.0";"";"3199843424";"22.221135 s"
"WRITE";"9888.0";"";"3200131405";"22.223135 s"
"WRITE";"9888.0";"";"3200419387";"22.225135 s"
"WRITE";"9888.0";"";"3200707368";"22.227135 s"
"WRITE";"9888.0";"";"3200995350";"22.229134 s"
"WRITE";"9888.0";"";"3201283331";"22.231134 s"
"WRITE";"9888.0";"";"3201571313";"22.233134 s"
"WRITE";"9888.0";"";"3201859294";"22.235134 s"
"WRITE";"9888.0";"";"3202147275";"22.237134 s"
"WRITE";"9888.0";"";"3202435257";"22.239134 s"
"WRITE";"9888.0";"";"3202723238";"22.241134 s"
"WRITE";"9888.0";"";"3203011220";"22.243133 s"
"WRITE";"9888.0";"";"3203299201";"22.245133 s"
"WRITE";"9888.0";"";"3203587183";"22.247133 s"
"WRITE";"9888.0";"";"3203875164";"22.249133 s"
"WRITE";"9888.0";"";"3204163145";"22.251133 s"
"WRITE";"9888.0";"";"3204451127";"22.253133 s"
"WRITE";"9888.0";"";"3204739108";"22.255133 s"
"WRITE";"9888.0";"";"3205027090";"22.257133 s"
"WRITE";"9888.0";"";"3205315071";"22.259132 s"
"WRITE";"9888.0";"";"3205603052";"22.261132 s"
"WRITE";"9888.0";"";"3205891034";"22.263132 s"
"WRITE";"9888.0";"";"3206179015";"22.265132 s"
"WRITE";"9888.0";"";"3206466997";"22.267132 s"
"WRITE";"9888.0";"";"3206754978";"22.269132 s"
"WRITE";"9888.0";"";"3207042960";"22.271132 s"
"WRITE";"9888.0";"";"3207330941";"22.273132 s"
"WRITE";"9888.0";"";"3207618922";"22.275131 s"
"WRITE";"9888.0";"";"3207906904";"22.277131 s"
"WRITE";"9888.0";"";"3208194885";"22.279131 s"
"WRITE";"9888.0";"";"3208482867";"22.281131 s"
"WRITE";"9888.0";"";"3208770848";"22.283131 s"
"WRITE";"9888.0";"";"3209058830";"22.285131 s"
"WRITE";"9888.0";"";"3209346811";"22.287131 s"
"WRITE";"9888.0";"";"3209634792";"22.289131 s"
"WRITE";"9888.0";"";"3209922774";"22.291130 s"
"WRITE";"9888.0";"";"3210210755";"22.293130 s"
"WRITE";"9888.0";"";"3210498737";"22.295130 s"
"WRITE";"9888.0";"";"3210786718";"22.297130 s"
"WRITE";"9888.0";"";"3211074699";"22.299130 s"
"WRITE";"9888.0";"";"3211362681";"22.301130 s"
"WRITE";"9888.0";"";"3211650662";"22.303130 s"
"WRITE";"9888.0";"";"3211938644";"22.305129 s"
"WRITE";"9888.0";"";"3212226625";"22.307129 s"
"WRITE";"9888.0";"";"3212514607";"22.309129 s"
"WRITE";"9888.0";"";"3212802588";"22.311129 s"
"WRITE";"9888.0";"";"3213090569";"22.313129 s"
"WRITE";"9888.0";"";"3213378551";"22.315129 s"
"WRITE";"9888.0";"";"3213666532";"22.317129 s"
"WRITE";"9888.0";"";"3213954514";"22.319129 s"
"WRITE";"9888.0";"";"3214242495";"22.321128 s"
"WRITE";"9888.0";"";"3214530477";"22.323128 s"
"WRITE";"9888.0";"";"3214818458";"22.325128 s"
"WRITE";"9888.0";"";"3215106439";"22.327128 s"
"WRITE";"9888.0";"";"3215394421";"22.329128 s"
"WRITE";"9888.0";"";"3215682402";"22.331128 s"
"WRITE";"9888.0";"";"3215970384";"22.333128 s"
"WRITE";"9888.0";"";"3216258365";"22.335128 s"
"WRITE";"9888.0";"";"3216546347";"22.337127 s"
"WRITE";"9888.0";"";"3216834328";"22.339127 s"
"WRITE";"9888.0";"";"3217122309";"22.341127 s"
"WRITE";"9888.0";"";"3217410291";"22.343127 s"
"WRITE";"9888.0";"";"3217698272";"22.345127 s"
"WRITE";"9888.0";"";"3217986254";"22.347127 s"
"WRITE";"9888.0";"";"3218274235";"22.349127 s"
"WRITE";"9888.0";"";"3218562216";"22.351127 s"
"WRITE";"9888.0";"";"3218850198";"22.353126 s"
"WRITE";"9888.0";"";"3219138179";"22.355126 s"
"WRITE";"9888.0";"";"3219426161";"22.357126 s"
"WRITE";"9888.0";"";"3219714142";"22.359126 s"
"WRITE";"9888.0";"";"3220002124";"22.361126 s"
"WRITE";"9888.0";"";"3220290105";"22.363126 s"
"WRITE";"9888.0";"";"3220578086";"22.365126 s"
"WRITE";"9888.0";"";"3220866068";"22.367125 s"
"WRITE";"9888.0";"";"3221154049";"22.369125 s"
"WRITE";"9888.0";"";"3221442031";"22.371125 s"
"WRITE";"9888.0";"";"3221730012";"22.373125 s"
"WRITE";"9888.0";"";"3222017994";"22.375125 s"
"WRITE";"9888.0";"";"3222305975";"22.377125 s"
"WRITE";"9888.0";"";"3222593956";"22.379125 s"
"WRITE";"9888.0";"";"3222881938";"22.381125 s"
"WRITE";"9888.0";"";"3223169919";"22.383124 s"
"WRITE";"9888.0";"";"3223457901";"22.385124 s"
"WRITE";"9888.0";"";"3223745882";"22.387124 s"
"WRITE";"9888.0";"";"3224033863";"22.389124 s"
"WRITE";"9888.0";"";"3224321845";"22.391124 s"
"WRITE";"9888.0";"";"3224609826";"22.393124 s"
"WRITE";"9888.0";"";"3224897808";"22.395124 s"
"WRITE";"9888.0";"";"3225185789";"22.397124 s"
"WRITE";"9888.0";"";"3225473771";"22.399123 s"
"WRITE";"9888.0";"";"3225761752";"22.401123 s"
"WRITE";"9888.0";"";"3226049733";"22.403123 s"
"WRITE";"9888.0";"";"3226337715";"22.405123 s"
"WRITE";"9888.0";"";"3226625696";"22.407123 s"
"WRITE";"9888.0";"";"3226913678";"22.409123 s"
"WRITE";"9888.0";"";"3227201659";"22.411123 s"
"WRITE";"9888.0";"";"3227489641";"22.413123 s"
"WRITE";"9888.0";"";"3227777622";"22.415122 s"
"WRITE";"9888.0";"";"3228065603";"22.417122 s"
"WRITE";"9888.0";"";"3228353585";"22.419122 s"
"WRITE";"9888.0";"";"3228641566";"22.421122 s"
"WRITE";"9888.0";"";"3228929548";"22.423122 s"
"WRITE";"9888.0";"";"3229217529";"22.425122 s"
"WRITE";"9888.0";"";"3229505510";"22.427122 s"
"WRITE";"9888.0";"";"3229793492";"22.429121 s"
"WRITE";"9888.0";"";"3230081473";"22.431121 s"
"WRITE";"9888.0";"";"3230369455";"22.433121 s"
"WRITE";"9888.0";"";"3230657436";"22.435121 s"
"WRITE";"9888.0";"";"3230945418";"22.437121 s"
"WRITE";"9888.0";"";"3231233399";"22.439121 s"
"WRITE";"9888.0";"";"3231521380";"22.441121 s"
"WRITE";"9888.0";"";"3231809362";"22.443121 s"
"WRITE";"9888.0";"";"3232097343";"22.445120 s"
"WRITE";"9888.0";"";"3232385325";"22.447120 s"
"WRITE";"9888.0";"";"3232673306";"22.449120 s"
"WRITE";"9888.0";"";"3232961288";"22.451120 s"
"WRITE";"9888.0";"";"3233249269";"22.453120 s"
"WRITE";"9888.0";"";"3233537250";"22.455120 s"
"WRITE";"9888.0";"";"3233825232";"22.457120 s"
"WRITE";"9888.0";"";"3234113213";"22.459120 s"
"WRITE";"9888.0";"";"3234401195";"22.461119 s"
"WRITE";"9888.0";"";"3234689176";"22.463119 s"
"WRITE";"9888.0";"";"3234977158";"22.465119 s"
"WRITE";"9888.0";"";"3235265139";"22.467119 s"
"WRITE";"9888.0";"";"3235553120";"22.469119 s"
"WRITE";"9888.0";"";"3235841102";"22.471119 s"
"WRITE";"9888.0";"";"3236129083";"22.473119 s"
"WRITE";"9888.0";"";"3236417065";"22.475119 s"
"WRITE";"9888.0";"";"3236705046";"22.477118 s"
"WRITE";"9888.0";"";"3236993027";"22.479118 s"
"WRITE";"9888.0";"";"3237281009";"22.481118 s"
"WRITE";"9888.0";"";"3237568990";"22.483118 s"
"WRITE";"9888.0";"";"3237856972";"22.485118 s"
"WRITE";"9888.0";"";"3238144953";"22.487118 s"
"WRITE";"9888.0";"";"3238432935";"22.489118 s"
"WRITE";"9888.0";"";"3238720916";"22.491117 s"
"WRITE";"9888.0";"";"3239008897";"22.493117 s"
"WRITE";"9888.0";"";"3239296879";"22.495117 s"
"WRITE";"9888.0";"";"3239584860";"22.497117 s"
"WRITE";"9888.0";"";"3239872842";"22.499117 s"
"WRITE";"9888.0";"";"3240160823";"22.501117 s"
"WRITE";"9888.0";"";"3240448805";"22.503117 s"
"WRITE";"9888.0";"";"3240736786";"22.505117 s"
"WRITE";"9888.0";"";"3241024767";"22.507116 s"
"WRITE";"9888.0";"";"3241315357";"22.509134 s"
"WRITE";"9888.0";"";"3241600730";"22.511116 s"
"WRITE";"9888.0";"";"3241888712";"22.513116 s"
"WRITE";"9888.0";"";"3242176693";"22.515116 s"
"WRITE";"9888.0";"";"3242464674";"22.517116 s"
"WRITE";"9888.0";"";"3242752656";"22.519116 s"
"WRITE";"9888.0";"";"3243040637";"22.521116 s"
"WRITE";"9888.0";"";"3243328619";"22.523115 s"
"WRITE";"9888.0";"";"3243616600";"22.525115 s"
"WRITE";"9888.0";"";"3243904582";"22.527115 s"
"WRITE";"9888.0";"";"3244192563";"22.529115 s"
"WRITE";"9888.0";"";"3244480544";"22.531115 s"
"WRITE";"9888.0";"";"3244768526";"22.533115 s"
"WRITE";"9888.0";"";"3245056507";"22.535115 s"
"WRITE";"9888.0";"";"3245344489";"22.537115 s"
"WRITE";"9888.0";"";"3245632470";"22.539114 s"
"WRITE";"9888.0";"";"3245920452";"22.541114 s"
"WRITE";"9888.0";"";"3246208433";"22.543114 s"
"WRITE";"9888.0";"";"3246496414";"22.545114 s"
"WRITE";"9888.0";"";"3246784396";"22.547114 s"
"WRITE";"9888.0";"";"3247072377";"22.549114 s"
"WRITE";"9888.0";"";"3247360359";"22.551114 s"
"WRITE";"9888.0";"";"3247648340";"22.553113 s"
"WRITE";"9888.0";"";"3247936321";"22.555113 s"
"WRITE";"9888.0";"";"3248224303";"22.557113 s"
"WRITE";"9888.0";"";"3248512284";"22.559113 s"
"WRITE";"9888.0";"";"3248800266";"22.561113 s"
"WRITE";"9888.0";"";"3249088247";"22.563113 s"
"WRITE";"9888.0";"";"3249376229";"22.565113 s"
"WRITE";"9888.0";"";"3249664210";"22.567113 s"
"WRITE";"9888.0";"";"3249952191";"22.569112 s"
"WRITE";"9888.0";"";"3250240173";"22.571112 s"
"WRITE";"9888.0";"";"3250528154";"22.573112 s"
"WRITE";"9888.0";"";"3250816136";"22.575112 s"
"WRITE";"9888.0";"";"3251104117";"22.577112 s"
"WRITE";"9888.0";"";"3251392099";"22.579112 s"
"WRITE";"9888.0";"";"3251680080";"22.581112 s"
"WRITE";"9888.0";"";"3251968061";"22.583112 s"
"WRITE";"9888.0";"";"3252256043";"22.585111 s"
"WRITE";"9888.0";"";"3252544024";"22.587111 s"
"WRITE";"9888.0";"";"3252832006";"22.589111 s"
"WRITE";"9888.0";"";"3253119987";"22.591111 s"
"WRITE";"9888.0";"";"3253407969";"22.593111 s"
"WRITE";"9888.0";"";"3253695950";"22.595111 s"
"WRITE";"9888.0";"";"3253983931";"22.597111 s"
"WRITE";"9888.0";"";"3254271913";"22.599111 s"
"WRITE";"9888.0";"";"3254559894";"22.601110 s"
"WRITE";"9888.0";"";"3254847876";"22.603110 s"
"WRITE";"9888.0";"";"3255135857";"22.605110 s"
"WRITE";"9888.0";"";"3255423838";"22.607110 s"
"WRITE";"9888.0";"";"3255711820";"22.609110 s"
"WRITE";"9888.0";"";"3255999801";"22.611110 s"
"WRITE";"9888.0";"";"3256287783";"22.613110 s"
"WRITE";"9888.0";"";"3256575764";"22.615109 s"
"WRITE";"9888.0";"";"3256863746";"22.617109 s"
"WRITE";"9888.0";"";"3257151727";"22.619109 s"
"WRITE";"9888.0";"";"3257439708";"22.621109 s"
"WRITE";"9888.0";"";"3257727690";"22.623109 s"
"WRITE";"9888.0";"";"3258015671";"22.625109 s"
"WRITE";"9888.0";"";"3258303653";"22.627109 s"
"WRITE";"9888.0";"";"3258591634";"22.629109 s"
"WRITE";"9888.0";"";"3258879616";"22.631108 s"
"WRITE";"9888.0";"";"3259167597";"22.633108 s"
"WRITE";"9888.0";"";"3259455578";"22.635108 s"
"WRITE";"9888.0";"";"3259743560";"22.637108 s"
"WRITE";"9888.0";"";"3260031541";"22.639108 s"
"WRITE";"9888.0";"";"3260319523";"22.641108 s"
"WRITE";"9888.0";"";"3260607504";"22.643108 s"
"WRITE";"9888.0";"";"3260895485";"22.645108 s"
"WRITE";"9888.0";"";"3261183467";"22.647107 s"
"WRITE";"9888.0";"";"3261471448";"22.649107 s"
"WRITE";"9888.0";"";"3261759430";"22.651107 s"
"WRITE";"9888.0";"";"3262047411";"22.653107 s"
"WRITE";"9888.0";"";"3262335393";"22.655107 s"
"WRITE";"9888.0";"";"3262623374";"22.657107 s"
"WRITE";"9888.0";"";"3262894972";"22.658993 s"
"WRITE";"9888.0";"";"3263182954";"22.660993 s"
"WRITE";"9888.0";"";"3263470935";"22.662993 s"
"WRITE";"9888.0";"";"3263758917";"22.664992 s"
"WRITE";"9888.0";"";"3264046898";"22.666992 s"
"WRITE";"9888.0";"";"3264334880";"22.668992 s"
"WRITE";"9888.0";"";"3264622861";"22.670992 s"
"WRITE";"9888.0";"";"3264910842";"22.672992 s"
"WRITE";"9888.0";"";"3265198824";"22.674992 s"
"WRITE";"9888.0";"";"3265486805";"22.676992 s"
"WRITE";"9888.0";"";"3265774787";"22.678992 s"
"WRITE";"9888.0";"";"3266062768";"22.680991 s"
"WRITE";"9888.0";"";"3266350749";"22.682991 s"
"WRITE";"9888.0";"";"3266638731";"22.684991 s"
"WRITE";"9888.0";"";"3266926712";"22.686991 s"
"WRITE";"9888.0";"";"3267214694";"22.688991 s"
"WRITE";"9888.0";"";"3267502675";"22.690991 s"
"WRITE";"9888.0";"";"3267790657";"22.692991 s"
"WRITE";"9888.0";"";"3268078638";"22.694991 s"
"WRITE";"9888.0";"";"3268366619";"22.696990 s"
"WRITE";"9888.0";"";"3268654601";"22.698990 s"
"WRITE";"9888.0";"";"3268942582";"22.700990 s"
"WRITE";"9888.0";"";"3269230564";"22.702990 s"
"WRITE";"9888.0";"";"3269518545";"22.704990 s"
"WRITE";"9888.0";"";"3269806527";"22.706990 s"
"WRITE";"9888.0";"";"3270094508";"22.708990 s"
"WRITE";"9888.0";"";"3270382489";"22.710990 s"
"WRITE";"9888.0";"";"3270670471";"22.712989 s"
"WRITE";"9888.0";"";"3270958452";"22.714989 s"
"WRITE";"9888.0";"";"3271246434";"22.716989 s"
"WRITE";"9888.0";"";"3271534415";"22.718989 s"
"WRITE";"9888.0";"";"3271822397";"22.720989 s"
"WRITE";"9888.0";"";"3272110378";"22.722989 s"
"WRITE";"9888.0";"";"3272398359";"22.724989 s"
"WRITE";"9888.0";"";"3272686341";"22.726988 s"
"WRITE";"9888.0";"";"3272974322";"22.728988 s"
"WRITE";"9888.0";"";"3273262304";"22.730988 s"
"WRITE";"9888.0";"";"3273550285";"22.732988 s"
"WRITE";"9888.0";"";"3273838266";"22.734988 s"
"WRITE";"9888.0";"";"3274126248";"22.736988 s"
"WRITE";"9888.0";"";"3274414229";"22.738988 s"
"WRITE";"9888.0";"";"3274702211";"22.740988 s"
"WRITE";"9888.0";"";"3274990192";"22.742987 s"
"WRITE";"9888.0";"";"3275278174";"22.744987 s"
"WRITE";"9888.0";"";"3275566155";"22.746987 s"
"WRITE";"9888.0";"";"3275854136";"22.748987 s"
"WRITE";"9888.0";"";"3276142118";"22.750987 s"
"WRITE";"9888.0";"";"3276430099";"22.752987 s"
"WRITE";"9888.0";"";"3276718081";"22.754987 s"
"WRITE";"9888.0";"";"3277006062";"22.756987 s"
"WRITE";"9888.0";"";"3277294044";"22.758986 s"
"WRITE";"9888.0";"";"3277582025";"22.760986 s"
"WRITE";"9888.0";"";"3277870006";"22.762986 s"
"WRITE";"9888.0";"";"3278157988";"22.764986 s"
"WRITE";"9888.0";"";"3278445969";"22.766986 s"
"WRITE";"9888.0";"";"3278733951";"22.768986 s"
"WRITE";"9888.0";"";"3279021932";"22.770986 s"
"WRITE";"9888.0";"";"3279309913";"22.772986 s"
"WRITE";"9888.0";"";"3279597895";"22.774985 s"
"WRITE";"9888.0";"";"3279885876";"22.776985 s"
"WRITE";"9888.0";"";"3280173858";"22.778985 s"
"WRITE";"9888.0";"";"3280461839";"22.780985 s"
"WRITE";"9888.0";"";"3280749821";"22.782985 s"
"WRITE";"9888.0";"";"3281037802";"22.784985 s"
"WRITE";"9888.0";"";"3281325783";"22.786985 s"
"WRITE";"9888.0";"";"3281613765";"22.788984 s"
"WRITE";"9888.0";"";"3281901746";"22.790984 s"
"WRITE";"9888.0";"";"3282189728";"22.792984 s"
"WRITE";"9888.0";"";"3282477709";"22.794984 s"
"WRITE";"9888.0";"";"3282765691";"22.796984 s"
"WRITE";"9888.0";"";"3283053672";"22.798984 s"
"WRITE";"9888.0";"";"3283341653";"22.800984 s"
"WRITE";"9888.0";"";"3283629635";"22.802984 s"
"WRITE";"9888.0";"";"3283917616";"22.804983 s"
"WRITE";"9888.0";"";"3284205598";"22.806983 s"
"WRITE";"9888.0";"";"3284493579";"22.808983 s"
"WRITE";"9888.0";"";"3284781560";"22.810983 s"
"WRITE";"9888.0";"";"3285069542";"22.812983 s"
"WRITE";"9888.0";"";"3285357523";"22.814983 s"
"WRITE";"9888.0";"";"3285645505";"22.816983 s"
"WRITE";"9888.0";"";"3285933486";"22.818983 s"
"WRITE";"9888.0";"";"3286221468";"22.820982 s"
"WRITE";"9888.0";"";"3286509449";"22.822982 s"
"WRITE";"9888.0";"";"3286797430";"22.824982 s"
"WRITE";"9888.0";"";"3287085412";"22.826982 s"
"WRITE";"9888.0";"";"3287373393";"22.828982 s"
"WRITE";"9888.0";"";"3287661375";"22.830982 s"
"WRITE";"9888.0";"";"3287949356";"22.832982 s"
"WRITE";"9888.0";"";"3288237338";"22.834982 s"
"WRITE";"9888.0";"";"3288525319";"22.836981 s"
"WRITE";"9888.0";"";"3288813300";"22.838981 s"
"WRITE";"9888.0";"";"3289101282";"22.840981 s"
"WRITE";"9888.0";"";"3289389263";"22.842981 s"
"WRITE";"9888.0";"";"3289677245";"22.844981 s"
"WRITE";"9888.0";"";"3289965226";"22.846981 s"
"WRITE";"9888.0";"";"3290253208";"22.848981 s"
"WRITE";"9888.0";"";"3290541189";"22.850980 s"
"WRITE";"9888.0";"";"3290829170";"22.852980 s"
"WRITE";"9888.0";"";"3291117152";"22.854980 s"
"WRITE";"9888.0";"";"3291405133";"22.856980 s"
"WRITE";"9888.0";"";"3291693115";"22.858980 s"
"WRITE";"9888.0";"";"3291981096";"22.860980 s"
"WRITE";"9888.0";"";"3292269077";"22.862980 s"
"WRITE";"9888.0";"";"3292557059";"22.864980 s"
"WRITE";"9888.0";"";"3292845040";"22.866979 s"
"WRITE";"9888.0";"";"3293133022";"22.868979 s"
"WRITE";"9888.0";"";"3293421003";"22.870979 s"
"WRITE";"9888.0";"";"3293708985";"22.872979 s"
"WRITE";"9888.0";"";"3293996966";"22.874979 s"
"WRITE";"9888.0";"";"3294284947";"22.876979 s"
"WRITE";"9888.0";"";"3294572929";"22.878979 s"
"WRITE";"9888.0";"";"3294860910";"22.880979 s"
"WRITE";"9888.0";"";"3295148892";"22.882978 s"
"WRITE";"9888.0";"";"3295436873";"22.884978 s"
"WRITE";"9888.0";"";"3295724855";"22.886978 s"
"WRITE";"9888.0";"";"3296012836";"22.888978 s"
"WRITE";"9888.0";"";"3296300817";"22.890978 s"
"WRITE";"9888.0";"";"3296588799";"22.892978 s"
"WRITE";"9888.0";"";"3296876780";"22.894978 s"
"WRITE";"9888.0";"";"3297164762";"22.896978 s"
"WRITE";"9888.0";"";"3297452743";"22.898977 s"
"WRITE";"9888.0";"";"3297740724";"22.900977 s"
"WRITE";"9888.0";"";"3298028706";"22.902977 s"
"WRITE";"9888.0";"";"3298316687";"22.904977 s"
"WRITE";"9888.0";"";"3298604669";"22.906977 s"
"WRITE";"9888.0";"";"3298892650";"22.908977 s"
"WRITE";"9888.0";"";"3299180632";"22.910977 s"
"WRITE";"9888.0";"";"3299468613";"22.912976 s"
"WRITE";"9888.0";"";"3299756594";"22.914976 s"
"WRITE";"9888.0";"";"3300044576";"22.916976 s"
"WRITE";"9888.0";"";"3300332557";"22.918976 s"
"WRITE";"9888.0";"";"3300620539";"22.920976 s"
"WRITE";"9888.0";"";"3300908520";"22.922976 s"
"WRITE";"9888.0";"";"3301196502";"22.924976 s"
"WRITE";"9888.0";"";"3301484483";"22.926976 s"
"WRITE";"9888.0";"";"3301772464";"22.928975 s"
"WRITE";"9888.0";"";"3302060446";"22.930975 s"
"WRITE";"9888.0";"";"3302348427";"22.932975 s"
"WRITE";"9888.0";"";"3302636409";"22.934975 s"
"WRITE";"9888.0";"";"3302924390";"22.936975 s"
"WRITE";"9888.0";"";"3303212371";"22.938975 s"
"WRITE";"9888.0";"";"3303500353";"22.940975 s"
"WRITE";"9888.0";"";"3303788334";"22.942975 s"
"WRITE";"9888.0";"";"3304076316";"22.944974 s"
"WRITE";"9888.0";"";"3304364297";"22.946974 s"
"WRITE";"9888.0";"";"3304652279";"22.948974 s"
"WRITE";"9888.0";"";"3304940260";"22.950974 s"
"WRITE";"9888.0";"";"3305228241";"22.952974 s"
"WRITE";"9888.0";"";"3305516223";"22.954974 s"
"WRITE";"9888.0";"";"3305804204";"22.956974 s"
"WRITE";"9888.0";"";"3306092186";"22.958974 s"
"WRITE";"9888.0";"";"3306380167";"22.960973 s"
"WRITE";"9888.0";"";"3306668149";"22.962973 s"
"WRITE";"9888.0";"";"3306956130";"22.964973 s"
"WRITE";"9888.0";"";"3307244111";"22.966973 s"
"WRITE";"9888.0";"";"3307532093";"22.968973 s"
"WRITE";"9888.0";"";"3307820074";"22.970973 s"
"WRITE";"9888.0";"";"3308108056";"22.972973 s"
"WRITE";"9888.0";"";"3308396037";"22.974972 s"
"WRITE";"9888.0";"";"3308684019";"22.976972 s"
"WRITE";"9888.0";"";"3308972000";"22.978972 s"
"WRITE";"9888.0";"";"3309259981";"22.980972 s"
"WRITE";"9888.0";"";"3309547963";"22.982972 s"
"WRITE";"9888.0";"";"3309835944";"22.984972 s"
"WRITE";"9888.0";"";"3310123926";"22.986972 s"
"WRITE";"9888.0";"";"3310411907";"22.988972 s"
"WRITE";"9888.0";"";"3310699888";"22.990971 s"
"WRITE";"9888.0";"";"3310987870";"22.992971 s"
"WRITE";"9888.0";"";"3311275851";"22.994971 s"
"WRITE";"9888.0";"";"3311563833";"22.996971 s"
"WRITE";"9888.0";"";"3311851814";"22.998971 s"
"WRITE";"9888.0";"";"3312139796";"23.000971 s"
"WRITE";"9888.0";"";"3312427777";"23.002971 s"
"WRITE";"9888.0";"";"3312715758";"23.004971 s"
"WRITE";"9888.0";"";"3313003740";"23.006970 s"
"WRITE";"9888.0";"";"3313294316";"23.008988 s"
"WRITE";"9888.0";"";"3313579703";"23.010970 s"
"WRITE";"9888.0";"";"3313867684";"23.012970 s"
"WRITE";"9888.0";"";"3314155666";"23.014970 s"
"WRITE";"9888.0";"";"3314443647";"23.016970 s"
"WRITE";"9888.0";"";"3314731628";"23.018970 s"
"WRITE";"9888.0";"";"3315019610";"23.020970 s"
"WRITE";"9888.0";"";"3315307591";"23.022969 s"
"WRITE";"9888.0";"";"3315595573";"23.024969 s"
"WRITE";"9888.0";"";"3315883554";"23.026969 s"
"WRITE";"9888.0";"";"3316171535";"23.028969 s"
"WRITE";"9888.0";"";"3316459517";"23.030969 s"
"WRITE";"9888.0";"";"3316747498";"23.032969 s"
"WRITE";"9888.0";"";"3317035480";"23.034969 s"
"WRITE";"9888.0";"";"3317323461";"23.036968 s"
"WRITE";"9888.0";"";"3317611443";"23.038968 s"
"WRITE";"9888.0";"";"3317899424";"23.040968 s"
"WRITE";"9888.0";"";"3318187405";"23.042968 s"
"WRITE";"9888.0";"";"3318475387";"23.044968 s"
"WRITE";"9888.0";"";"3318763368";"23.046968 s"
"WRITE";"9888.0";"";"3319051350";"23.048968 s"
"WRITE";"9888.0";"";"3319339331";"23.050968 s"
"WRITE";"9888.0";"";"3319627313";"23.052967 s"
"WRITE";"9888.0";"";"3319915294";"23.054967 s"
"WRITE";"9888.0";"";"3320203275";"23.056967 s"
"WRITE";"9888.0";"";"3320491257";"23.058967 s"
"WRITE";"9888.0";"";"3320779238";"23.060967 s"
"WRITE";"9888.0";"";"3321067220";"23.062967 s"
"WRITE";"9888.0";"";"3321355201";"23.064967 s"
"WRITE";"9888.0";"";"3321643182";"23.066967 s"
"WRITE";"9888.0";"";"3321931164";"23.068966 s"
"WRITE";"9888.0";"";"3322219145";"23.070966 s"
"WRITE";"9888.0";"";"3322507127";"23.072966 s"
"WRITE";"9888.0";"";"3322795108";"23.074966 s"
"WRITE";"9888.0";"";"3323083090";"23.076966 s"
"WRITE";"9888.0";"";"3323371071";"23.078966 s"
"WRITE";"9888.0";"";"3323659052";"23.080966 s"
"WRITE";"9888.0";"";"3323947034";"23.082966 s"
"WRITE";"9888.0";"";"3324235015";"23.084965 s"
"WRITE";"9888.0";"";"3324522997";"23.086965 s"
"WRITE";"9888.0";"";"3324810978";"23.088965 s"
"WRITE";"9888.0";"";"3325098960";"23.090965 s"
"WRITE";"9888.0";"";"3325386941";"23.092965 s"
"WRITE";"9888.0";"";"3325674922";"23.094965 s"
"WRITE";"9888.0";"";"3325962904";"23.096965 s"
"WRITE";"9888.0";"";"3326250885";"23.098964 s"
"WRITE";"9888.0";"";"3326538867";"23.100964 s"
"WRITE";"9888.0";"";"3326826848";"23.102964 s"
"WRITE";"9888.0";"";"3327114830";"23.104964 s"
"WRITE";"9888.0";"";"3327402811";"23.106964 s"
"WRITE";"9888.0";"";"3327690792";"23.108964 s"
"WRITE";"9888.0";"";"3327978774";"23.110964 s"
"WRITE";"9888.0";"";"3328266755";"23.112964 s"
"WRITE";"9888.0";"";"3328554737";"23.114963 s"
"WRITE";"9888.0";"";"3328842718";"23.116963 s"
"WRITE";"9888.0";"";"3329130699";"23.118963 s"
"WRITE";"9888.0";"";"3329418681";"23.120963 s"
"WRITE";"9888.0";"";"3329706662";"23.122963 s"
"WRITE";"9888.0";"";"3329994644";"23.124963 s"
"WRITE";"9888.0";"";"3330282625";"23.126963 s"
"WRITE";"9888.0";"";"3330570607";"23.128963 s"
"WRITE";"9888.0";"";"3330858588";"23.130962 s"
"WRITE";"9888.0";"";"3331146569";"23.132962 s"
"WRITE";"9888.0";"";"3331434551";"23.134962 s"
"WRITE";"9888.0";"";"3331722532";"23.136962 s"
"WRITE";"9888.0";"";"3332010514";"23.138962 s"
"WRITE";"9888.0";"";"3332298495";"23.140962 s"
"WRITE";"9888.0";"";"3332586477";"23.142962 s"
"WRITE";"9888.0";"";"3332874458";"23.144962 s"
"WRITE";"9888.0";"";"3333162439";"23.146961 s"
"WRITE";"9888.0";"";"3333450421";"23.148961 s"
"WRITE";"9888.0";"";"3333738402";"23.150961 s"
"WRITE";"9888.0";"";"3334026384";"23.152961 s"
"WRITE";"9888.0";"";"3334314365";"23.154961 s"
"WRITE";"9888.0";"";"3334602346";"23.156961 s"
"WRITE";"9888.0";"";"3334890328";"23.158961 s"
"WRITE";"9888.0";"";"3335178309";"23.160960 s"
"WRITE";"9888.0";"";"3335466291";"23.162960 s"
"WRITE";"9888.0";"";"3335754272";"23.164960 s"
"WRITE";"9888.0";"";"3336042254";"23.166960 s"
"WRITE";"9888.0";"";"3336330235";"23.168960 s"
"WRITE";"9888.0";"";"3336618216";"23.170960 s"
"WRITE";"9888.0";"";"3336906198";"23.172960 s"
"WRITE";"9888.0";"";"3337194179";"23.174960 s"
"WRITE";"9888.0";"";"3337482161";"23.176959 s"
"WRITE";"9888.0";"";"3337770142";"23.178959 s"
"WRITE";"9888.0";"";"3338058124";"23.180959 s"
"WRITE";"9888.0";"";"3338346105";"23.182959 s"
"WRITE";"9888.0";"";"3338634086";"23.184959 s"
"WRITE";"9888.0";"";"3338922068";"23.186959 s"
"WRITE";"9888.0";"";"3339210049";"23.188959 s"
"WRITE";"9888.0";"";"3339498031";"23.190959 s"
"WRITE";"9888.0";"";"3339786012";"23.192958 s"
"WRITE";"9888.0";"";"3340073993";"23.194958 s"
"WRITE";"9888.0";"";"3340361975";"23.196958 s"
"WRITE";"9888.0";"";"3340649956";"23.198958 s"
"WRITE";"9888.0";"";"3340937938";"23.200958 s"
"WRITE";"9888.0";"";"3341225919";"23.202958 s"
"WRITE";"9888.0";"";"3341513901";"23.204958 s"
"WRITE";"9888.0";"";"3341801882";"23.206958 s"
"WRITE";"9888.0";"";"3342089863";"23.208957 s"
"WRITE";"9888.0";"";"3342377845";"23.210957 s"
"WRITE";"9888.0";"";"3342665826";"23.212957 s"
"WRITE";"9888.0";"";"3342953808";"23.214957 s"
"WRITE";"9888.0";"";"3343241789";"23.216957 s"
"WRITE";"9888.0";"";"3343529771";"23.218957 s"
"WRITE";"9888.0";"";"3343817752";"23.220957 s"
"WRITE";"9888.0";"";"3344105733";"23.222956 s"
"WRITE";"9888.0";"";"3344393715";"23.224956 s"
"WRITE";"9888.0";"";"3344681696";"23.226956 s"
"WRITE";"9888.0";"";"3344969678";"23.228956 s"
"WRITE";"9888.0";"";"3345257659";"23.230956 s"
"WRITE";"9888.0";"";"3345545641";"23.232956 s"
"WRITE";"9888.0";"";"3345833622";"23.234956 s"
"WRITE";"9888.0";"";"3346121603";"23.236956 s"
"WRITE";"9888.0";"";"3346409585";"23.238955 s"
"WRITE";"9888.0";"";"3346697566";"23.240955 s"
"WRITE";"9888.0";"";"3346985548";"23.242955 s"
"WRITE";"9888.0";"";"3347273529";"23.244955 s"
"WRITE";"9888.0";"";"3347561510";"23.246955 s"
"WRITE";"9888.0";"";"3347849492";"23.248955 s"
"WRITE";"9888.0";"";"3348137473";"23.250955 s"
"WRITE";"9888.0";"";"3348425455";"23.252955 s"
"WRITE";"9888.0";"";"3348713436";"23.254954 s"
"WRITE";"9888.0";"";"3349001418";"23.256954 s"
"WRITE";"9888.0";"";"3349289399";"23.258954 s"
"WRITE";"9888.0";"";"3349577380";"23.260954 s"
"WRITE";"9888.0";"";"3349865362";"23.262954 s"
"WRITE";"9888.0";"";"3350153343";"23.264954 s"
"WRITE";"9888.0";"";"3350441325";"23.266954 s"
"WRITE";"9888.0";"";"3350729306";"23.268954 s"
"WRITE";"9888.0";"";"3351017288";"23.270953 s"
"WRITE";"9888.0";"";"3351305269";"23.272953 s"
"WRITE";"9888.0";"";"3351593250";"23.274953 s"
"WRITE";"9888.0";"";"3351881232";"23.276953 s"
"WRITE";"9888.0";"";"3352169213";"23.278953 s"
"WRITE";"9888.0";"";"3352457195";"23.280953 s"
"WRITE";"9888.0";"";"3352745176";"23.282953 s"
"WRITE";"9888.0";"";"3353033157";"23.284952 s"
"WRITE";"9888.0";"";"3353321139";"23.286952 s"
"WRITE";"9889.0";"";"3353609120";"23.288952 s"
"WRITE";"9889.0";"";"3353897102";"23.290952 s"
"WRITE";"9889.0";"";"3354185083";"23.292952 s"
"WRITE";"9889.0";"";"3354473065";"23.294952 s"
"WRITE";"9889.0";"";"3354761046";"23.296952 s"
"WRITE";"9889.0";"";"3355049027";"23.298952 s"
"WRITE";"9889.0";"";"3355337009";"23.300951 s"
"WRITE";"9889.0";"";"3355624990";"23.302951 s"
"WRITE";"9889.0";"";"3355912972";"23.304951 s"
"WRITE";"9889.0";"";"3356200953";"23.306951 s"
"WRITE";"9889.0";"";"3356488935";"23.308951 s"
"WRITE";"9889.0";"";"3356776916";"23.310951 s"
"WRITE";"9890.0";"";"3357064897";"23.312951 s"
"WRITE";"9890.0";"";"3357352879";"23.314951 s"
"WRITE";"9890.0";"";"3357640860";"23.316950 s"
"WRITE";"9890.0";"";"3357928842";"23.318950 s"
"WRITE";"9890.0";"";"3358216823";"23.320950 s"
"WRITE";"9890.0";"";"3358504804";"23.322950 s"
"WRITE";"9890.0";"";"3358792786";"23.324950 s"
"WRITE";"9891.0";"";"3359080767";"23.326950 s"
"WRITE";"9891.0";"";"3359368749";"23.328950 s"
"WRITE";"9891.0";"";"3359656730";"23.330950 s"
"WRITE";"9891.0";"";"3359944712";"23.332949 s"
"WRITE";"9891.0";"";"3360232693";"23.334949 s"
"WRITE";"9891.0";"";"3360520674";"23.336949 s"
"WRITE";"9892.0";"";"3360808656";"23.338949 s"
"WRITE";"9892.0";"";"3361096637";"23.340949 s"
"WRITE";"9892.0";"";"3361384619";"23.342949 s"
"WRITE";"9892.0";"";"3361672600";"23.344949 s"
"WRITE";"9893.0";"";"3361960582";"23.346948 s"
"WRITE";"9893.0";"";"3362248563";"23.348948 s"
"WRITE";"9894.0";"";"3362536544";"23.350948 s"
"WRITE";"9894.0";"";"3362824526";"23.352948 s"
"WRITE";"9895.0";"";"3363112507";"23.354948 s"
"WRITE";"9895.0";"";"3363400489";"23.356948 s"
"WRITE";"9896.0";"";"3363688470";"23.358948 s"
"WRITE";"9897.0";"";"3363976452";"23.360948 s"
"WRITE";"9898.0";"";"3364264433";"23.362947 s"
"WRITE";"9899.0";"";"3364552414";"23.364947 s"
"WRITE";"9900.0";"";"3364840396";"23.366947 s"
"WRITE";"9901.0";"";"3365128377";"23.368947 s"
"WRITE";"9902.0";"";"3365416359";"23.370947 s"
"WRITE";"9903.0";"";"3365704340";"23.372947 s"
"WRITE";"9904.0";"";"3365992321";"23.374947 s"
"WRITE";"9906.0";"";"3366280303";"23.376947 s"
"WRITE";"9907.0";"";"3366568284";"23.378946 s"
"WRITE";"9909.0";"";"3366856266";"23.380946 s"
"WRITE";"9910.0";"";"3367144247";"23.382946 s"
"WRITE";"9912.0";"";"3367432229";"23.384946 s"
"WRITE";"9913.0";"";"3367720210";"23.386946 s"
"WRITE";"9915.0";"";"3368008191";"23.388946 s"
"WRITE";"9917.0";"";"3368296173";"23.390946 s"
"WRITE";"9918.0";"";"3368584154";"23.392946 s"
"WRITE";"9920.0";"";"3368872136";"23.394945 s"
"WRITE";"9922.0";"";"3369160117";"23.396945 s"
"WRITE";"9924.0";"";"3369448099";"23.398945 s"
"WRITE";"9925.0";"";"3369736080";"23.400945 s"
"WRITE";"9927.0";"";"3370024061";"23.402945 s"
"WRITE";"9929.0";"";"3370312043";"23.404945 s"
"WRITE";"9931.0";"";"3370600024";"23.406945 s"
"WRITE";"9933.0";"";"3370888006";"23.408944 s"
"WRITE";"9935.0";"";"3371175987";"23.410944 s"
"WRITE";"9937.0";"";"3371463968";"23.412944 s"
"WRITE";"9939.0";"";"3371751950";"23.414944 s"
"WRITE";"9940.0";"";"3372039931";"23.416944 s"
"WRITE";"9942.0";"";"3372327913";"23.418944 s"
"WRITE";"9943.0";"";"3372615894";"23.420944 s"
"WRITE";"9944.0";"";"3372903876";"23.422944 s"
"WRITE";"9945.0";"";"3373191857";"23.424943 s"
"WRITE";"9946.0";"";"3373479838";"23.426943 s"
"WRITE";"9946.0";"";"3373767820";"23.428943 s"
"WRITE";"9947.0";"";"3374055801";"23.430943 s"
"WRITE";"9947.0";"";"3374343783";"23.432943 s"
"WRITE";"9948.0";"";"3374631764";"23.434943 s"
"WRITE";"9948.0";"";"3374919746";"23.436943 s"
"WRITE";"9948.0";"";"3375207727";"23.438943 s"
"WRITE";"9948.0";"";"3375495708";"23.440942 s"
"WRITE";"9948.0";"";"3375783690";"23.442942 s"
"WRITE";"9948.0";"";"3376071671";"23.444942 s"
"WRITE";"9949.0";"";"3376359653";"23.446942 s"
"WRITE";"9949.0";"";"3376647634";"23.448942 s"
"WRITE";"9949.0";"";"3376935615";"23.450942 s"
"WRITE";"9949.0";"";"3377223597";"23.452942 s"
"WRITE";"9949.0";"";"3377511578";"23.454942 s"
"WRITE";"9949.0";"";"3377799560";"23.456941 s"
"WRITE";"9949.0";"";"3378087541";"23.458941 s"
"WRITE";"9949.0";"";"3378375523";"23.460941 s"
"WRITE";"9949.0";"";"3378663504";"23.462941 s"
"WRITE";"9949.0";"";"3378951485";"23.464941 s"
"WRITE";"9949.0";"";"3379239467";"23.466941 s"
"WRITE";"9949.0";"";"3379527448";"23.468941 s"
"WRITE";"9949.0";"";"3379815430";"23.470940 s"
"WRITE";"9949.0";"";"3380103411";"23.472940 s"
"WRITE";"9949.0";"";"3380391393";"23.474940 s"
"WRITE";"9949.0";"";"3380679374";"23.476940 s"
"WRITE";"9949.0";"";"3380967355";"23.478940 s"
"WRITE";"9949.0";"";"3381255337";"23.480940 s"
"WRITE";"9949.0";"";"3381543318";"23.482940 s"
"WRITE";"9949.0";"";"3381831300";"23.484940 s"
"WRITE";"9949.0";"";"3382119281";"23.486939 s"
"WRITE";"9949.0";"";"3382407263";"23.488939 s"
"WRITE";"9949.0";"";"3382695244";"23.490939 s"
"WRITE";"9949.0";"";"3382983225";"23.492939 s"
"WRITE";"9949.0";"";"3383271207";"23.494939 s"
"WRITE";"9949.0";"";"3383559188";"23.496939 s"
"WRITE";"9949.0";"";"3383847170";"23.498939 s"
"WRITE";"9949.0";"";"3384135151";"23.500939 s"
"WRITE";"9949.0";"";"3384423132";"23.502938 s"
"WRITE";"9950.0";"";"3384711114";"23.504938 s"
"WRITE";"9950.0";"";"3384999095";"23.506938 s"
"WRITE";"9950.0";"";"3385289672";"23.508956 s"
"WRITE";"9950.0";"";"3385575058";"23.510938 s"
"WRITE";"9951.0";"";"3385863040";"23.512938 s"
"WRITE";"9951.0";"";"3386151021";"23.514938 s"
"WRITE";"9952.0";"";"3386439002";"23.516938 s"
"WRITE";"9954.0";"";"3386726984";"23.518937 s"
"WRITE";"9955.0";"";"3387014965";"23.520937 s"
"WRITE";"9957.0";"";"3387302947";"23.522937 s"
"WRITE";"9959.0";"";"3387590928";"23.524937 s"
"WRITE";"9962.0";"";"3387878910";"23.526937 s"
"WRITE";"9965.0";"";"3388166891";"23.528937 s"
"WRITE";"9968.0";"";"3388454872";"23.530937 s"
"WRITE";"9971.0";"";"3388742854";"23.532936 s"
"WRITE";"9974.0";"";"3389030835";"23.534936 s"
"WRITE";"9977.0";"";"3389318817";"23.536936 s"
"WRITE";"9981.0";"";"3389606798";"23.538936 s"
"WRITE";"9984.0";"";"3389894779";"23.540936 s"
"WRITE";"9987.0";"";"3390182761";"23.542936 s"
"WRITE";"9990.0";"";"3390470742";"23.544936 s"
"WRITE";"9993.0";"";"3390758724";"23.546936 s"
"WRITE";"9995.0";"";"3391046705";"23.548935 s"
"WRITE";"9998.0";"";"3391334687";"23.550935 s"
"WRITE";"10001.0";"";"3391622668";"23.552935 s"
"WRITE";"10004.0";"";"3391910649";"23.554935 s"
"WRITE";"10007.0";"";"3392198631";"23.556935 s"
"WRITE";"10009.0";"";"3392486612";"23.558935 s"
"WRITE";"10012.0";"";"3392774594";"23.560935 s"
"WRITE";"10014.0";"";"3393062575";"23.562935 s"
"WRITE";"10017.0";"";"3393350557";"23.564934 s"
"WRITE";"10019.0";"";"3393638538";"23.566934 s"
"WRITE";"10021.0";"";"3393926519";"23.568934 s"
"WRITE";"10023.0";"";"3394214501";"23.570934 s"
"WRITE";"10025.0";"";"3394502482";"23.572934 s"
"WRITE";"10027.0";"";"3394790464";"23.574934 s"
"WRITE";"10029.0";"";"3395078445";"23.576934 s"
"WRITE";"10030.0";"";"3395366426";"23.578934 s"
"WRITE";"10032.0";"";"3395654408";"23.580933 s"
"WRITE";"10033.0";"";"3395942389";"23.582933 s"
"WRITE";"10034.0";"";"3396230371";"23.584933 s"
"WRITE";"10036.0";"";"3396518352";"23.586933 s"
"WRITE";"10037.0";"";"3396806334";"23.588933 s"
"WRITE";"10038.0";"";"3397094315";"23.590933 s"
"WRITE";"10040.0";"";"3397382296";"23.592933 s"
"WRITE";"10041.0";"";"3397670278";"23.594932 s"
"WRITE";"10043.0";"";"3397958259";"23.596932 s"
"WRITE";"10045.0";"";"3398246241";"23.598932 s"
"WRITE";"10046.0";"";"3398534222";"23.600932 s"
"WRITE";"10048.0";"";"3398822204";"23.602932 s"
"WRITE";"10050.0";"";"3399110185";"23.604932 s"
"WRITE";"10052.0";"";"3399398166";"23.606932 s"
"WRITE";"10054.0";"";"3399686148";"23.608932 s"
"WRITE";"10055.0";"";"3399974129";"23.610931 s"
"WRITE";"10057.0";"";"3400262111";"23.612931 s"
"WRITE";"10059.0";"";"3400550092";"23.614931 s"
"WRITE";"10060.0";"";"3400838074";"23.616931 s"
"WRITE";"10062.0";"";"3401126055";"23.618931 s"
"WRITE";"10063.0";"";"3401414036";"23.620931 s"
"WRITE";"10065.0";"";"3401702018";"23.622931 s"
"WRITE";"10066.0";"";"3401989999";"23.624931 s"
"WRITE";"10068.0";"";"3402277981";"23.626930 s"
"WRITE";"10070.0";"";"3402565962";"23.628930 s"
"WRITE";"10071.0";"";"3402853943";"23.630930 s"
"WRITE";"10073.0";"";"3403141925";"23.632930 s"
"WRITE";"10075.0";"";"3403429906";"23.634930 s"
"WRITE";"10076.0";"";"3403717888";"23.636930 s"
"WRITE";"10078.0";"";"3404005869";"23.638930 s"
"WRITE";"10080.0";"";"3404293851";"23.640930 s"
"WRITE";"10082.0";"";"3404581832";"23.642929 s"
"WRITE";"10084.0";"";"3404869813";"23.644929 s"
"WRITE";"10086.0";"";"3405157795";"23.646929 s"
"WRITE";"10089.0";"";"3405445776";"23.648929 s"
"WRITE";"10091.0";"";"3405733758";"23.650929 s"
"WRITE";"10093.0";"";"3406021739";"23.652929 s"
"WRITE";"10096.0";"";"3406309721";"23.654929 s"
"WRITE";"10099.0";"";"3406597702";"23.656928 s"
"WRITE";"10101.0";"";"3406885683";"23.658928 s"
"WRITE";"10104.0";"";"3407173665";"23.660928 s"
"WRITE";"10107.0";"";"3407461646";"23.662928 s"
"WRITE";"10110.0";"";"3407749628";"23.664928 s"
"WRITE";"10113.0";"";"3408037609";"23.666928 s"
"WRITE";"10115.0";"";"3408325590";"23.668928 s"
"WRITE";"10118.0";"";"3408613572";"23.670928 s"
"WRITE";"10121.0";"";"3408901553";"23.672927 s"
"WRITE";"10123.0";"";"3409189535";"23.674927 s"
"WRITE";"10126.0";"";"3409477516";"23.676927 s"
"WRITE";"10129.0";"";"3409765498";"23.678927 s"
"WRITE";"10131.0";"";"3410053479";"23.680927 s"
"WRITE";"10134.0";"";"3410341460";"23.682927 s"
"WRITE";"10136.0";"";"3410629442";"23.684927 s"
"WRITE";"10138.0";"";"3410917423";"23.686927 s"
"WRITE";"10141.0";"";"3411205405";"23.688926 s"
"WRITE";"10143.0";"";"3411493386";"23.690926 s"
"WRITE";"10146.0";"";"3411781368";"23.692926 s"
"WRITE";"10148.0";"";"3412069349";"23.694926 s"
"WRITE";"10151.0";"";"3412357330";"23.696926 s"
"WRITE";"10153.0";"";"3412645312";"23.698926 s"
"WRITE";"10155.0";"";"3412933293";"23.700926 s"
"WRITE";"10158.0";"";"3413221275";"23.702926 s"
"WRITE";"10160.0";"";"3413509256";"23.704925 s"
"WRITE";"10163.0";"";"3413797237";"23.706925 s"
"WRITE";"10166.0";"";"3414085219";"23.708925 s"
"WRITE";"10169.0";"";"3414373200";"23.710925 s"
"WRITE";"10172.0";"";"3414661182";"23.712925 s"
"WRITE";"10175.0";"";"3414949163";"23.714925 s"
"WRITE";"10179.0";"";"3415237145";"23.716925 s"
"WRITE";"10183.0";"";"3415525126";"23.718924 s"
"WRITE";"10187.0";"";"3415813107";"23.720924 s"
"WRITE";"10191.0";"";"3416101089";"23.722924 s"
"WRITE";"10195.0";"";"3416389070";"23.724924 s"
"WRITE";"10199.0";"";"3416677052";"23.726924 s"
"WRITE";"10204.0";"";"3416965033";"23.728924 s"
"WRITE";"10208.0";"";"3417253015";"23.730924 s"
"WRITE";"10213.0";"";"3417540996";"23.732924 s"
"WRITE";"10218.0";"";"3417828977";"23.734923 s"
"WRITE";"10222.0";"";"3418116959";"23.736923 s"
"WRITE";"10227.0";"";"3418404940";"23.738923 s"
"WRITE";"10232.0";"";"3418692922";"23.740923 s"
"WRITE";"10237.0";"";"3418980903";"23.742923 s"
"WRITE";"10241.0";"";"3419268885";"23.744923 s"
"WRITE";"10246.0";"";"3419556866";"23.746923 s"
"WRITE";"10251.0";"";"3419844847";"23.748923 s"
"WRITE";"10255.0";"";"3420132829";"23.750922 s"
"WRITE";"10260.0";"";"3420420810";"23.752922 s"
"WRITE";"10265.0";"";"3420708792";"23.754922 s"
"WRITE";"10269.0";"";"3420996773";"23.756922 s"
"WRITE";"10274.0";"";"3421284754";"23.758922 s"
"WRITE";"10278.0";"";"3421572736";"23.760922 s"
"WRITE";"10283.0";"";"3421860717";"23.762922 s"
"WRITE";"10288.0";"";"3422148699";"23.764922 s"
"WRITE";"10293.0";"";"3422436680";"23.766921 s"
"WRITE";"10298.0";"";"3422724662";"23.768921 s"
"WRITE";"10303.0";"";"3423012643";"23.770921 s"
"WRITE";"10308.0";"";"3423300624";"23.772921 s"
"WRITE";"10314.0";"";"3423588606";"23.774921 s"
"WRITE";"10319.0";"";"3423876587";"23.776921 s"
"WRITE";"10325.0";"";"3424164569";"23.778921 s"
"WRITE";"10330.0";"";"3424452550";"23.780920 s"
"WRITE";"10335.0";"";"3424740532";"23.782920 s"
"WRITE";"10341.0";"";"3425028513";"23.784920 s"
"WRITE";"10346.0";"";"3425316494";"23.786920 s"
"WRITE";"10352.0";"";"3425604476";"23.788920 s"
"WRITE";"10357.0";"";"3425892457";"23.790920 s"
"WRITE";"10363.0";"";"3426180439";"23.792920 s"
"WRITE";"10368.0";"";"3426468420";"23.794920 s"
"WRITE";"10373.0";"";"3426756401";"23.796919 s"
"WRITE";"10378.0";"";"3427044383";"23.798919 s"
"WRITE";"10383.0";"";"3427332364";"23.800919 s"
"WRITE";"10388.0";"";"3427620346";"23.802919 s"
"WRITE";"10392.0";"";"3427908327";"23.804919 s"
"WRITE";"10397.0";"";"3428196309";"23.806919 s"
"WRITE";"10401.0";"";"3428484290";"23.808919 s"
"WRITE";"10406.0";"";"3428772271";"23.810919 s"
"WRITE";"10411.0";"";"3429060253";"23.812918 s"
"WRITE";"10415.0";"";"3429348234";"23.814918 s"
"WRITE";"10420.0";"";"3429636216";"23.816918 s"
"WRITE";"10425.0";"";"3429924197";"23.818918 s"
"WRITE";"10430.0";"";"3430212179";"23.820918 s"
"WRITE";"10435.0";"";"3430500160";"23.822918 s"
"WRITE";"10440.0";"";"3430788141";"23.824918 s"
"WRITE";"10446.0";"";"3431076123";"23.826918 s"
"WRITE";"10451.0";"";"3431364104";"23.828917 s"
"WRITE";"10457.0";"";"3431652086";"23.830917 s"
"WRITE";"10463.0";"";"3431940067";"23.832917 s"
"WRITE";"10469.0";"";"3432228048";"23.834917 s"
"WRITE";"10475.0";"";"3432516030";"23.836917 s"
"WRITE";"10481.0";"";"3432804011";"23.838917 s"
"WRITE";"10487.0";"";"3433091993";"23.840917 s"
"WRITE";"10494.0";"";"3433379974";"23.842916 s"
"WRITE";"10501.0";"";"3433667956";"23.844916 s"
"WRITE";"10509.0";"";"3433955937";"23.846916 s"
"WRITE";"10516.0";"";"3434243918";"23.848916 s"
"WRITE";"10524.0";"";"3434531900";"23.850916 s"
"WRITE";"10532.0";"";"3434819881";"23.852916 s"
"WRITE";"10540.0";"";"3435107863";"23.854916 s"
"WRITE";"10548.0";"";"3435395844";"23.856916 s"
"WRITE";"10557.0";"";"3435683826";"23.858915 s"
"WRITE";"10566.0";"";"3435971807";"23.860915 s"
"WRITE";"10576.0";"";"3436259788";"23.862915 s"
"WRITE";"10585.0";"";"3436547770";"23.864915 s"
"WRITE";"10595.0";"";"3436835751";"23.866915 s"
"WRITE";"10606.0";"";"3437123733";"23.868915 s"
"WRITE";"10616.0";"";"3437411714";"23.870915 s"
"WRITE";"10626.0";"";"3437699696";"23.872915 s"
"WRITE";"10637.0";"";"3437987677";"23.874914 s"
"WRITE";"10648.0";"";"3438275658";"23.876914 s"
"WRITE";"10659.0";"";"3438563640";"23.878914 s"
"WRITE";"10671.0";"";"3438851621";"23.880914 s"
"WRITE";"10682.0";"";"3439139603";"23.882914 s"
"WRITE";"10694.0";"";"3439427584";"23.884914 s"
"WRITE";"10706.0";"";"3439715565";"23.886914 s"
"WRITE";"10717.0";"";"3440003547";"23.888914 s"
"WRITE";"10729.0";"";"3440291528";"23.890913 s"
"WRITE";"10741.0";"";"3440579510";"23.892913 s"
"WRITE";"10752.0";"";"3440867491";"23.894913 s"
"WRITE";"10764.0";"";"3441155473";"23.896913 s"
"WRITE";"10774.0";"";"3441443454";"23.898913 s"
"WRITE";"10785.0";"";"3441731435";"23.900913 s"
"WRITE";"10795.0";"";"3442019417";"23.902913 s"
"WRITE";"10805.0";"";"3442307398";"23.904912 s"
"WRITE";"10815.0";"";"3442595380";"23.906912 s"
"WRITE";"10824.0";"";"3442883361";"23.908912 s"
"WRITE";"10833.0";"";"3443171343";"23.910912 s"
"WRITE";"10842.0";"";"3443459324";"23.912912 s"
"WRITE";"10850.0";"";"3443747305";"23.914912 s"
"WRITE";"10858.0";"";"3444035287";"23.916912 s"
"WRITE";"10866.0";"";"3444323268";"23.918912 s"
"WRITE";"10874.0";"";"3444611250";"23.920911 s"
"WRITE";"10881.0";"";"3444899231";"23.922911 s"
"WRITE";"10889.0";"";"3445187212";"23.924911 s"
"WRITE";"10896.0";"";"3445475194";"23.926911 s"
"WRITE";"10903.0";"";"3445763175";"23.928911 s"
"WRITE";"10911.0";"";"3446051157";"23.930911 s"
"WRITE";"10918.0";"";"3446339138";"23.932911 s"
"WRITE";"10925.0";"";"3446627120";"23.934911 s"
"WRITE";"10933.0";"";"3446915101";"23.936910 s"
"WRITE";"10940.0";"";"3447203082";"23.938910 s"
"WRITE";"10948.0";"";"3447491064";"23.940910 s"
"WRITE";"10955.0";"";"3447779045";"23.942910 s"
"WRITE";"10962.0";"";"3448067027";"23.944910 s"
"WRITE";"10970.0";"";"3448355008";"23.946910 s"
"WRITE";"10978.0";"";"3448642990";"23.948910 s"
"WRITE";"10985.0";"";"3448930971";"23.950910 s"
"WRITE";"10993.0";"";"3449218952";"23.952909 s"
"WRITE";"11001.0";"";"3449506934";"23.954909 s"
"WRITE";"11009.0";"";"3449794915";"23.956909 s"
"WRITE";"11017.0";"";"3450082897";"23.958909 s"
"WRITE";"11026.0";"";"3450370878";"23.960909 s"
"WRITE";"11035.0";"";"3450658859";"23.962909 s"
"WRITE";"11044.0";"";"3450946841";"23.964909 s"
"WRITE";"11054.0";"";"3451234822";"23.966908 s"
"WRITE";"11063.0";"";"3451522804";"23.968908 s"
"WRITE";"11073.0";"";"3451810785";"23.970908 s"
"WRITE";"11083.0";"";"3452098767";"23.972908 s"
"WRITE";"11093.0";"";"3452386748";"23.974908 s"
"WRITE";"11103.0";"";"3452674729";"23.976908 s"
"WRITE";"11113.0";"";"3452962711";"23.978908 s"
"WRITE";"11123.0";"";"3453250692";"23.980908 s"
"WRITE";"11132.0";"";"3453538674";"23.982907 s"
"WRITE";"11142.0";"";"3453826655";"23.984907 s"
"WRITE";"11152.0";"";"3454114637";"23.986907 s"
"WRITE";"11162.0";"";"3454402618";"23.988907 s"
"WRITE";"11172.0";"";"3454690599";"23.990907 s"
"WRITE";"11182.0";"";"3454978581";"23.992907 s"
"WRITE";"11192.0";"";"3455266562";"23.994907 s"
"WRITE";"11203.0";"";"3455554544";"23.996907 s"
"WRITE";"11214.0";"";"3455842525";"23.998906 s"
"WRITE";"11224.0";"";"3456130507";"24.000906 s"
"WRITE";"11236.0";"";"3456418488";"24.002906 s"
"WRITE";"11247.0";"";"3456706469";"24.004906 s"
"WRITE";"11258.0";"";"3456994451";"24.006906 s"
"WRITE";"11269.0";"";"3457285027";"24.008924 s"
"WRITE";"11281.0";"";"3457570414";"24.010906 s"
"WRITE";"11292.0";"";"3457858395";"24.012906 s"
"WRITE";"11304.0";"";"3458146376";"24.014905 s"
"WRITE";"11315.0";"";"3458434358";"24.016905 s"
"WRITE";"11326.0";"";"3458722339";"24.018905 s"
"WRITE";"11337.0";"";"3459010321";"24.020905 s"
"WRITE";"11347.0";"";"3459298302";"24.022905 s"
"WRITE";"11357.0";"";"3459586284";"24.024905 s"
"WRITE";"11366.0";"";"3459874265";"24.026905 s"
"WRITE";"11375.0";"";"3460162246";"24.028904 s"
"WRITE";"11384.0";"";"3460450228";"24.030904 s"
"WRITE";"11392.0";"";"3460738209";"24.032904 s"
"WRITE";"11400.0";"";"3461026191";"24.034904 s"
"WRITE";"11408.0";"";"3461314172";"24.036904 s"
"WRITE";"11415.0";"";"3461602154";"24.038904 s"
"WRITE";"11423.0";"";"3461890135";"24.040904 s"
"WRITE";"11430.0";"";"3462178116";"24.042904 s"
"WRITE";"11438.0";"";"3462466098";"24.044903 s"
"WRITE";"11445.0";"";"3462754079";"24.046903 s"
"WRITE";"11452.0";"";"3463042061";"24.048903 s"
"WRITE";"11460.0";"";"3463330042";"24.050903 s"
"WRITE";"11467.0";"";"3463618023";"24.052903 s"
"WRITE";"11474.0";"";"3463906005";"24.054903 s"
"WRITE";"11481.0";"";"3464193986";"24.056903 s"
"WRITE";"11488.0";"";"3464481968";"24.058903 s"
"WRITE";"11496.0";"";"3464769949";"24.060902 s"
"WRITE";"11503.0";"";"3465057931";"24.062902 s"
"WRITE";"11510.0";"";"3465345912";"24.064902 s"
"WRITE";"11518.0";"";"3465633893";"24.066902 s"
"WRITE";"11525.0";"";"3465921875";"24.068902 s"
"WRITE";"11533.0";"";"3466209856";"24.070902 s"
"WRITE";"11541.0";"";"3466497838";"24.072902 s"
"WRITE";"11549.0";"";"3466785819";"24.074902 s"
"WRITE";"11557.0";"";"3467073801";"24.076901 s"
"WRITE";"11565.0";"";"3467361782";"24.078901 s"
"WRITE";"11574.0";"";"3467649763";"24.080901 s"
"WRITE";"11582.0";"";"3467937745";"24.082901 s"
"WRITE";"11591.0";"";"3468225726";"24.084901 s"
"WRITE";"11600.0";"";"3468513708";"24.086901 s"
"WRITE";"11609.0";"";"3468801689";"24.088901 s"
"WRITE";"11618.0";"";"3469089670";"24.090900 s"
"WRITE";"11627.0";"";"3469377652";"24.092900 s"
"WRITE";"11636.0";"";"3469665633";"24.094900 s"
"WRITE";"11645.0";"";"3469953615";"24.096900 s"
"WRITE";"11654.0";"";"3470241596";"24.098900 s"
"WRITE";"11664.0";"";"3470529578";"24.100900 s"
"WRITE";"11673.0";"";"3470817559";"24.102900 s"
"WRITE";"11682.0";"";"3471105540";"24.104900 s"
"WRITE";"11692.0";"";"3471393522";"24.106899 s"
"WRITE";"11701.0";"";"3471681503";"24.108899 s"
"WRITE";"11711.0";"";"3471969485";"24.110899 s"
"WRITE";"11721.0";"";"3472257466";"24.112899 s"
"WRITE";"11731.0";"";"3472545448";"24.114899 s"
"WRITE";"11742.0";"";"3472833429";"24.116899 s"
"WRITE";"11752.0";"";"3473121410";"24.118899 s"
"WRITE";"11764.0";"";"3473409392";"24.120899 s"
"WRITE";"11775.0";"";"3473697373";"24.122898 s"
"WRITE";"11787.0";"";"3473985355";"24.124898 s"
"WRITE";"11800.0";"";"3474273336";"24.126898 s"
"WRITE";"11813.0";"";"3474561318";"24.128898 s"
"WRITE";"11826.0";"";"3474849299";"24.130898 s"
"WRITE";"11839.0";"";"3475137280";"24.132898 s"
"WRITE";"11853.0";"";"3475425262";"24.134898 s"
"WRITE";"11867.0";"";"3475713243";"24.136898 s"
"WRITE";"11881.0";"";"3476001225";"24.138897 s"
"WRITE";"11895.0";"";"3476289206";"24.140897 s"
"WRITE";"11908.0";"";"3476577187";"24.142897 s"
"WRITE";"11922.0";"";"3476865169";"24.144897 s"
"WRITE";"11936.0";"";"3477153150";"24.146897 s"
"WRITE";"11949.0";"";"3477441132";"24.148897 s"
"WRITE";"11962.0";"";"3477729113";"24.150897 s"
"WRITE";"11975.0";"";"3478017095";"24.152896 s"
"WRITE";"11988.0";"";"3478305076";"24.154896 s"
"WRITE";"12001.0";"";"3478593057";"24.156896 s"
"WRITE";"12013.0";"";"3478881039";"24.158896 s"
"WRITE";"12025.0";"";"3479169020";"24.160896 s"
"WRITE";"12037.0";"";"3479457002";"24.162896 s"
"WRITE";"12049.0";"";"3479744983";"24.164896 s"
"WRITE";"12060.0";"";"3480032965";"24.166896 s"
"WRITE";"12071.0";"";"3480320946";"24.168895 s"
"WRITE";"12081.0";"";"3480608927";"24.170895 s"
"WRITE";"12092.0";"";"3480896909";"24.172895 s"
"WRITE";"12101.0";"";"3481184890";"24.174895 s"
"WRITE";"12110.0";"";"3481472872";"24.176895 s"
"WRITE";"12119.0";"";"3481760853";"24.178895 s"
"WRITE";"12127.0";"";"3482048834";"24.180895 s"
"WRITE";"12135.0";"";"3482336816";"24.182895 s"
"WRITE";"12142.0";"";"3482624797";"24.184894 s"
"WRITE";"12149.0";"";"3482912779";"24.186894 s"
"WRITE";"12156.0";"";"3483200760";"24.188894 s"
"WRITE";"12163.0";"";"3483488742";"24.190894 s"
"WRITE";"12170.0";"";"3483776723";"24.192894 s"
"WRITE";"12177.0";"";"3484064704";"24.194894 s"
"WRITE";"12184.0";"";"3484352686";"24.196894 s"
"WRITE";"12190.0";"";"3484640667";"24.198894 s"
"WRITE";"12197.0";"";"3484928649";"24.200893 s"
"WRITE";"12204.0";"";"3485216630";"24.202893 s"
"WRITE";"12211.0";"";"3485504612";"24.204893 s"
"WRITE";"12218.0";"";"3485792593";"24.206893 s"
"WRITE";"12224.0";"";"3486080574";"24.208893 s"
"WRITE";"12231.0";"";"3486368556";"24.210893 s"
"WRITE";"12238.0";"";"3486656537";"24.212893 s"
"WRITE";"12245.0";"";"3486944519";"24.214892 s"
"WRITE";"12252.0";"";"3487232500";"24.216892 s"
"WRITE";"12259.0";"";"3487520481";"24.218892 s"
"WRITE";"12266.0";"";"3487808463";"24.220892 s"
"WRITE";"12273.0";"";"3488096444";"24.222892 s"
"WRITE";"12280.0";"";"3488384426";"24.224892 s"
"WRITE";"12288.0";"";"3488672407";"24.226892 s"
"WRITE";"12295.0";"";"3488960389";"24.228892 s"
"WRITE";"12302.0";"";"3489248370";"24.230891 s"
"WRITE";"12309.0";"";"3489536351";"24.232891 s"
"WRITE";"12316.0";"";"3489824333";"24.234891 s"
"WRITE";"12322.0";"";"3490112314";"24.236891 s"
"WRITE";"12328.0";"";"3490400296";"24.238891 s"
"WRITE";"12334.0";"";"3490688277";"24.240891 s"
"WRITE";"12340.0";"";"3490976259";"24.242891 s"
"WRITE";"12345.0";"";"3491264240";"24.244891 s"
"WRITE";"12350.0";"";"3491552221";"24.246890 s"
"WRITE";"12356.0";"";"3491840203";"24.248890 s"
"WRITE";"12361.0";"";"3492128184";"24.250890 s"
"WRITE";"12366.0";"";"3492416166";"24.252890 s"
"WRITE";"12371.0";"";"3492704147";"24.254890 s"
"WRITE";"12376.0";"";"3492992129";"24.256890 s"
"WRITE";"12381.0";"";"3493280110";"24.258890 s"
"WRITE";"12386.0";"";"3493568091";"24.260890 s"
"WRITE";"12391.0";"";"3493856073";"24.262889 s"
"WRITE";"12396.0";"";"3494144054";"24.264889 s"
"WRITE";"12401.0";"";"3494432036";"24.266889 s"
"WRITE";"12405.0";"";"3494720017";"24.268889 s"
"WRITE";"12409.0";"";"3495007998";"24.270889 s"
"WRITE";"12413.0";"";"3495295980";"24.272889 s"
"WRITE";"12417.0";"";"3495583961";"24.274889 s"
"WRITE";"12421.0";"";"3495871943";"24.276888 s"
"WRITE";"12425.0";"";"3496159924";"24.278888 s"
"WRITE";"12429.0";"";"3496447906";"24.280888 s"
"WRITE";"12432.0";"";"3496735887";"24.282888 s"
"WRITE";"12436.0";"";"3497023868";"24.284888 s"
"WRITE";"12439.0";"";"3497311850";"24.286888 s"
"WRITE";"12442.0";"";"3497599831";"24.288888 s"
"WRITE";"12446.0";"";"3497887813";"24.290888 s"
"WRITE";"12449.0";"";"3498175794";"24.292887 s"
"WRITE";"12452.0";"";"3498463776";"24.294887 s"
"WRITE";"12455.0";"";"3498751757";"24.296887 s"
"WRITE";"12458.0";"";"3499039738";"24.298887 s"
"WRITE";"12461.0";"";"3499327720";"24.300887 s"
"WRITE";"12465.0";"";"3499615701";"24.302887 s"
"WRITE";"12468.0";"";"3499903683";"24.304887 s"
"WRITE";"12471.0";"";"3500191664";"24.306887 s"
"WRITE";"12474.0";"";"3500479645";"24.308886 s"
"WRITE";"12477.0";"";"3500767627";"24.310886 s"
"WRITE";"12481.0";"";"3501055608";"24.312886 s"
"WRITE";"12484.0";"";"3501343590";"24.314886 s"
"WRITE";"12487.0";"";"3501631571";"24.316886 s"
"WRITE";"12491.0";"";"3501919553";"24.318886 s"
"WRITE";"12494.0";"";"3502207534";"24.320886 s"
"WRITE";"12498.0";"";"3502495515";"24.322886 s"
"WRITE";"12501.0";"";"3502783497";"24.324885 s"
"WRITE";"12505.0";"";"3503071478";"24.326885 s"
"WRITE";"12509.0";"";"3503359460";"24.328885 s"
"WRITE";"12513.0";"";"3503647441";"24.330885 s"
"WRITE";"12517.0";"";"3503935423";"24.332885 s"
"WRITE";"12521.0";"";"3504223404";"24.334885 s"
"WRITE";"12525.0";"";"3504511385";"24.336885 s"
"WRITE";"12529.0";"";"3504799367";"24.338884 s"
"WRITE";"12534.0";"";"3505087348";"24.340884 s"
"WRITE";"12538.0";"";"3505375330";"24.342884 s"
"WRITE";"12543.0";"";"3505663311";"24.344884 s"
"WRITE";"12548.0";"";"3505951292";"24.346884 s"
"WRITE";"12553.0";"";"3506239274";"24.348884 s"
"WRITE";"12558.0";"";"3506527255";"24.350884 s"
"WRITE";"12563.0";"";"3506815237";"24.352884 s"
"WRITE";"12568.0";"";"3507103218";"24.354883 s"
"WRITE";"12573.0";"";"3507391200";"24.356883 s"
"WRITE";"12578.0";"";"3507679181";"24.358883 s"
"WRITE";"12583.0";"";"3507967162";"24.360883 s"
"WRITE";"12588.0";"";"3508255144";"24.362883 s"
"WRITE";"12592.0";"";"3508543125";"24.364883 s"
"WRITE";"12597.0";"";"3508831107";"24.366883 s"
"WRITE";"12601.0";"";"3509119088";"24.368883 s"
"WRITE";"12605.0";"";"3509407070";"24.370882 s"
"WRITE";"12610.0";"";"3509695051";"24.372882 s"
"WRITE";"12614.0";"";"3509983032";"24.374882 s"
"WRITE";"12618.0";"";"3510271014";"24.376882 s"
"WRITE";"12622.0";"";"3510558995";"24.378882 s"
"WRITE";"12626.0";"";"3510846977";"24.380882 s"
"WRITE";"12630.0";"";"3511134958";"24.382882 s"
"WRITE";"12635.0";"";"3511422940";"24.384882 s"
"WRITE";"12638.0";"";"3511710921";"24.386881 s"
"WRITE";"12642.0";"";"3511998902";"24.388881 s"
"WRITE";"12646.0";"";"3512286884";"24.390881 s"
"WRITE";"12649.0";"";"3512574865";"24.392881 s"
"WRITE";"12653.0";"";"3512862847";"24.394881 s"
"WRITE";"12656.0";"";"3513150828";"24.396881 s"
"WRITE";"12659.0";"";"3513438809";"24.398881 s"
"WRITE";"12662.0";"";"3513726791";"24.400880 s"
"WRITE";"12665.0";"";"3514014772";"24.402880 s"
"WRITE";"12668.0";"";"3514302754";"24.404880 s"
"WRITE";"12671.0";"";"3514590735";"24.406880 s"
"WRITE";"12674.0";"";"3514878717";"24.408880 s"
"WRITE";"12676.0";"";"3515166698";"24.410880 s"
"WRITE";"12679.0";"";"3515454679";"24.412880 s"
"WRITE";"12681.0";"";"3515742661";"24.414880 s"
"WRITE";"12684.0";"";"3516030642";"24.416879 s"
"WRITE";"12687.0";"";"3516318624";"24.418879 s"
"WRITE";"12689.0";"";"3516606605";"24.420879 s"
"WRITE";"12691.0";"";"3516894587";"24.422879 s"
"WRITE";"12694.0";"";"3517182568";"24.424879 s"
"WRITE";"12696.0";"";"3517470549";"24.426879 s"
"WRITE";"12699.0";"";"3517758531";"24.428879 s"
"WRITE";"12702.0";"";"3518046512";"24.430879 s"
"WRITE";"12704.0";"";"3518334494";"24.432878 s"
"WRITE";"12707.0";"";"3518622475";"24.434878 s"
"WRITE";"12710.0";"";"3518910456";"24.436878 s"
"WRITE";"12713.0";"";"3519198438";"24.438878 s"
"WRITE";"12716.0";"";"3519486419";"24.440878 s"
"WRITE";"12719.0";"";"3519774401";"24.442878 s"
"WRITE";"12722.0";"";"3520062382";"24.444878 s"
"WRITE";"12725.0";"";"3520350364";"24.446878 s"
"WRITE";"12729.0";"";"3520638345";"24.448877 s"
"WRITE";"12732.0";"";"3520926326";"24.450877 s"
"WRITE";"12735.0";"";"3521214308";"24.452877 s"
"WRITE";"12738.0";"";"3521502289";"24.454877 s"
"WRITE";"12742.0";"";"3521790271";"24.456877 s"
"WRITE";"12745.0";"";"3522078252";"24.458877 s"
"WRITE";"12748.0";"";"3522366234";"24.460877 s"
"WRITE";"12752.0";"";"3522654215";"24.462876 s"
"WRITE";"12756.0";"";"3522942196";"24.464876 s"
"WRITE";"12759.0";"";"3523230178";"24.466876 s"
"WRITE";"12763.0";"";"3523518159";"24.468876 s"
"WRITE";"12767.0";"";"3523806141";"24.470876 s"
"WRITE";"12771.0";"";"3524094122";"24.472876 s"
"WRITE";"12775.0";"";"3524382103";"24.474876 s"
"WRITE";"12780.0";"";"3524670085";"24.476876 s"
"WRITE";"12784.0";"";"3524958066";"24.478875 s"
"WRITE";"12789.0";"";"3525246048";"24.480875 s"
"WRITE";"12793.0";"";"3525534029";"24.482875 s"
"WRITE";"12798.0";"";"3525822011";"24.484875 s"
"WRITE";"12803.0";"";"3526109992";"24.486875 s"
"WRITE";"12807.0";"";"3526397973";"24.488875 s"
"WRITE";"12812.0";"";"3526685955";"24.490875 s"
"WRITE";"12817.0";"";"3526973936";"24.492875 s"
"WRITE";"12822.0";"";"3527261918";"24.494874 s"
"WRITE";"12827.0";"";"3527549899";"24.496874 s"
"WRITE";"12832.0";"";"3527837881";"24.498874 s"
"WRITE";"12837.0";"";"3528125862";"24.500874 s"
"WRITE";"12842.0";"";"3528413843";"24.502874 s"
"WRITE";"12847.0";"";"3528701825";"24.504874 s"
"WRITE";"12852.0";"";"3528989806";"24.506874 s"
"WRITE";"12857.0";"";"3529280383";"24.508892 s"
"WRITE";"12862.0";"";"3529565769";"24.510873 s"
"WRITE";"12867.0";"";"3529853751";"24.512873 s"
"WRITE";"12872.0";"";"3530141732";"24.514873 s"
"WRITE";"12877.0";"";"3530429713";"24.516873 s"
"WRITE";"12882.0";"";"3530717695";"24.518873 s"
"WRITE";"12887.0";"";"3531005676";"24.520873 s"
"WRITE";"12893.0";"";"3531293658";"24.522873 s"
"WRITE";"12898.0";"";"3531581639";"24.524872 s"
"WRITE";"12903.0";"";"3531869620";"24.526872 s"
"WRITE";"12908.0";"";"3532157602";"24.528872 s"
"WRITE";"12914.0";"";"3532445583";"24.530872 s"
"WRITE";"12919.0";"";"3532733565";"24.532872 s"
"WRITE";"12925.0";"";"3533021546";"24.534872 s"
"WRITE";"12930.0";"";"3533309528";"24.536872 s"
"WRITE";"12935.0";"";"3533597509";"24.538872 s"
"WRITE";"12941.0";"";"3533885490";"24.540871 s"
"WRITE";"12946.0";"";"3534173472";"24.542871 s"
"WRITE";"12952.0";"";"3534461453";"24.544871 s"
"WRITE";"12957.0";"";"3534749435";"24.546871 s"
"WRITE";"12962.0";"";"3535037416";"24.548871 s"
"WRITE";"12968.0";"";"3535325398";"24.550871 s"
"WRITE";"12973.0";"";"3535613379";"24.552871 s"
"WRITE";"12979.0";"";"3535901360";"24.554871 s"
"WRITE";"12985.0";"";"3536189342";"24.556870 s"
"WRITE";"12990.0";"";"3536477323";"24.558870 s"
"WRITE";"12996.0";"";"3536765305";"24.560870 s"
"WRITE";"13003.0";"";"3537053286";"24.562870 s"
"WRITE";"13009.0";"";"3537341267";"24.564870 s"
"WRITE";"13015.0";"";"3537629249";"24.566870 s"
"WRITE";"13022.0";"";"3537917230";"24.568870 s"
"WRITE";"13029.0";"";"3538205212";"24.570870 s"
"WRITE";"13036.0";"";"3538493193";"24.572869 s"
"WRITE";"13043.0";"";"3538781175";"24.574869 s"
"WRITE";"13050.0";"";"3539069156";"24.576869 s"
"WRITE";"13057.0";"";"3539357137";"24.578869 s"
"WRITE";"13064.0";"";"3539645119";"24.580869 s"
"WRITE";"13072.0";"";"3539933100";"24.582869 s"
"WRITE";"13080.0";"";"3540221082";"24.584869 s"
"WRITE";"13088.0";"";"3540509063";"24.586868 s"
"WRITE";"13096.0";"";"3540797045";"24.588868 s"
"WRITE";"13104.0";"";"3541085026";"24.590868 s"
"WRITE";"13113.0";"";"3541373007";"24.592868 s"
"WRITE";"13122.0";"";"3541660989";"24.594868 s"
"WRITE";"13131.0";"";"3541948970";"24.596868 s"
"WRITE";"13141.0";"";"3542236952";"24.598868 s"
"WRITE";"13150.0";"";"3542524933";"24.600868 s"
"WRITE";"13160.0";"";"3542812914";"24.602867 s"
"WRITE";"13170.0";"";"3543100896";"24.604867 s"
"WRITE";"13180.0";"";"3543388877";"24.606867 s"
"WRITE";"13190.0";"";"3543676859";"24.608867 s"
"WRITE";"13200.0";"";"3543964840";"24.610867 s"
"WRITE";"13209.0";"";"3544252822";"24.612867 s"
"WRITE";"13219.0";"";"3544540803";"24.614867 s"
"WRITE";"13228.0";"";"3544828784";"24.616867 s"
"WRITE";"13237.0";"";"3545116766";"24.618866 s"
"WRITE";"13246.0";"";"3545404747";"24.620866 s"
"WRITE";"13255.0";"";"3545692729";"24.622866 s"
"WRITE";"13263.0";"";"3545980710";"24.624866 s"
"WRITE";"13272.0";"";"3546268692";"24.626866 s"
"WRITE";"13280.0";"";"3546556673";"24.628866 s"
"WRITE";"13288.0";"";"3546844654";"24.630866 s"
"WRITE";"13296.0";"";"3547132636";"24.632866 s"
"WRITE";"13304.0";"";"3547420617";"24.634865 s"
"WRITE";"13312.0";"";"3547708599";"24.636865 s"
"WRITE";"13319.0";"";"3547996580";"24.638865 s"
"WRITE";"13327.0";"";"3548284562";"24.640865 s"
"WRITE";"13334.0";"";"3548572543";"24.642865 s"
"WRITE";"13341.0";"";"3548860524";"24.644865 s"
"WRITE";"13348.0";"";"3549148506";"24.646865 s"
"WRITE";"13355.0";"";"3549436487";"24.648864 s"
"WRITE";"13362.0";"";"3549724469";"24.650864 s"
"WRITE";"13369.0";"";"3550012450";"24.652864 s"
"WRITE";"13375.0";"";"3550300431";"24.654864 s"
"WRITE";"13382.0";"";"3550588413";"24.656864 s"
"WRITE";"13389.0";"";"3550876394";"24.658864 s"
"WRITE";"13395.0";"";"3551164376";"24.660864 s"
"WRITE";"13401.0";"";"3551452357";"24.662864 s"
"WRITE";"13408.0";"";"3551740339";"24.664863 s"
"WRITE";"13414.0";"";"3552028320";"24.666863 s"
"WRITE";"13420.0";"";"3552316301";"24.668863 s"
"WRITE";"13426.0";"";"3552604283";"24.670863 s"
"WRITE";"13432.0";"";"3552892264";"24.672863 s"
"WRITE";"13438.0";"";"3553180246";"24.674863 s"
"WRITE";"13444.0";"";"3553468227";"24.676863 s"
"WRITE";"13451.0";"";"3553756209";"24.678863 s"
"WRITE";"13457.0";"";"3554044190";"24.680862 s"
"WRITE";"13463.0";"";"3554332171";"24.682862 s"
"WRITE";"13470.0";"";"3554620153";"24.684862 s"
"WRITE";"13476.0";"";"3554908134";"24.686862 s"
"WRITE";"13483.0";"";"3555196116";"24.688862 s"
"WRITE";"13489.0";"";"3555484097";"24.690862 s"
"WRITE";"13496.0";"";"3555772078";"24.692862 s"
"WRITE";"13502.0";"";"3556060060";"24.694862 s"
"WRITE";"13509.0";"";"3556348041";"24.696861 s"
"WRITE";"13516.0";"";"3556636023";"24.698861 s"
"WRITE";"13522.0";"";"3556924004";"24.700861 s"
"WRITE";"13529.0";"";"3557211986";"24.702861 s"
"WRITE";"13536.0";"";"3557499967";"24.704861 s"
"WRITE";"13543.0";"";"3557787948";"24.706861 s"
"WRITE";"13551.0";"";"3558075930";"24.708861 s"
"WRITE";"13558.0";"";"3558363911";"24.710860 s"
"WRITE";"13565.0";"";"3558651893";"24.712860 s"
"WRITE";"13572.0";"";"3558939874";"24.714860 s"
"WRITE";"13579.0";"";"3559227856";"24.716860 s"
"WRITE";"13587.0";"";"3559515837";"24.718860 s"
"WRITE";"13594.0";"";"3559803818";"24.720860 s"
"WRITE";"13601.0";"";"3560091800";"24.722860 s"
"WRITE";"13609.0";"";"3560379781";"24.724860 s"
"WRITE";"13616.0";"";"3560667763";"24.726859 s"
"WRITE";"13624.0";"";"3560955744";"24.728859 s"
"WRITE";"13631.0";"";"3561243725";"24.730859 s"
"WRITE";"13639.0";"";"3561531707";"24.732859 s"
"WRITE";"13647.0";"";"3561819688";"24.734859 s"
"WRITE";"13654.0";"";"3562107670";"24.736859 s"
"WRITE";"13662.0";"";"3562395651";"24.738859 s"
"WRITE";"13670.0";"";"3562683633";"24.740859 s"
"WRITE";"13678.0";"";"3562971614";"24.742858 s"
"WRITE";"13685.0";"";"3563259595";"24.744858 s"
"WRITE";"13693.0";"";"3563547577";"24.746858 s"
"WRITE";"13701.0";"";"3563835558";"24.748858 s"
"WRITE";"13709.0";"";"3564123540";"24.750858 s"
"WRITE";"13716.0";"";"3564411521";"24.752858 s"
"WRITE";"13724.0";"";"3564699503";"24.754858 s"
"WRITE";"13731.0";"";"3564987484";"24.756858 s"
"WRITE";"13738.0";"";"3565275465";"24.758857 s"
"WRITE";"13745.0";"";"3565563447";"24.760857 s"
"WRITE";"13753.0";"";"3565851428";"24.762857 s"
"WRITE";"13759.0";"";"3566139410";"24.764857 s"
"WRITE";"13766.0";"";"3566427391";"24.766857 s"
"WRITE";"13772.0";"";"3566715373";"24.768857 s"
"WRITE";"13779.0";"";"3567003354";"24.770857 s"
"WRITE";"13785.0";"";"3567291335";"24.772856 s"
"WRITE";"13791.0";"";"3567579317";"24.774856 s"
"WRITE";"13797.0";"";"3567867298";"24.776856 s"
"WRITE";"13803.0";"";"3568155280";"24.778856 s"
"WRITE";"13808.0";"";"3568443261";"24.780856 s"
"WRITE";"13814.0";"";"3568731242";"24.782856 s"
"WRITE";"13820.0";"";"3569019224";"24.784856 s"
"WRITE";"13825.0";"";"3569307205";"24.786856 s"
"WRITE";"13831.0";"";"3569595187";"24.788855 s"
"WRITE";"13837.0";"";"3569883168";"24.790855 s"
"WRITE";"13842.0";"";"3570171150";"24.792855 s"
"WRITE";"13848.0";"";"3570459131";"24.794855 s"
"WRITE";"13853.0";"";"3570747112";"24.796855 s"
"WRITE";"13859.0";"";"3571035094";"24.798855 s"
"WRITE";"13865.0";"";"3571323075";"24.800855 s"
"WRITE";"13870.0";"";"3571611057";"24.802855 s"
"WRITE";"13876.0";"";"3571899038";"24.804854 s"
"WRITE";"13881.0";"";"3572187020";"24.806854 s"
"WRITE";"13887.0";"";"3572475001";"24.808854 s"
"WRITE";"13893.0";"";"3572762982";"24.810854 s"
"WRITE";"13899.0";"";"3573050964";"24.812854 s"
"WRITE";"13904.0";"";"3573338945";"24.814854 s"
"WRITE";"13910.0";"";"3573626927";"24.816854 s"
"WRITE";"13916.0";"";"3573914908";"24.818854 s"
"WRITE";"13921.0";"";"3574202889";"24.820853 s"
"WRITE";"13927.0";"";"3574490871";"24.822853 s"
"WRITE";"13933.0";"";"3574778852";"24.824853 s"
"WRITE";"13938.0";"";"3575066834";"24.826853 s"
"WRITE";"13944.0";"";"3575354815";"24.828853 s"
"WRITE";"13950.0";"";"3575642797";"24.830853 s"
"WRITE";"13955.0";"";"3575930778";"24.832853 s"
"WRITE";"13961.0";"";"3576218759";"24.834852 s"
"WRITE";"13967.0";"";"3576506741";"24.836852 s"
"WRITE";"13972.0";"";"3576794722";"24.838852 s"
"WRITE";"13978.0";"";"3577082704";"24.840852 s"
"WRITE";"13984.0";"";"3577370685";"24.842852 s"
"WRITE";"13989.0";"";"3577658667";"24.844852 s"
"WRITE";"13995.0";"";"3577946648";"24.846852 s"
"WRITE";"14001.0";"";"3578234629";"24.848852 s"
"WRITE";"14007.0";"";"3578522611";"24.850851 s"
"WRITE";"14012.0";"";"3578810592";"24.852851 s"
"WRITE";"14018.0";"";"3579098574";"24.854851 s"
"WRITE";"14024.0";"";"3579386555";"24.856851 s"
"WRITE";"14030.0";"";"3579674536";"24.858851 s"
"WRITE";"14036.0";"";"3579962518";"24.860851 s"
"WRITE";"14042.0";"";"3580250499";"24.862851 s"
"WRITE";"14048.0";"";"3580538481";"24.864851 s"
"WRITE";"14054.0";"";"3580826462";"24.866850 s"
"WRITE";"14060.0";"";"3581114444";"24.868850 s"
"WRITE";"14066.0";"";"3581402425";"24.870850 s"
"WRITE";"14072.0";"";"3581690406";"24.872850 s"
"WRITE";"14078.0";"";"3581978388";"24.874850 s"
"WRITE";"14084.0";"";"3582266369";"24.876850 s"
"WRITE";"14090.0";"";"3582554351";"24.878850 s"
"WRITE";"14096.0";"";"3582842332";"24.880850 s"
"WRITE";"14102.0";"";"3583130314";"24.882849 s"
"WRITE";"14109.0";"";"3583418295";"24.884849 s"
"WRITE";"14115.0";"";"3583706276";"24.886849 s"
"WRITE";"14121.0";"";"3583994258";"24.888849 s"
"WRITE";"14128.0";"";"3584282239";"24.890849 s"
"WRITE";"14134.0";"";"3584570221";"24.892849 s"
"WRITE";"14141.0";"";"3584858202";"24.894849 s"
"WRITE";"14147.0";"";"3585146184";"24.896849 s"
"WRITE";"14154.0";"";"3585434165";"24.898848 s"
"WRITE";"14161.0";"";"3585722146";"24.900848 s"
"WRITE";"14167.0";"";"3586010128";"24.902848 s"
"WRITE";"14174.0";"";"3586298109";"24.904848 s"
"WRITE";"14181.0";"";"3586586091";"24.906848 s"
"WRITE";"14187.0";"";"3586874072";"24.908848 s"
"WRITE";"14194.0";"";"3587162053";"24.910848 s"
"WRITE";"14201.0";"";"3587450035";"24.912847 s"
"WRITE";"14208.0";"";"3587738016";"24.914847 s"
"WRITE";"14215.0";"";"3588025998";"24.916847 s"
"WRITE";"14222.0";"";"3588313979";"24.918847 s"
"WRITE";"14229.0";"";"3588601961";"24.920847 s"
"WRITE";"14236.0";"";"3588889942";"24.922847 s"
"WRITE";"14243.0";"";"3589177923";"24.924847 s"
"WRITE";"14251.0";"";"3589465905";"24.926847 s"
"WRITE";"14258.0";"";"3589753886";"24.928846 s"
"WRITE";"14265.0";"";"3590041868";"24.930846 s"
"WRITE";"14273.0";"";"3590329849";"24.932846 s"
"WRITE";"14280.0";"";"3590617831";"24.934846 s"
"WRITE";"14288.0";"";"3590905812";"24.936846 s"
"WRITE";"14295.0";"";"3591193793";"24.938846 s"
"WRITE";"14303.0";"";"3591481775";"24.940846 s"
"WRITE";"14310.0";"";"3591769756";"24.942846 s"
"WRITE";"14317.0";"";"3592057738";"24.944845 s"
"WRITE";"14324.0";"";"3592345719";"24.946845 s"
"WRITE";"14332.0";"";"3592633700";"24.948845 s"
"WRITE";"14339.0";"";"3592921682";"24.950845 s"
"WRITE";"14346.0";"";"3593209663";"24.952845 s"
"WRITE";"14353.0";"";"3593497645";"24.954845 s"
"WRITE";"14360.0";"";"3593785626";"24.956845 s"
"WRITE";"14366.0";"";"3594073608";"24.958845 s"
"WRITE";"14373.0";"";"3594361589";"24.960844 s"
"WRITE";"14380.0";"";"3594649570";"24.962844 s"
"WRITE";"14386.0";"";"3594937552";"24.964844 s"
"WRITE";"14393.0";"";"3595225533";"24.966844 s"
"WRITE";"14399.0";"";"3595513515";"24.968844 s"
"WRITE";"14405.0";"";"3595801496";"24.970844 s"
"WRITE";"14412.0";"";"3596089478";"24.972844 s"
"WRITE";"14418.0";"";"3596377459";"24.974843 s"
"WRITE";"14425.0";"";"3596665440";"24.976843 s"
"WRITE";"14431.0";"";"3596953422";"24.978843 s"
"WRITE";"14438.0";"";"3597241403";"24.980843 s"
"WRITE";"14444.0";"";"3597529385";"24.982843 s"
"WRITE";"14451.0";"";"3597817366";"24.984843 s"
"WRITE";"14458.0";"";"3598105347";"24.986843 s"
"WRITE";"14465.0";"";"3598393329";"24.988843 s"
"WRITE";"14473.0";"";"3598681310";"24.990842 s"
"WRITE";"14480.0";"";"3598969292";"24.992842 s"
"WRITE";"14488.0";"";"3599257273";"24.994842 s"
"WRITE";"14495.0";"";"3599545255";"24.996842 s"
"WRITE";"14503.0";"";"3599833236";"24.998842 s"
"WRITE";"14511.0";"";"3600121217";"25.000842 s"
"WRITE";"14519.0";"";"3600409199";"25.002842 s"
"WRITE";"14527.0";"";"3600697180";"25.004842 s"
"WRITE";"14536.0";"";"3600985162";"25.006841 s"
"WRITE";"14544.0";"";"3601275751";"25.008859 s"
"WRITE";"14552.0";"";"3601561125";"25.010841 s"
"WRITE";"14561.0";"";"3601849106";"25.012841 s"
"WRITE";"14569.0";"";"3602137087";"25.014841 s"
"WRITE";"14577.0";"";"3602425069";"25.016841 s"
"WRITE";"14586.0";"";"3602713050";"25.018841 s"
"WRITE";"14594.0";"";"3603001032";"25.020841 s"
"WRITE";"14602.0";"";"3603289013";"25.022840 s"
"WRITE";"14610.0";"";"3603576995";"25.024840 s"
"WRITE";"14618.0";"";"3603864976";"25.026840 s"
"WRITE";"14626.0";"";"3604152957";"25.028840 s"
"WRITE";"14633.0";"";"3604440939";"25.030840 s"
"WRITE";"14640.0";"";"3604728920";"25.032840 s"
"WRITE";"14648.0";"";"3605016902";"25.034840 s"
"WRITE";"14655.0";"";"3605304883";"25.036839 s"
"WRITE";"14661.0";"";"3605592864";"25.038839 s"
"WRITE";"14668.0";"";"3605880846";"25.040839 s"
"WRITE";"14674.0";"";"3606168827";"25.042839 s"
"WRITE";"14681.0";"";"3606456809";"25.044839 s"
"WRITE";"14687.0";"";"3606744790";"25.046839 s"
"WRITE";"14692.0";"";"3607032772";"25.048839 s"
"WRITE";"14698.0";"";"3607320753";"25.050839 s"
"WRITE";"14704.0";"";"3607608734";"25.052838 s"
"WRITE";"14709.0";"";"3607896716";"25.054838 s"
"WRITE";"14715.0";"";"3608184697";"25.056838 s"
"WRITE";"14720.0";"";"3608472679";"25.058838 s"
"WRITE";"14726.0";"";"3608760660";"25.060838 s"
"WRITE";"14732.0";"";"3609048642";"25.062838 s"
"WRITE";"14738.0";"";"3609336623";"25.064838 s"
"WRITE";"14743.0";"";"3609624604";"25.066838 s"
"WRITE";"14749.0";"";"3609912586";"25.068837 s"
"WRITE";"14755.0";"";"3610200567";"25.070837 s"
"WRITE";"14760.0";"";"3610488549";"25.072837 s"
"WRITE";"14765.0";"";"3610776530";"25.074837 s"
"WRITE";"14771.0";"";"3611064511";"25.076837 s"
"WRITE";"14776.0";"";"3611352493";"25.078837 s"
"WRITE";"14780.0";"";"3611640474";"25.080837 s"
"WRITE";"14785.0";"";"3611928456";"25.082837 s"
"WRITE";"14790.0";"";"3612216437";"25.084836 s"
"WRITE";"14794.0";"";"3612504419";"25.086836 s"
"WRITE";"14798.0";"";"3612792400";"25.088836 s"
"WRITE";"14803.0";"";"3613080381";"25.090836 s"
"WRITE";"14807.0";"";"3613368363";"25.092836 s"
"WRITE";"14811.0";"";"3613656344";"25.094836 s"
"WRITE";"14815.0";"";"3613944326";"25.096836 s"
"WRITE";"14819.0";"";"3614232307";"25.098835 s"
"WRITE";"14823.0";"";"3614520289";"25.100835 s"
"WRITE";"14827.0";"";"3614808270";"25.102835 s"
"WRITE";"14830.0";"";"3615096251";"25.104835 s"
"WRITE";"14834.0";"";"3615384233";"25.106835 s"
"WRITE";"14838.0";"";"3615672214";"25.108835 s"
"WRITE";"14842.0";"";"3615960196";"25.110835 s"
"WRITE";"14845.0";"";"3616248177";"25.112835 s"
"WRITE";"14849.0";"";"3616536158";"25.114834 s"
"WRITE";"14852.0";"";"3616824140";"25.116834 s"
"WRITE";"14856.0";"";"3617112121";"25.118834 s"
"WRITE";"14859.0";"";"3617400103";"25.120834 s"
"WRITE";"14862.0";"";"3617688084";"25.122834 s"
"WRITE";"14865.0";"";"3617976066";"25.124834 s"
"WRITE";"14868.0";"";"3618264047";"25.126834 s"
"WRITE";"14871.0";"";"3618552028";"25.128834 s"
"WRITE";"14874.0";"";"3618840010";"25.130833 s"
"WRITE";"14877.0";"";"3619127991";"25.132833 s"
"WRITE";"14880.0";"";"3619415973";"25.134833 s"
"WRITE";"14883.0";"";"3619703954";"25.136833 s"
"WRITE";"14885.0";"";"3619991936";"25.138833 s"
"WRITE";"14888.0";"";"3620279917";"25.140833 s"
"WRITE";"14891.0";"";"3620567898";"25.142833 s"
"WRITE";"14894.0";"";"3620855880";"25.144833 s"
"WRITE";"14897.0";"";"3621143861";"25.146832 s"
"WRITE";"14900.0";"";"3621431843";"25.148832 s"
"WRITE";"14903.0";"";"3621719824";"25.150832 s"
"WRITE";"14906.0";"";"3622007806";"25.152832 s"
"WRITE";"14909.0";"";"3622295787";"25.154832 s"
"WRITE";"14912.0";"";"3622583768";"25.156832 s"
"WRITE";"14915.0";"";"3622871750";"25.158832 s"
"WRITE";"14918.0";"";"3623159731";"25.160831 s"
"WRITE";"14921.0";"";"3623447713";"25.162831 s"
"WRITE";"14924.0";"";"3623735694";"25.164831 s"
"WRITE";"14927.0";"";"3624023675";"25.166831 s"
"WRITE";"14930.0";"";"3624311657";"25.168831 s"
"WRITE";"14933.0";"";"3624599638";"25.170831 s"
"WRITE";"14936.0";"";"3624887620";"25.172831 s"
"WRITE";"14939.0";"";"3625175601";"25.174831 s"
"WRITE";"14942.0";"";"3625463583";"25.176830 s"
"WRITE";"14945.0";"";"3625751564";"25.178830 s"
"WRITE";"14948.0";"";"3626039545";"25.180830 s"
"WRITE";"14950.0";"";"3626327527";"25.182830 s"
"WRITE";"14953.0";"";"3626615508";"25.184830 s"
"WRITE";"14956.0";"";"3626903490";"25.186830 s"
"WRITE";"14958.0";"";"3627191471";"25.188830 s"
"WRITE";"14961.0";"";"3627479453";"25.190830 s"
"WRITE";"14963.0";"";"3627767434";"25.192829 s"
"WRITE";"14966.0";"";"3628055415";"25.194829 s"
"WRITE";"14968.0";"";"3628343397";"25.196829 s"
"WRITE";"14970.0";"";"3628631378";"25.198829 s"
"WRITE";"14972.0";"";"3628919360";"25.200829 s"
"WRITE";"14974.0";"";"3629207341";"25.202829 s"
"WRITE";"14976.0";"";"3629495322";"25.204829 s"
"WRITE";"14978.0";"";"3629783304";"25.206829 s"
"WRITE";"14979.0";"";"3630071285";"25.208828 s"
"WRITE";"14981.0";"";"3630359267";"25.210828 s"
"WRITE";"14983.0";"";"3630647248";"25.212828 s"
"WRITE";"14984.0";"";"3630935230";"25.214828 s"
"WRITE";"14985.0";"";"3631223211";"25.216828 s"
"WRITE";"14987.0";"";"3631511192";"25.218828 s"
"WRITE";"14988.0";"";"3631799174";"25.220828 s"
"WRITE";"14990.0";"";"3632087155";"25.222827 s"
"WRITE";"14991.0";"";"3632375137";"25.224827 s"
"WRITE";"14993.0";"";"3632663118";"25.226827 s"
"WRITE";"14995.0";"";"3632951100";"25.228827 s"
"WRITE";"14996.0";"";"3633239081";"25.230827 s"
"WRITE";"14998.0";"";"3633527062";"25.232827 s"
"WRITE";"15000.0";"";"3633815044";"25.234827 s"
"WRITE";"15001.0";"";"3634103025";"25.236827 s"
"WRITE";"15003.0";"";"3634391007";"25.238826 s"
"WRITE";"15005.0";"";"3634678988";"25.240826 s"
"WRITE";"15007.0";"";"3634966969";"25.242826 s"
"WRITE";"15009.0";"";"3635254951";"25.244826 s"
"WRITE";"15011.0";"";"3635542932";"25.246826 s"
"WRITE";"15013.0";"";"3635830914";"25.248826 s"
"WRITE";"15014.0";"";"3636118895";"25.250826 s"
"WRITE";"15016.0";"";"3636406877";"25.252826 s"
"WRITE";"15018.0";"";"3636694858";"25.254825 s"
"WRITE";"15019.0";"";"3636982839";"25.256825 s"
"WRITE";"15020.0";"";"3637270821";"25.258825 s"
"WRITE";"15021.0";"";"3637558802";"25.260825 s"
"WRITE";"15022.0";"";"3637846784";"25.262825 s"
"WRITE";"15023.0";"";"3638134765";"25.264825 s"
"WRITE";"15023.0";"";"3638422747";"25.266825 s"
"WRITE";"15024.0";"";"3638710728";"25.268825 s"
"WRITE";"15024.0";"";"3638998709";"25.270824 s"
"WRITE";"15024.0";"";"3639286691";"25.272824 s"
"WRITE";"15024.0";"";"3639574672";"25.274824 s"
"WRITE";"15024.0";"";"3639862654";"25.276824 s"
"WRITE";"15024.0";"";"3640150635";"25.278824 s"
"WRITE";"15024.0";"";"3640438617";"25.280824 s"
"WRITE";"15024.0";"";"3640726598";"25.282824 s"
"WRITE";"15024.0";"";"3641014579";"25.284823 s"
"WRITE";"15024.0";"";"3641302561";"25.286823 s"
"WRITE";"15024.0";"";"3641590542";"25.288823 s"
"WRITE";"15024.0";"";"3641878524";"25.290823 s"
"WRITE";"15024.0";"";"3642166505";"25.292823 s"
"WRITE";"15024.0";"";"3642454486";"25.294823 s"
"WRITE";"15024.0";"";"3642742468";"25.296823 s"
"WRITE";"15024.0";"";"3643030449";"25.298823 s"
"WRITE";"15024.0";"";"3643318431";"25.300822 s"
"WRITE";"15024.0";"";"3643606412";"25.302822 s"
"WRITE";"15024.0";"";"3643894394";"25.304822 s"
"WRITE";"15024.0";"";"3644182375";"25.306822 s"
"WRITE";"15024.0";"";"3644470356";"25.308822 s"
"WRITE";"15024.0";"";"3644758338";"25.310822 s"
"WRITE";"15024.0";"";"3645046319";"25.312822 s"
"WRITE";"15024.0";"";"3645334301";"25.314822 s"
"WRITE";"15024.0";"";"3645622282";"25.316821 s"
"WRITE";"15024.0";"";"3645910264";"25.318821 s"
"WRITE";"15024.0";"";"3646198245";"25.320821 s"
"WRITE";"15024.0";"";"3646486226";"25.322821 s"
"WRITE";"15024.0";"";"3646774208";"25.324821 s"
"WRITE";"15024.0";"";"3647062189";"25.326821 s"
"WRITE";"15024.0";"";"3647350171";"25.328821 s"
"WRITE";"15024.0";"";"3647638152";"25.330821 s"
"WRITE";"15024.0";"";"3647926133";"25.332820 s"
"WRITE";"15024.0";"";"3648214115";"25.334820 s"
"WRITE";"15024.0";"";"3648502096";"25.336820 s"
"WRITE";"15024.0";"";"3648790078";"25.338820 s"
"WRITE";"15024.0";"";"3649078059";"25.340820 s"
"WRITE";"15024.0";"";"3649366041";"25.342820 s"
"WRITE";"15024.0";"";"3649654022";"25.344820 s"
"WRITE";"15024.0";"";"3649942003";"25.346819 s"
"WRITE";"15024.0";"";"3650229985";"25.348819 s"
"WRITE";"15024.0";"";"3650517966";"25.350819 s"
"WRITE";"15024.0";"";"3650805948";"25.352819 s"
"WRITE";"15024.0";"";"3651093929";"25.354819 s"
"WRITE";"15024.0";"";"3651381911";"25.356819 s"
"WRITE";"15024.0";"";"3651669892";"25.358819 s"
"WRITE";"15024.0";"";"3651957873";"25.360819 s"
"WRITE";"15024.0";"";"3652245855";"25.362818 s"
"WRITE";"15024.0";"";"3652533836";"25.364818 s"
"WRITE";"15024.0";"";"3652821818";"25.366818 s"
"WRITE";"15024.0";"";"3653109799";"25.368818 s"
"WRITE";"15024.0";"";"3653397780";"25.370818 s"
"WRITE";"15024.0";"";"3653685762";"25.372818 s"
"WRITE";"15024.0";"";"3653973743";"25.374818 s"
"WRITE";"15024.0";"";"3654261725";"25.376818 s"
"WRITE";"15024.0";"";"3654549706";"25.378817 s"
"WRITE";"15024.0";"";"3654837688";"25.380817 s"
"WRITE";"15024.0";"";"3655125669";"25.382817 s"
"WRITE";"15024.0";"";"3655413650";"25.384817 s"
"WRITE";"15024.0";"";"3655701632";"25.386817 s"
"WRITE";"15024.0";"";"3655989613";"25.388817 s"
"WRITE";"15024.0";"";"3656277595";"25.390817 s"
"WRITE";"15024.0";"";"3656565576";"25.392817 s"
"WRITE";"15024.0";"";"3656853558";"25.394816 s"
"WRITE";"15024.0";"";"3657141539";"25.396816 s"
"WRITE";"15024.0";"";"3657429520";"25.398816 s"
"WRITE";"15024.0";"";"3657717502";"25.400816 s"
"WRITE";"15024.0";"";"3658005483";"25.402816 s"
"WRITE";"15024.0";"";"3658293465";"25.404816 s"
"WRITE";"15024.0";"";"3658581446";"25.406816 s"
"WRITE";"15024.0";"";"3658869428";"25.408815 s"
"WRITE";"15024.0";"";"3659157409";"25.410815 s"
"WRITE";"15024.0";"";"3659445390";"25.412815 s"
"WRITE";"15024.0";"";"3659733372";"25.414815 s"
"WRITE";"15024.0";"";"3660021353";"25.416815 s"
"WRITE";"15024.0";"";"3660309335";"25.418815 s"
"WRITE";"15024.0";"";"3660597316";"25.420815 s"
"WRITE";"15024.0";"";"3660885297";"25.422815 s"
"WRITE";"15024.0";"";"3661173279";"25.424814 s"
"WRITE";"15024.0";"";"3661461260";"25.426814 s"
"WRITE";"15024.0";"";"3661749242";"25.428814 s"
"WRITE";"15024.0";"";"3662037223";"25.430814 s"
"WRITE";"15024.0";"";"3662325205";"25.432814 s"
"WRITE";"15024.0";"";"3662613186";"25.434814 s"
"WRITE";"15024.0";"";"3662901167";"25.436814 s"
"WRITE";"15024.0";"";"3663189149";"25.438814 s"
"WRITE";"15024.0";"";"3663477130";"25.440813 s"
"WRITE";"15024.0";"";"3663765112";"25.442813 s"
"WRITE";"15024.0";"";"3664053093";"25.444813 s"
"WRITE";"15024.0";"";"3664341075";"25.446813 s"
"WRITE";"15024.0";"";"3664629056";"25.448813 s"
"WRITE";"15024.0";"";"3664917037";"25.450813 s"
"WRITE";"15024.0";"";"3665205019";"25.452813 s"
"WRITE";"15024.0";"";"3665493000";"25.454813 s"
"WRITE";"15024.0";"";"3665780982";"25.456812 s"
"WRITE";"15024.0";"";"3666068963";"25.458812 s"
"WRITE";"15024.0";"";"3666356944";"25.460812 s"
"WRITE";"15024.0";"";"3666644926";"25.462812 s"
"WRITE";"15024.0";"";"3666932907";"25.464812 s"
"WRITE";"15024.0";"";"3667220889";"25.466812 s"
"WRITE";"15024.0";"";"3667508870";"25.468812 s"
"WRITE";"15024.0";"";"3667796852";"25.470811 s"
"WRITE";"15024.0";"";"3668084833";"25.472811 s"
"WRITE";"15024.0";"";"3668372814";"25.474811 s"
"WRITE";"15024.0";"";"3668660796";"25.476811 s"
"WRITE";"15024.0";"";"3668948777";"25.478811 s"
"WRITE";"15024.0";"";"3669236759";"25.480811 s"
"WRITE";"15024.0";"";"3669524740";"25.482811 s"
"WRITE";"15024.0";"";"3669812722";"25.484811 s"
"WRITE";"15024.0";"";"3670100703";"25.486810 s"
"WRITE";"15024.0";"";"3670388684";"25.488810 s"
"WRITE";"15024.0";"";"3670676666";"25.490810 s"
"WRITE";"15024.0";"";"3670964647";"25.492810 s"
"WRITE";"15024.0";"";"3671252629";"25.494810 s"
"WRITE";"15024.0";"";"3671540610";"25.496810 s"
"WRITE";"15024.0";"";"3671828591";"25.498810 s"
"WRITE";"15024.0";"";"3672116573";"25.500810 s"
"WRITE";"15024.0";"";"3672404554";"25.502809 s"
"WRITE";"15024.0";"";"3672692536";"25.504809 s"
"WRITE";"15024.0";"";"3672980517";"25.506809 s"
"WRITE";"15024.0";"";"3673271093";"25.508827 s"
"WRITE";"15024.0";"";"3673556480";"25.510809 s"
"WRITE";"15024.0";"";"3673844461";"25.512809 s"
"WRITE";"15024.0";"";"3674132443";"25.514809 s"
"WRITE";"15024.0";"";"3674420424";"25.516809 s"
"WRITE";"15024.0";"";"3674708406";"25.518808 s"
"WRITE";"15024.0";"";"3674996387";"25.520808 s"
"WRITE";"15024.0";"";"3675284369";"25.522808 s"
"WRITE";"15024.0";"";"3675572350";"25.524808 s"
"WRITE";"15024.0";"";"3675860331";"25.526808 s"
"WRITE";"15024.0";"";"3676148313";"25.528808 s"
"WRITE";"15024.0";"";"3676436294";"25.530808 s"
"WRITE";"15024.0";"";"3676724276";"25.532807 s"
"WRITE";"15024.0";"";"3677012257";"25.534807 s"
"WRITE";"15024.0";"";"3677300239";"25.536807 s"
"WRITE";"15024.0";"";"3677588220";"25.538807 s"
"WRITE";"15024.0";"";"3677876201";"25.540807 s"
"WRITE";"15024.0";"";"3678164183";"25.542807 s"
"WRITE";"15024.0";"";"3678452164";"25.544807 s"
"WRITE";"15024.0";"";"3678740146";"25.546807 s"
"WRITE";"15024.0";"";"3679028127";"25.548806 s"
"WRITE";"15024.0";"";"3679316108";"25.550806 s"
"WRITE";"15024.0";"";"3679604090";"25.552806 s"
"WRITE";"15024.0";"";"3679892071";"25.554806 s"
"WRITE";"15024.0";"";"3680180053";"25.556806 s"
"WRITE";"15024.0";"";"3680468034";"25.558806 s"
"WRITE";"15024.0";"";"3680756016";"25.560806 s"
"WRITE";"15024.0";"";"3681043997";"25.562806 s"
"WRITE";"15024.0";"";"3681331978";"25.564805 s"
"WRITE";"15024.0";"";"3681619960";"25.566805 s"
"WRITE";"15024.0";"";"3681907941";"25.568805 s"
"WRITE";"15024.0";"";"3682195923";"25.570805 s"
"WRITE";"15024.0";"";"3682483904";"25.572805 s"
"WRITE";"15024.0";"";"3682771886";"25.574805 s"
"WRITE";"15024.0";"";"3683059867";"25.576805 s"
"WRITE";"15024.0";"";"3683347848";"25.578805 s"
"WRITE";"15024.0";"";"3683635830";"25.580804 s"
"WRITE";"15024.0";"";"3683923811";"25.582804 s"
"WRITE";"15024.0";"";"3684211793";"25.584804 s"
"WRITE";"15024.0";"";"3684499774";"25.586804 s"
"WRITE";"15024.0";"";"3684787755";"25.588804 s"
"WRITE";"15024.0";"";"3685075737";"25.590804 s"
"WRITE";"15024.0";"";"3685363718";"25.592804 s"
"WRITE";"15024.0";"";"3685651700";"25.594803 s"
"WRITE";"15024.0";"";"3685939681";"25.596803 s"
"WRITE";"15024.0";"";"3686227663";"25.598803 s"
"WRITE";"15024.0";"";"3686515644";"25.600803 s"
"WRITE";"15024.0";"";"3686803625";"25.602803 s"
"WRITE";"15024.0";"";"3687091607";"25.604803 s"
"WRITE";"15024.0";"";"3687379588";"25.606803 s"
"WRITE";"15024.0";"";"3687667570";"25.608803 s"
"WRITE";"15024.0";"";"3687955551";"25.610802 s"
"WRITE";"15024.0";"";"3688243533";"25.612802 s"
"WRITE";"15024.0";"";"3688531514";"25.614802 s"
"WRITE";"15024.0";"";"3688819495";"25.616802 s"
"WRITE";"15024.0";"";"3689107477";"25.618802 s"
"WRITE";"15024.0";"";"3689395458";"25.620802 s"
"WRITE";"15024.0";"";"3689683440";"25.622802 s"
"WRITE";"15024.0";"";"3689971421";"25.624802 s"
"WRITE";"15024.0";"";"3690259402";"25.626801 s"
"WRITE";"15024.0";"";"3690547384";"25.628801 s"
"WRITE";"15024.0";"";"3690835365";"25.630801 s"
"WRITE";"15024.0";"";"3691123347";"25.632801 s"
"WRITE";"15024.0";"";"3691411328";"25.634801 s"
"WRITE";"15024.0";"";"3691699310";"25.636801 s"
"WRITE";"15024.0";"";"3691987291";"25.638801 s"
"WRITE";"15024.0";"";"3692275272";"25.640801 s"
"WRITE";"15024.0";"";"3692563254";"25.642800 s"
"WRITE";"15024.0";"";"3692851235";"25.644800 s"
"WRITE";"15024.0";"";"3693139217";"25.646800 s"
"WRITE";"15024.0";"";"3693427198";"25.648800 s"
"WRITE";"15024.0";"";"3693715180";"25.650800 s"
"WRITE";"15024.0";"";"3694003161";"25.652800 s"
"WRITE";"15024.0";"";"3694291142";"25.654800 s"
"WRITE";"15024.0";"";"3694579124";"25.656799 s"
"WRITE";"15024.0";"";"3694867105";"25.658799 s"
"WRITE";"15024.0";"";"3695155087";"25.660799 s"
"WRITE";"15024.0";"";"3695443068";"25.662799 s"
"WRITE";"15024.0";"";"3695731050";"25.664799 s"
"WRITE";"15024.0";"";"3696019031";"25.666799 s"
"WRITE";"15024.0";"";"3696307012";"25.668799 s"
"WRITE";"15024.0";"";"3696594994";"25.670799 s"
"WRITE";"15024.0";"";"3696882975";"25.672798 s"
"WRITE";"15024.0";"";"3697170957";"25.674798 s"
"WRITE";"15024.0";"";"3697458938";"25.676798 s"
"WRITE";"15024.0";"";"3697746919";"25.678798 s"
"WRITE";"15024.0";"";"3698034901";"25.680798 s"
"WRITE";"15024.0";"";"3698322882";"25.682798 s"
"WRITE";"15024.0";"";"3698610864";"25.684798 s"
"WRITE";"15024.0";"";"3698898845";"25.686798 s"
"WRITE";"15024.0";"";"3699186827";"25.688797 s"
"WRITE";"15024.0";"";"3699474808";"25.690797 s"
"WRITE";"15024.0";"";"3699762789";"25.692797 s"
"WRITE";"15024.0";"";"3700050771";"25.694797 s"
"WRITE";"15024.0";"";"3700338752";"25.696797 s"
"WRITE";"15024.0";"";"3700626734";"25.698797 s"
"WRITE";"15024.0";"";"3700914715";"25.700797 s"
"WRITE";"15024.0";"";"3701202697";"25.702797 s"
"WRITE";"15024.0";"";"3701490678";"25.704796 s"
"WRITE";"15024.0";"";"3701778659";"25.706796 s"
"WRITE";"15024.0";"";"3702066641";"25.708796 s"
"WRITE";"15024.0";"";"3702354622";"25.710796 s"
"WRITE";"15024.0";"";"3702642604";"25.712796 s"
"WRITE";"15024.0";"";"3702930585";"25.714796 s"
"WRITE";"15024.0";"";"3703218566";"25.716796 s"
"WRITE";"15024.0";"";"3703506548";"25.718795 s"
"WRITE";"15024.0";"";"3703794529";"25.720795 s"
"WRITE";"15024.0";"";"3704082511";"25.722795 s"
"WRITE";"15024.0";"";"3704370492";"25.724795 s"
"WRITE";"15024.0";"";"3704658474";"25.726795 s"
"WRITE";"15024.0";"";"3704946455";"25.728795 s"
"WRITE";"15024.0";"";"3705234436";"25.730795 s"
"WRITE";"15024.0";"";"3705522418";"25.732795 s"
"WRITE";"15024.0";"";"3705810399";"25.734794 s"
"WRITE";"15024.0";"";"3706098381";"25.736794 s"
"WRITE";"15024.0";"";"3706386362";"25.738794 s"
"WRITE";"15024.0";"";"3706674344";"25.740794 s"
"WRITE";"15024.0";"";"3706962325";"25.742794 s"
"WRITE";"15024.0";"";"3707250306";"25.744794 s"
"WRITE";"15024.0";"";"3707538288";"25.746794 s"
"WRITE";"15024.0";"";"3707826269";"25.748794 s"
"WRITE";"15024.0";"";"3708114251";"25.750793 s"
"WRITE";"15024.0";"";"3708402232";"25.752793 s"
"WRITE";"15024.0";"";"3708690213";"25.754793 s"
"WRITE";"15024.0";"";"3708978195";"25.756793 s"
"WRITE";"15024.0";"";"3709266176";"25.758793 s"
"WRITE";"15024.0";"";"3709554158";"25.760793 s"
"WRITE";"15024.0";"";"3709842139";"25.762793 s"
"WRITE";"15024.0";"";"3710130121";"25.764793 s"
"WRITE";"15024.0";"";"3710418102";"25.766792 s"
"WRITE";"15024.0";"";"3710706083";"25.768792 s"
"WRITE";"15024.0";"";"3710994065";"25.770792 s"
"WRITE";"15024.0";"";"3711282046";"25.772792 s"
"WRITE";"15024.0";"";"3711570028";"25.774792 s"
"WRITE";"15024.0";"";"3711858009";"25.776792 s"
"WRITE";"15024.0";"";"3712145991";"25.778792 s"
"WRITE";"15024.0";"";"3712433972";"25.780791 s"
"WRITE";"15024.0";"";"3712721953";"25.782791 s"
"WRITE";"15024.0";"";"3713009935";"25.784791 s"
"WRITE";"15024.0";"";"3713297916";"25.786791 s"
"WRITE";"15024.0";"";"3713585898";"25.788791 s"
"WRITE";"15024.0";"";"3713873879";"25.790791 s"
"WRITE";"15024.0";"";"3714161861";"25.792791 s"
"WRITE";"15024.0";"";"3714449842";"25.794791 s"
"WRITE";"15024.0";"";"3714737823";"25.796790 s"
"WRITE";"15024.0";"";"3715025805";"25.798790 s"
"WRITE";"15024.0";"";"3715313786";"25.800790 s"
"WRITE";"15024.0";"";"3715601768";"25.802790 s"
"WRITE";"15024.0";"";"3715889749";"25.804790 s"
"WRITE";"15024.0";"";"3716177730";"25.806790 s"
"WRITE";"15024.0";"";"3716465712";"25.808790 s"
"WRITE";"15023.0";"";"3716753693";"25.810790 s"
"WRITE";"15023.0";"";"3717041675";"25.812789 s"
"WRITE";"15023.0";"";"3717329656";"25.814789 s"
"WRITE";"15023.0";"";"3717617638";"25.816789 s"
"WRITE";"15023.0";"";"3717905619";"25.818789 s"
"WRITE";"15023.0";"";"3718193600";"25.820789 s"
"WRITE";"15023.0";"";"3718481582";"25.822789 s"
"WRITE";"15023.0";"";"3718769563";"25.824789 s"
"WRITE";"15023.0";"";"3719057545";"25.826789 s"
"WRITE";"15022.0";"";"3719345526";"25.828788 s"
"WRITE";"15022.0";"";"3719633508";"25.830788 s"
"WRITE";"15022.0";"";"3719921489";"25.832788 s"
"WRITE";"15022.0";"";"3720209470";"25.834788 s"
"WRITE";"15022.0";"";"3720497452";"25.836788 s"
"WRITE";"15022.0";"";"3720785433";"25.838788 s"
"WRITE";"15022.0";"";"3721073415";"25.840788 s"
"WRITE";"15021.0";"";"3721361396";"25.842787 s"
"WRITE";"15021.0";"";"3721649377";"25.844787 s"
"WRITE";"15021.0";"";"3721937359";"25.846787 s"
"WRITE";"15021.0";"";"3722225340";"25.848787 s"
"WRITE";"15021.0";"";"3722513322";"25.850787 s"
"WRITE";"15021.0";"";"3722801303";"25.852787 s"
"WRITE";"15020.0";"";"3723089285";"25.854787 s"
"WRITE";"15020.0";"";"3723377266";"25.856787 s"
"WRITE";"15020.0";"";"3723665247";"25.858786 s"
"WRITE";"15020.0";"";"3723953229";"25.860786 s"
"WRITE";"15019.0";"";"3724241210";"25.862786 s"
"WRITE";"15019.0";"";"3724529192";"25.864786 s"
"WRITE";"15018.0";"";"3724817173";"25.866786 s"
"WRITE";"15018.0";"";"3725105155";"25.868786 s"
"WRITE";"15017.0";"";"3725393136";"25.870786 s"
"WRITE";"15016.0";"";"3725681117";"25.872786 s"
"WRITE";"15016.0";"";"3725969099";"25.874785 s"
"WRITE";"15015.0";"";"3726257080";"25.876785 s"
"WRITE";"15015.0";"";"3726545062";"25.878785 s"
"WRITE";"15014.0";"";"3726833043";"25.880785 s"
"WRITE";"15014.0";"";"3727121024";"25.882785 s"
"WRITE";"15013.0";"";"3727409006";"25.884785 s"
"WRITE";"15013.0";"";"3727696987";"25.886785 s"
"WRITE";"15012.0";"";"3727984969";"25.888785 s"
"WRITE";"15011.0";"";"3728272950";"25.890784 s"
"WRITE";"15011.0";"";"3728560932";"25.892784 s"
"WRITE";"15010.0";"";"3728848913";"25.894784 s"
"WRITE";"15009.0";"";"3729136894";"25.896784 s"
"WRITE";"15008.0";"";"3729424876";"25.898784 s"
"WRITE";"15006.0";"";"3729712857";"25.900784 s"
"WRITE";"15005.0";"";"3730000839";"25.902784 s"
"WRITE";"15004.0";"";"3730288820";"25.904783 s"
"WRITE";"15003.0";"";"3730576802";"25.906783 s"
"WRITE";"15001.0";"";"3730864783";"25.908783 s"
"WRITE";"15000.0";"";"3731152764";"25.910783 s"
"WRITE";"14998.0";"";"3731440746";"25.912783 s"
"WRITE";"14997.0";"";"3731728727";"25.914783 s"
"WRITE";"14996.0";"";"3732016709";"25.916783 s"
"WRITE";"14995.0";"";"3732304690";"25.918783 s"
"WRITE";"14993.0";"";"3732592672";"25.920782 s"
"WRITE";"14992.0";"";"3732880653";"25.922782 s"
"WRITE";"14991.0";"";"3733168634";"25.924782 s"
"WRITE";"14990.0";"";"3733456616";"25.926782 s"
"WRITE";"14989.0";"";"3733744597";"25.928782 s"
"WRITE";"14988.0";"";"3734032579";"25.930782 s"
"WRITE";"14987.0";"";"3734320560";"25.932782 s"
"WRITE";"14986.0";"";"3734608541";"25.934782 s"
"WRITE";"14985.0";"";"3734896523";"25.936781 s"
"WRITE";"14984.0";"";"3735184504";"25.938781 s"
"WRITE";"14983.0";"";"3735472486";"25.940781 s"
"WRITE";"14981.0";"";"3735760467";"25.942781 s"
"WRITE";"14980.0";"";"3736048449";"25.944781 s"
"WRITE";"14979.0";"";"3736336430";"25.946781 s"
"WRITE";"14978.0";"";"3736624411";"25.948781 s"
"WRITE";"14977.0";"";"3736912393";"25.950781 s"
"WRITE";"14976.0";"";"3737200374";"25.952780 s"
"WRITE";"14976.0";"";"3737488356";"25.954780 s"
"WRITE";"14975.0";"";"3737776337";"25.956780 s"
"WRITE";"14974.0";"";"3738064319";"25.958780 s"
"WRITE";"14973.0";"";"3738352300";"25.960780 s"
"WRITE";"14972.0";"";"3738640281";"25.962780 s"
"WRITE";"14972.0";"";"3738928263";"25.964780 s"
"WRITE";"14971.0";"";"3739216244";"25.966779 s"
"WRITE";"14970.0";"";"3739504226";"25.968779 s"
"WRITE";"14970.0";"";"3739792207";"25.970779 s"
"WRITE";"14969.0";"";"3740080188";"25.972779 s"
"WRITE";"14969.0";"";"3740368170";"25.974779 s"
"WRITE";"14968.0";"";"3740656151";"25.976779 s"
"WRITE";"14968.0";"";"3740944133";"25.978779 s"
"WRITE";"14967.0";"";"3741232114";"25.980779 s"
"WRITE";"14967.0";"";"3741520096";"25.982778 s"
"WRITE";"14967.0";"";"3741808077";"25.984778 s"
"WRITE";"14966.0";"";"3742096058";"25.986778 s"
"WRITE";"14966.0";"";"3742384040";"25.988778 s"
"WRITE";"14966.0";"";"3742672021";"25.990778 s"
"WRITE";"14965.0";"";"3742960003";"25.992778 s"
"WRITE";"14965.0";"";"3743247984";"25.994778 s"
"WRITE";"14965.0";"";"3743535966";"25.996778 s"
"WRITE";"14965.0";"";"3743823947";"25.998777 s"
"WRITE";"14965.0";"";"3744111928";"26.000777 s"
"WRITE";"14964.0";"";"3744399910";"26.002777 s"
"WRITE";"14964.0";"";"3744687891";"26.004777 s"
"WRITE";"14964.0";"";"3744975873";"26.006777 s"
"WRITE";"14964.0";"";"3745266449";"26.008795 s"
"WRITE";"14963.0";"";"3745551835";"26.010777 s"
"WRITE";"14963.0";"";"3745839817";"26.012777 s"
"WRITE";"14963.0";"";"3746127798";"26.014776 s"
"WRITE";"14962.0";"";"3746415780";"26.016776 s"
"WRITE";"14962.0";"";"3746703761";"26.018776 s"
"WRITE";"14961.0";"";"3746991743";"26.020776 s"
"WRITE";"14961.0";"";"3747279724";"26.022776 s"
"WRITE";"14960.0";"";"3747567705";"26.024776 s"
"WRITE";"14960.0";"";"3747855687";"26.026776 s"
"WRITE";"14959.0";"";"3748143668";"26.028775 s"
"WRITE";"14958.0";"";"3748431650";"26.030775 s"
"WRITE";"14957.0";"";"3748719631";"26.032775 s"
"WRITE";"14956.0";"";"3749007613";"26.034775 s"
"WRITE";"14956.0";"";"3749295594";"26.036775 s"
"WRITE";"14955.0";"";"3749583575";"26.038775 s"
"WRITE";"14954.0";"";"3749871557";"26.040775 s"
"WRITE";"14953.0";"";"3750159538";"26.042775 s"
"WRITE";"14952.0";"";"3750447520";"26.044774 s"
"WRITE";"14951.0";"";"3750735501";"26.046774 s"
"WRITE";"14950.0";"";"3751023483";"26.048774 s"
"WRITE";"14948.0";"";"3751311464";"26.050774 s"
"WRITE";"14947.0";"";"3751599445";"26.052774 s"
"WRITE";"14946.0";"";"3751887427";"26.054774 s"
"WRITE";"14945.0";"";"3752175408";"26.056774 s"
"WRITE";"14944.0";"";"3752463390";"26.058774 s"
"WRITE";"14942.0";"";"3752751371";"26.060773 s"
"WRITE";"14941.0";"";"3753039352";"26.062773 s"
"WRITE";"14940.0";"";"3753327334";"26.064773 s"
"WRITE";"14938.0";"";"3753615315";"26.066773 s"
"WRITE";"14937.0";"";"3753903297";"26.068773 s"
"WRITE";"14936.0";"";"3754191278";"26.070773 s"
"WRITE";"14934.0";"";"3754479260";"26.072773 s"
"WRITE";"14933.0";"";"3754767241";"26.074773 s"
"WRITE";"14932.0";"";"3755055222";"26.076772 s"
"WRITE";"14931.0";"";"3755343204";"26.078772 s"
"WRITE";"14929.0";"";"3755631185";"26.080772 s"
"WRITE";"14928.0";"";"3755919167";"26.082772 s"
"WRITE";"14926.0";"";"3756207148";"26.084772 s"
"WRITE";"14925.0";"";"3756495130";"26.086772 s"
"WRITE";"14924.0";"";"3756783111";"26.088772 s"
"WRITE";"14923.0";"";"3757071092";"26.090771 s"
"WRITE";"14921.0";"";"3757359074";"26.092771 s"
"WRITE";"14920.0";"";"3757647055";"26.094771 s"
"WRITE";"14919.0";"";"3757935037";"26.096771 s"
"WRITE";"14917.0";"";"3758223018";"26.098771 s"
"WRITE";"14916.0";"";"3758510999";"26.100771 s"
"WRITE";"14914.0";"";"3758798981";"26.102771 s"
"WRITE";"14913.0";"";"3759086962";"26.104771 s"
"WRITE";"14911.0";"";"3759374944";"26.106770 s"
"WRITE";"14910.0";"";"3759662925";"26.108770 s"
"WRITE";"14908.0";"";"3759950907";"26.110770 s"
"WRITE";"14906.0";"";"3760238888";"26.112770 s"
"WRITE";"14905.0";"";"3760526869";"26.114770 s"
"WRITE";"14903.0";"";"3760814851";"26.116770 s"
"WRITE";"14901.0";"";"3761102832";"26.118770 s"
"WRITE";"14899.0";"";"3761390814";"26.120770 s"
"WRITE";"14898.0";"";"3761678795";"26.122769 s"
"WRITE";"14896.0";"";"3761966777";"26.124769 s"
"WRITE";"14895.0";"";"3762254758";"26.126769 s"
"WRITE";"14893.0";"";"3762542739";"26.128769 s"
"WRITE";"14892.0";"";"3762830721";"26.130769 s"
"WRITE";"14890.0";"";"3763118702";"26.132769 s"
"WRITE";"14889.0";"";"3763406684";"26.134769 s"
"WRITE";"14887.0";"";"3763694665";"26.136769 s"
"WRITE";"14886.0";"";"3763982646";"26.138768 s"
"WRITE";"14884.0";"";"3764270628";"26.140768 s"
"WRITE";"14883.0";"";"3764558609";"26.142768 s"
"WRITE";"14882.0";"";"3764846591";"26.144768 s"
"WRITE";"14881.0";"";"3765134572";"26.146768 s"
"WRITE";"14879.0";"";"3765422554";"26.148768 s"
"WRITE";"14878.0";"";"3765710535";"26.150768 s"
"WRITE";"14877.0";"";"3765998516";"26.152767 s"
"WRITE";"14875.0";"";"3766286498";"26.154767 s"
"WRITE";"14874.0";"";"3766574479";"26.156767 s"
"WRITE";"14872.0";"";"3766862461";"26.158767 s"
"WRITE";"14871.0";"";"3767150442";"26.160767 s"
"WRITE";"14870.0";"";"3767438424";"26.162767 s"
"WRITE";"14868.0";"";"3767726405";"26.164767 s"
"WRITE";"14867.0";"";"3768014386";"26.166767 s"
"WRITE";"14865.0";"";"3768302368";"26.168766 s"
"WRITE";"14864.0";"";"3768590349";"26.170766 s"
"WRITE";"14862.0";"";"3768878331";"26.172766 s"
"WRITE";"14861.0";"";"3769166312";"26.174766 s"
"WRITE";"14859.0";"";"3769454294";"26.176766 s"
"WRITE";"14857.0";"";"3769742275";"26.178766 s"
"WRITE";"14855.0";"";"3770030256";"26.180766 s"
"WRITE";"14853.0";"";"3770318238";"26.182766 s"
"WRITE";"14851.0";"";"3770606219";"26.184765 s"
"WRITE";"14849.0";"";"3770894201";"26.186765 s"
"WRITE";"14846.0";"";"3771182182";"26.188765 s"
"WRITE";"14844.0";"";"3771470163";"26.190765 s"
"WRITE";"14841.0";"";"3771758145";"26.192765 s"
"WRITE";"14839.0";"";"3772046126";"26.194765 s"
"WRITE";"14836.0";"";"3772334108";"26.196765 s"
"WRITE";"14833.0";"";"3772622089";"26.198765 s"
"WRITE";"14830.0";"";"3772910071";"26.200764 s"
"WRITE";"14827.0";"";"3773198052";"26.202764 s"
"WRITE";"14824.0";"";"3773486033";"26.204764 s"
"WRITE";"14821.0";"";"3773774015";"26.206764 s"
"WRITE";"14818.0";"";"3774061996";"26.208764 s"
"WRITE";"14815.0";"";"3774349978";"26.210764 s"
"WRITE";"14812.0";"";"3774637959";"26.212764 s"
"WRITE";"14809.0";"";"3774925941";"26.214763 s"
"WRITE";"14806.0";"";"3775213922";"26.216763 s"
"WRITE";"14803.0";"";"3775501903";"26.218763 s"
"WRITE";"14800.0";"";"3775789885";"26.220763 s"
"WRITE";"14797.0";"";"3776077866";"26.222763 s"
"WRITE";"14794.0";"";"3776365848";"26.224763 s"
"WRITE";"14791.0";"";"3776653829";"26.226763 s"
"WRITE";"14788.0";"";"3776941810";"26.228763 s"
"WRITE";"14785.0";"";"3777229792";"26.230762 s"
"WRITE";"14782.0";"";"3777517773";"26.232762 s"
"WRITE";"14779.0";"";"3777805755";"26.234762 s"
"WRITE";"14776.0";"";"3778093736";"26.236762 s"
"WRITE";"14772.0";"";"3778381718";"26.238762 s"
"WRITE";"14769.0";"";"3778669699";"26.240762 s"
"WRITE";"14766.0";"";"3778957680";"26.242762 s"
"WRITE";"14763.0";"";"3779245662";"26.244762 s"
"WRITE";"14759.0";"";"3779533643";"26.246761 s"
"WRITE";"14755.0";"";"3779821625";"26.248761 s"
"WRITE";"14751.0";"";"3780109606";"26.250761 s"
"WRITE";"14747.0";"";"3780397588";"26.252761 s"
"WRITE";"14742.0";"";"3780685569";"26.254761 s"
"WRITE";"14737.0";"";"3780973550";"26.256761 s"
"WRITE";"14732.0";"";"3781261532";"26.258761 s"
"WRITE";"14727.0";"";"3781549513";"26.260761 s"
"WRITE";"14721.0";"";"3781837495";"26.262760 s"
"WRITE";"14715.0";"";"3782125476";"26.264760 s"
"WRITE";"14709.0";"";"3782413457";"26.266760 s"
"WRITE";"14703.0";"";"3782701439";"26.268760 s"
"WRITE";"14697.0";"";"3782989420";"26.270760 s"
"WRITE";"14691.0";"";"3783277402";"26.272760 s"
"WRITE";"14685.0";"";"3783565383";"26.274760 s"
"WRITE";"14678.0";"";"3783853365";"26.276759 s"
"WRITE";"14672.0";"";"3784141346";"26.278759 s"
"WRITE";"14665.0";"";"3784429327";"26.280759 s"
"WRITE";"14659.0";"";"3784717309";"26.282759 s"
"WRITE";"14652.0";"";"3785005290";"26.284759 s"
"WRITE";"14646.0";"";"3785293272";"26.286759 s"
"WRITE";"14639.0";"";"3785581253";"26.288759 s"
"WRITE";"14633.0";"";"3785869235";"26.290759 s"
"WRITE";"14626.0";"";"3786157216";"26.292758 s"
"WRITE";"14619.0";"";"3786445197";"26.294758 s"
"WRITE";"14612.0";"";"3786733179";"26.296758 s"
"WRITE";"14605.0";"";"3787021160";"26.298758 s"
"WRITE";"14599.0";"";"3787309142";"26.300758 s"
"WRITE";"14592.0";"";"3787597123";"26.302758 s"
"WRITE";"14584.0";"";"3787885105";"26.304758 s"
"WRITE";"14577.0";"";"3788173086";"26.306758 s"
"WRITE";"14570.0";"";"3788461067";"26.308757 s"
"WRITE";"14562.0";"";"3788749049";"26.310757 s"
"WRITE";"14555.0";"";"3789037030";"26.312757 s"
"WRITE";"14547.0";"";"3789325012";"26.314757 s"
"WRITE";"14539.0";"";"3789612993";"26.316757 s"
"WRITE";"14531.0";"";"3789900974";"26.318757 s"
"WRITE";"14523.0";"";"3790188956";"26.320757 s"
"WRITE";"14515.0";"";"3790476937";"26.322757 s"
"WRITE";"14507.0";"";"3790764919";"26.324756 s"
"WRITE";"14499.0";"";"3791052900";"26.326756 s"
"WRITE";"14491.0";"";"3791340882";"26.328756 s"
"WRITE";"14483.0";"";"3791628863";"26.330756 s"
"WRITE";"14475.0";"";"3791916844";"26.332756 s"
"WRITE";"14466.0";"";"3792204826";"26.334756 s"
"WRITE";"14458.0";"";"3792492807";"26.336756 s"
"WRITE";"14450.0";"";"3792780789";"26.338755 s"
"WRITE";"14441.0";"";"3793068770";"26.340755 s"
"WRITE";"14433.0";"";"3793356752";"26.342755 s"
"WRITE";"14425.0";"";"3793644733";"26.344755 s"
"WRITE";"14417.0";"";"3793932714";"26.346755 s"
"WRITE";"14409.0";"";"3794220696";"26.348755 s"
"WRITE";"14401.0";"";"3794508677";"26.350755 s"
"WRITE";"14393.0";"";"3794796659";"26.352755 s"
"WRITE";"14384.0";"";"3795084640";"26.354754 s"
"WRITE";"14376.0";"";"3795372621";"26.356754 s"
"WRITE";"14367.0";"";"3795660603";"26.358754 s"
"WRITE";"14359.0";"";"3795948584";"26.360754 s"
"WRITE";"14350.0";"";"3796236566";"26.362754 s"
"WRITE";"14341.0";"";"3796524547";"26.364754 s"
"WRITE";"14332.0";"";"3796812529";"26.366754 s"
"WRITE";"14323.0";"";"3797100510";"26.368754 s"
"WRITE";"14315.0";"";"3797388491";"26.370753 s"
"WRITE";"14306.0";"";"3797676473";"26.372753 s"
"WRITE";"14297.0";"";"3797964454";"26.374753 s"
"WRITE";"14288.0";"";"3798252436";"26.376753 s"
"WRITE";"14279.0";"";"3798540417";"26.378753 s"
"WRITE";"14270.0";"";"3798828399";"26.380753 s"
"WRITE";"14261.0";"";"3799116380";"26.382753 s"
"WRITE";"14252.0";"";"3799404361";"26.384753 s"
"WRITE";"14244.0";"";"3799692343";"26.386752 s"
"WRITE";"14235.0";"";"3799980324";"26.388752 s"
"WRITE";"14226.0";"";"3800268306";"26.390752 s"
"WRITE";"14217.0";"";"3800556287";"26.392752 s"
"WRITE";"14208.0";"";"3800844268";"26.394752 s"
"WRITE";"14199.0";"";"3801132250";"26.396752 s"
"WRITE";"14191.0";"";"3801420231";"26.398752 s"
"WRITE";"14182.0";"";"3801708213";"26.400751 s"
"WRITE";"14174.0";"";"3801996194";"26.402751 s"
"WRITE";"14166.0";"";"3802284176";"26.404751 s"
"WRITE";"14158.0";"";"3802572157";"26.406751 s"
"WRITE";"14150.0";"";"3802860138";"26.408751 s"
"WRITE";"14142.0";"";"3803148120";"26.410751 s"
"WRITE";"14134.0";"";"3803436101";"26.412751 s"
"WRITE";"14126.0";"";"3803724083";"26.414751 s"
"WRITE";"14118.0";"";"3804012064";"26.416750 s"
"WRITE";"14110.0";"";"3804300046";"26.418750 s"
"WRITE";"14102.0";"";"3804588027";"26.420750 s"
"WRITE";"14094.0";"";"3804876008";"26.422750 s"
"WRITE";"14085.0";"";"3805163990";"26.424750 s"
"WRITE";"14077.0";"";"3805451971";"26.426750 s"
"WRITE";"14069.0";"";"3805739953";"26.428750 s"
"WRITE";"14060.0";"";"3806027934";"26.430750 s"
"WRITE";"14052.0";"";"3806315916";"26.432749 s"
"WRITE";"14043.0";"";"3806603897";"26.434749 s"
"WRITE";"14035.0";"";"3806891878";"26.436749 s"
"WRITE";"14026.0";"";"3807179860";"26.438749 s"
"WRITE";"14018.0";"";"3807467841";"26.440749 s"
"WRITE";"14009.0";"";"3807755823";"26.442749 s"
"WRITE";"14000.0";"";"3808043804";"26.444749 s"
"WRITE";"13992.0";"";"3808331785";"26.446749 s"
"WRITE";"13983.0";"";"3808619767";"26.448748 s"
"WRITE";"13974.0";"";"3808907748";"26.450748 s"
"WRITE";"13965.0";"";"3809195730";"26.452748 s"
"WRITE";"13956.0";"";"3809483711";"26.454748 s"
"WRITE";"13947.0";"";"3809771693";"26.456748 s"
"WRITE";"13938.0";"";"3810059674";"26.458748 s"
"WRITE";"13928.0";"";"3810347655";"26.460748 s"
"WRITE";"13919.0";"";"3810635637";"26.462747 s"
"WRITE";"13909.0";"";"3810923618";"26.464747 s"
"WRITE";"13899.0";"";"3811211600";"26.466747 s"
"WRITE";"13890.0";"";"3811499581";"26.468747 s"
"WRITE";"13880.0";"";"3811787563";"26.470747 s"
"WRITE";"13870.0";"";"3812075544";"26.472747 s"
"WRITE";"13860.0";"";"3812363525";"26.474747 s"
"WRITE";"13850.0";"";"3812651507";"26.476747 s"
"WRITE";"13840.0";"";"3812939488";"26.478746 s"
"WRITE";"13830.0";"";"3813227470";"26.480746 s"
"WRITE";"13820.0";"";"3813515451";"26.482746 s"
"WRITE";"13810.0";"";"3813803432";"26.484746 s"
"WRITE";"13799.0";"";"3814091414";"26.486746 s"
"WRITE";"13789.0";"";"3814379395";"26.488746 s"
"WRITE";"13778.0";"";"3814667377";"26.490746 s"
"WRITE";"13768.0";"";"3814955358";"26.492746 s"
"WRITE";"13757.0";"";"3815243340";"26.494745 s"
"WRITE";"13746.0";"";"3815531321";"26.496745 s"
"WRITE";"13736.0";"";"3815819302";"26.498745 s"
"WRITE";"13725.0";"";"3816107284";"26.500745 s"
"WRITE";"13715.0";"";"3816395265";"26.502745 s"
"WRITE";"13704.0";"";"3816683247";"26.504745 s"
"WRITE";"13694.0";"";"3816971228";"26.506745 s"
"WRITE";"13683.0";"";"3817261804";"26.508763 s"
"WRITE";"13673.0";"";"3817547191";"26.510744 s"
"WRITE";"13663.0";"";"3817835172";"26.512744 s"
"WRITE";"13652.0";"";"3818123154";"26.514744 s"
"WRITE";"13641.0";"";"3818411135";"26.516744 s"
"WRITE";"13631.0";"";"3818699117";"26.518744 s"
"WRITE";"13620.0";"";"3818987098";"26.520744 s"
"WRITE";"13609.0";"";"3819275079";"26.522744 s"
"WRITE";"13598.0";"";"3819563061";"26.524743 s"
"WRITE";"13588.0";"";"3819851042";"26.526743 s"
"WRITE";"13577.0";"";"3820139024";"26.528743 s"
"WRITE";"13566.0";"";"3820427005";"26.530743 s"
"WRITE";"13555.0";"";"3820714987";"26.532743 s"
"WRITE";"13544.0";"";"3821002968";"26.534743 s"
"WRITE";"13533.0";"";"3821290949";"26.536743 s"
"WRITE";"13523.0";"";"3821578931";"26.538743 s"
"WRITE";"13512.0";"";"3821866912";"26.540742 s"
"WRITE";"13502.0";"";"3822154894";"26.542742 s"
"WRITE";"13491.0";"";"3822442875";"26.544742 s"
"WRITE";"13481.0";"";"3822730857";"26.546742 s"
"WRITE";"13470.0";"";"3823018838";"26.548742 s"
"WRITE";"13460.0";"";"3823306819";"26.550742 s"
"WRITE";"13449.0";"";"3823594801";"26.552742 s"
"WRITE";"13439.0";"";"3823882782";"26.554742 s"
"WRITE";"13429.0";"";"3824170764";"26.556741 s"
"WRITE";"13418.0";"";"3824458745";"26.558741 s"
"WRITE";"13408.0";"";"3824746727";"26.560741 s"
"WRITE";"13397.0";"";"3825034708";"26.562741 s"
"WRITE";"13387.0";"";"3825322689";"26.564741 s"
"WRITE";"13377.0";"";"3825610671";"26.566741 s"
"WRITE";"13366.0";"";"3825898652";"26.568741 s"
"WRITE";"13355.0";"";"3826186634";"26.570741 s"
"WRITE";"13345.0";"";"3826474615";"26.572740 s"
"WRITE";"13334.0";"";"3826762596";"26.574740 s"
"WRITE";"13323.0";"";"3827050578";"26.576740 s"
"WRITE";"13311.0";"";"3827338559";"26.578740 s"
"WRITE";"13300.0";"";"3827626541";"26.580740 s"
"WRITE";"13288.0";"";"3827914522";"26.582740 s"
"WRITE";"13277.0";"";"3828202504";"26.584740 s"
"WRITE";"13265.0";"";"3828490485";"26.586739 s"
"WRITE";"13252.0";"";"3828778466";"26.588739 s"
"WRITE";"13240.0";"";"3829066448";"26.590739 s"
"WRITE";"13227.0";"";"3829354429";"26.592739 s"
"WRITE";"13214.0";"";"3829642411";"26.594739 s"
"WRITE";"13201.0";"";"3829930392";"26.596739 s"
"WRITE";"13188.0";"";"3830218374";"26.598739 s"
"WRITE";"13175.0";"";"3830506355";"26.600739 s"
"WRITE";"13161.0";"";"3830794336";"26.602738 s"
"WRITE";"13148.0";"";"3831082318";"26.604738 s"
"WRITE";"13134.0";"";"3831370299";"26.606738 s"
"WRITE";"13120.0";"";"3831658281";"26.608738 s"
"WRITE";"13106.0";"";"3831946262";"26.610738 s"
"WRITE";"13092.0";"";"3832234243";"26.612738 s"
"WRITE";"13078.0";"";"3832522225";"26.614738 s"
"WRITE";"13064.0";"";"3832810206";"26.616738 s"
"WRITE";"13050.0";"";"3833098188";"26.618737 s"
"WRITE";"13035.0";"";"3833386169";"26.620737 s"
"WRITE";"13021.0";"";"3833674151";"26.622737 s"
"WRITE";"13007.0";"";"3833962132";"26.624737 s"
"WRITE";"12993.0";"";"3834250113";"26.626737 s"
"WRITE";"12979.0";"";"3834538095";"26.628737 s"
"WRITE";"12965.0";"";"3834826076";"26.630737 s"
"WRITE";"12952.0";"";"3835114058";"26.632737 s"
"WRITE";"12938.0";"";"3835402039";"26.634736 s"
"WRITE";"12925.0";"";"3835690021";"26.636736 s"
"WRITE";"12912.0";"";"3835978002";"26.638736 s"
"WRITE";"12899.0";"";"3836265983";"26.640736 s"
"WRITE";"12887.0";"";"3836553965";"26.642736 s"
"WRITE";"12875.0";"";"3836841946";"26.644736 s"
"WRITE";"12863.0";"";"3837129928";"26.646736 s"
"WRITE";"12852.0";"";"3837417909";"26.648735 s"
"WRITE";"12841.0";"";"3837705890";"26.650735 s"
"WRITE";"12831.0";"";"3837993872";"26.652735 s"
"WRITE";"12822.0";"";"3838281853";"26.654735 s"
"WRITE";"12812.0";"";"3838569835";"26.656735 s"
"WRITE";"12803.0";"";"3838857816";"26.658735 s"
"WRITE";"12795.0";"";"3839145798";"26.660735 s"
"WRITE";"12786.0";"";"3839433779";"26.662735 s"
"WRITE";"12778.0";"";"3839721760";"26.664734 s"
"WRITE";"12770.0";"";"3840009742";"26.666734 s"
"WRITE";"12762.0";"";"3840297723";"26.668734 s"
"WRITE";"12755.0";"";"3840585705";"26.670734 s"
"WRITE";"12748.0";"";"3840873686";"26.672734 s"
"WRITE";"12741.0";"";"3841161668";"26.674734 s"
"WRITE";"12734.0";"";"3841449649";"26.676734 s"
"WRITE";"12727.0";"";"3841737630";"26.678734 s"
"WRITE";"12720.0";"";"3842025612";"26.680733 s"
"WRITE";"12714.0";"";"3842313593";"26.682733 s"
"WRITE";"12708.0";"";"3842601575";"26.684733 s"
"WRITE";"12702.0";"";"3842889556";"26.686733 s"
"WRITE";"12697.0";"";"3843177538";"26.688733 s"
"WRITE";"12691.0";"";"3843465519";"26.690733 s"
"WRITE";"12686.0";"";"3843753500";"26.692733 s"
"WRITE";"12681.0";"";"3844041482";"26.694733 s"
"WRITE";"12676.0";"";"3844329463";"26.696732 s"
"WRITE";"12670.0";"";"3844617445";"26.698732 s"
"WRITE";"12665.0";"";"3844905426";"26.700732 s"
"WRITE";"12661.0";"";"3845193407";"26.702732 s"
"WRITE";"12656.0";"";"3845481389";"26.704732 s"
"WRITE";"12651.0";"";"3845769370";"26.706732 s"
"WRITE";"12646.0";"";"3846057352";"26.708732 s"
"WRITE";"12641.0";"";"3846345333";"26.710731 s"
"WRITE";"12636.0";"";"3846633315";"26.712731 s"
"WRITE";"12632.0";"";"3846921296";"26.714731 s"
"WRITE";"12627.0";"";"3847209277";"26.716731 s"
"WRITE";"12623.0";"";"3847497259";"26.718731 s"
"WRITE";"12618.0";"";"3847785240";"26.720731 s"
"WRITE";"12613.0";"";"3848073222";"26.722731 s"
"WRITE";"12609.0";"";"3848361203";"26.724731 s"
"WRITE";"12604.0";"";"3848649185";"26.726730 s"
"WRITE";"12600.0";"";"3848937166";"26.728730 s"
"WRITE";"12595.0";"";"3849225147";"26.730730 s"
"WRITE";"12591.0";"";"3849513129";"26.732730 s"
"WRITE";"12586.0";"";"3849801110";"26.734730 s"
"WRITE";"12582.0";"";"3850089092";"26.736730 s"
"WRITE";"12578.0";"";"3850377073";"26.738730 s"
"WRITE";"12573.0";"";"3850665054";"26.740730 s"
"WRITE";"12569.0";"";"3850953036";"26.742729 s"
"WRITE";"12565.0";"";"3851241017";"26.744729 s"
"WRITE";"12561.0";"";"3851528999";"26.746729 s"
"WRITE";"12557.0";"";"3851816980";"26.748729 s"
"WRITE";"12553.0";"";"3852104962";"26.750729 s"
"WRITE";"12549.0";"";"3852392943";"26.752729 s"
"WRITE";"12545.0";"";"3852680924";"26.754729 s"
"WRITE";"12541.0";"";"3852968906";"26.756729 s"
"WRITE";"12537.0";"";"3853256887";"26.758728 s"
"WRITE";"12533.0";"";"3853544869";"26.760728 s"
"WRITE";"12529.0";"";"3853832850";"26.762728 s"
"WRITE";"12525.0";"";"3854120832";"26.764728 s"
"WRITE";"12521.0";"";"3854408813";"26.766728 s"
"WRITE";"12517.0";"";"3854696794";"26.768728 s"
"WRITE";"12514.0";"";"3854984776";"26.770728 s"
"WRITE";"12510.0";"";"3855272757";"26.772727 s"
"WRITE";"12506.0";"";"3855560739";"26.774727 s"
"WRITE";"12503.0";"";"3855848720";"26.776727 s"
"WRITE";"12499.0";"";"3856136701";"26.778727 s"
"WRITE";"12496.0";"";"3856424683";"26.780727 s"
"WRITE";"12493.0";"";"3856712664";"26.782727 s"
"WRITE";"12489.0";"";"3857000646";"26.784727 s"
"WRITE";"12486.0";"";"3857288627";"26.786727 s"
"WRITE";"12483.0";"";"3857576609";"26.788726 s"
"WRITE";"12480.0";"";"3857864590";"26.790726 s"
"WRITE";"12477.0";"";"3858152571";"26.792726 s"
"WRITE";"12474.0";"";"3858440553";"26.794726 s"
"WRITE";"12470.0";"";"3858728534";"26.796726 s"
"WRITE";"12467.0";"";"3859016516";"26.798726 s"
"WRITE";"12463.0";"";"3859304497";"26.800726 s"
"WRITE";"12460.0";"";"3859592479";"26.802726 s"
"WRITE";"12456.0";"";"3859880460";"26.804725 s"
"WRITE";"12452.0";"";"3860168441";"26.806725 s"
"WRITE";"12448.0";"";"3860456423";"26.808725 s"
"WRITE";"12444.0";"";"3860744404";"26.810725 s"
"WRITE";"12439.0";"";"3861032386";"26.812725 s"
"WRITE";"12435.0";"";"3861320367";"26.814725 s"
"WRITE";"12430.0";"";"3861608349";"26.816725 s"
"WRITE";"12426.0";"";"3861896330";"26.818725 s"
"WRITE";"12422.0";"";"3862184311";"26.820724 s"
"WRITE";"12417.0";"";"3862472293";"26.822724 s"
"WRITE";"12413.0";"";"3862760274";"26.824724 s"
"WRITE";"12408.0";"";"3863048256";"26.826724 s"
"WRITE";"12403.0";"";"3863336237";"26.828724 s"
"WRITE";"12398.0";"";"3863624218";"26.830724 s"
"WRITE";"12393.0";"";"3863912200";"26.832724 s"
"WRITE";"12388.0";"";"3864200181";"26.834723 s"
"WRITE";"12383.0";"";"3864488163";"26.836723 s"
"WRITE";"12378.0";"";"3864776144";"26.838723 s"
"WRITE";"12372.0";"";"3865064126";"26.840723 s"
"WRITE";"12367.0";"";"3865352107";"26.842723 s"
"WRITE";"12361.0";"";"3865640088";"26.844723 s"
"WRITE";"12355.0";"";"3865928070";"26.846723 s"
"WRITE";"12349.0";"";"3866216051";"26.848723 s"
"WRITE";"12344.0";"";"3866504033";"26.850722 s"
"WRITE";"12338.0";"";"3866792014";"26.852722 s"
"WRITE";"12332.0";"";"3867079996";"26.854722 s"
"WRITE";"12326.0";"";"3867367977";"26.856722 s"
"WRITE";"12320.0";"";"3867655958";"26.858722 s"
"WRITE";"12314.0";"";"3867943940";"26.860722 s"
"WRITE";"12308.0";"";"3868231921";"26.862722 s"
"WRITE";"12302.0";"";"3868519903";"26.864722 s"
"WRITE";"12295.0";"";"3868807884";"26.866721 s"
"WRITE";"12289.0";"";"3869095865";"26.868721 s"
"WRITE";"12283.0";"";"3869383847";"26.870721 s"
"WRITE";"12276.0";"";"3869671828";"26.872721 s"
"WRITE";"12270.0";"";"3869959810";"26.874721 s"
"WRITE";"12263.0";"";"3870247791";"26.876721 s"
"WRITE";"12257.0";"";"3870535773";"26.878721 s"
"WRITE";"12250.0";"";"3870823754";"26.880721 s"
"WRITE";"12244.0";"";"3871111735";"26.882720 s"
"WRITE";"12237.0";"";"3871399717";"26.884720 s"
"WRITE";"12230.0";"";"3871687698";"26.886720 s"
"WRITE";"12224.0";"";"3871975680";"26.888720 s"
"WRITE";"12217.0";"";"3872263661";"26.890720 s"
"WRITE";"12210.0";"";"3872551643";"26.892720 s"
"WRITE";"12203.0";"";"3872839624";"26.894720 s"
"WRITE";"12196.0";"";"3873127605";"26.896719 s"
"WRITE";"12189.0";"";"3873415587";"26.898719 s"
"WRITE";"12181.0";"";"3873703568";"26.900719 s"
"WRITE";"12173.0";"";"3873991550";"26.902719 s"
"WRITE";"12166.0";"";"3874279531";"26.904719 s"
"WRITE";"12158.0";"";"3874567512";"26.906719 s"
"WRITE";"12149.0";"";"3874855494";"26.908719 s"
"WRITE";"12141.0";"";"3875143475";"26.910719 s"
"WRITE";"12133.0";"";"3875431457";"26.912718 s"
"WRITE";"12124.0";"";"3875719438";"26.914718 s"
"WRITE";"12115.0";"";"3876007420";"26.916718 s"
"WRITE";"12106.0";"";"3876295401";"26.918718 s"
"WRITE";"12096.0";"";"3876583382";"26.920718 s"
"WRITE";"12086.0";"";"3876871364";"26.922718 s"
"WRITE";"12075.0";"";"3877159345";"26.924718 s"
"WRITE";"12064.0";"";"3877447327";"26.926718 s"
"WRITE";"12053.0";"";"3877735308";"26.928717 s"
"WRITE";"12041.0";"";"3878023290";"26.930717 s"
"WRITE";"12028.0";"";"3878311271";"26.932717 s"
"WRITE";"12016.0";"";"3878599252";"26.934717 s"
"WRITE";"12002.0";"";"3878887234";"26.936717 s"
"WRITE";"11989.0";"";"3879175215";"26.938717 s"
"WRITE";"11975.0";"";"3879463197";"26.940717 s"
"WRITE";"11961.0";"";"3879751178";"26.942717 s"
"WRITE";"11946.0";"";"3880039160";"26.944716 s"
"WRITE";"11932.0";"";"3880327141";"26.946716 s"
"WRITE";"11917.0";"";"3880615122";"26.948716 s"
"WRITE";"11902.0";"";"3880903104";"26.950716 s"
"WRITE";"11887.0";"";"3881191085";"26.952716 s"
"WRITE";"11871.0";"";"3881479067";"26.954716 s"
"WRITE";"11855.0";"";"3881767048";"26.956716 s"
"WRITE";"11840.0";"";"3882055029";"26.958715 s"
"WRITE";"11824.0";"";"3882343011";"26.960715 s"
"WRITE";"11808.0";"";"3882630992";"26.962715 s"
"WRITE";"11792.0";"";"3882918974";"26.964715 s"
"WRITE";"11775.0";"";"3883206955";"26.966715 s"
"WRITE";"11759.0";"";"3883494937";"26.968715 s"
"WRITE";"11743.0";"";"3883782918";"26.970715 s"
"WRITE";"11726.0";"";"3884070899";"26.972715 s"
"WRITE";"11711.0";"";"3884358881";"26.974714 s"
"WRITE";"11695.0";"";"3884646862";"26.976714 s"
"WRITE";"11680.0";"";"3884934844";"26.978714 s"
"WRITE";"11665.0";"";"3885222825";"26.980714 s"
"WRITE";"11650.0";"";"3885510807";"26.982714 s"
"WRITE";"11636.0";"";"3885798788";"26.984714 s"
"WRITE";"11622.0";"";"3886086769";"26.986714 s"
"WRITE";"11608.0";"";"3886374751";"26.988714 s"
"WRITE";"11595.0";"";"3886662732";"26.990713 s"
"WRITE";"11582.0";"";"3886950714";"26.992713 s"
"WRITE";"11570.0";"";"3887238695";"26.994713 s"
"WRITE";"11558.0";"";"3887526676";"26.996713 s"
"WRITE";"11546.0";"";"3887814658";"26.998713 s"
"WRITE";"11534.0";"";"3888102639";"27.000713 s"
"WRITE";"11523.0";"";"3888390621";"27.002713 s"
"WRITE";"11512.0";"";"3888678602";"27.004713 s"
"WRITE";"11501.0";"";"3888966584";"27.006712 s"
"WRITE";"11490.0";"";"3889257160";"27.008730 s"
"WRITE";"11479.0";"";"3889542546";"27.010712 s"
"WRITE";"11469.0";"";"3889830528";"27.012712 s"
"WRITE";"11458.0";"";"3890118509";"27.014712 s"
"WRITE";"11447.0";"";"3890406491";"27.016712 s"
"WRITE";"11436.0";"";"3890694472";"27.018712 s"
"WRITE";"11426.0";"";"3890982454";"27.020711 s"
"WRITE";"11414.0";"";"3891270435";"27.022711 s"
"WRITE";"11403.0";"";"3891558416";"27.024711 s"
"WRITE";"11392.0";"";"3891846398";"27.026711 s"
"WRITE";"11381.0";"";"3892134379";"27.028711 s"
"WRITE";"11370.0";"";"3892422361";"27.030711 s"
"WRITE";"11360.0";"";"3892710342";"27.032711 s"
"WRITE";"11349.0";"";"3892998323";"27.034711 s"
"WRITE";"11338.0";"";"3893286305";"27.036710 s"
"WRITE";"11327.0";"";"3893574286";"27.038710 s"
"WRITE";"11316.0";"";"3893862268";"27.040710 s"
"WRITE";"11305.0";"";"3894150249";"27.042710 s"
"WRITE";"11294.0";"";"3894438231";"27.044710 s"
"WRITE";"11283.0";"";"3894726212";"27.046710 s"
"WRITE";"11272.0";"";"3895014193";"27.048710 s"
"WRITE";"11261.0";"";"3895302175";"27.050710 s"
"WRITE";"11250.0";"";"3895590156";"27.052709 s"
"WRITE";"11239.0";"";"3895878138";"27.054709 s"
"WRITE";"11229.0";"";"3896166119";"27.056709 s"
"WRITE";"11218.0";"";"3896454101";"27.058709 s"
"WRITE";"11208.0";"";"3896742082";"27.060709 s"
"WRITE";"11197.0";"";"3897030063";"27.062709 s"
"WRITE";"11186.0";"";"3897318045";"27.064709 s"
"WRITE";"11176.0";"";"3897606026";"27.066709 s"
"WRITE";"11166.0";"";"3897894008";"27.068708 s"
"WRITE";"11155.0";"";"3898181989";"27.070708 s"
"WRITE";"11145.0";"";"3898469971";"27.072708 s"
"WRITE";"11135.0";"";"3898757952";"27.074708 s"
"WRITE";"11125.0";"";"3899045933";"27.076708 s"
"WRITE";"11115.0";"";"3899333915";"27.078708 s"
"WRITE";"11105.0";"";"3899621896";"27.080708 s"
"WRITE";"11095.0";"";"3899909878";"27.082707 s"
"WRITE";"11085.0";"";"3900197859";"27.084707 s"
"WRITE";"11075.0";"";"3900485840";"27.086707 s"
"WRITE";"11065.0";"";"3900773822";"27.088707 s"
"WRITE";"11055.0";"";"3901061803";"27.090707 s"
"WRITE";"11044.0";"";"3901349785";"27.092707 s"
"WRITE";"11033.0";"";"3901637766";"27.094707 s"
"WRITE";"11022.0";"";"3901925748";"27.096707 s"
"WRITE";"11011.0";"";"3902213729";"27.098706 s"
"WRITE";"11000.0";"";"3902501710";"27.100706 s"
"WRITE";"10989.0";"";"3902789692";"27.102706 s"
"WRITE";"10977.0";"";"3903077673";"27.104706 s"
"WRITE";"10965.0";"";"3903365655";"27.106706 s"
"WRITE";"10953.0";"";"3903653636";"27.108706 s"
"WRITE";"10941.0";"";"3903941618";"27.110706 s"
"WRITE";"10928.0";"";"3904229599";"27.112706 s"
"WRITE";"10916.0";"";"3904517580";"27.114705 s"
"WRITE";"10903.0";"";"3904805562";"27.116705 s"
"WRITE";"10890.0";"";"3905093543";"27.118705 s"
"WRITE";"10877.0";"";"3905381525";"27.120705 s"
"WRITE";"10863.0";"";"3905669506";"27.122705 s"
"WRITE";"10850.0";"";"3905957487";"27.124705 s"
"WRITE";"10836.0";"";"3906245469";"27.126705 s"
"WRITE";"10822.0";"";"3906533450";"27.128705 s"
"WRITE";"10808.0";"";"3906821432";"27.130704 s"
"WRITE";"10793.0";"";"3907109413";"27.132704 s"
"WRITE";"10778.0";"";"3907397395";"27.134704 s"
"WRITE";"10763.0";"";"3907685376";"27.136704 s"
"WRITE";"10747.0";"";"3907973357";"27.138704 s"
"WRITE";"10731.0";"";"3908261339";"27.140704 s"
"WRITE";"10715.0";"";"3908549320";"27.142704 s"
"WRITE";"10698.0";"";"3908837302";"27.144703 s"
"WRITE";"10680.0";"";"3909125283";"27.146703 s"
"WRITE";"10662.0";"";"3909413265";"27.148703 s"
"WRITE";"10643.0";"";"3909701246";"27.150703 s"
"WRITE";"10623.0";"";"3909989227";"27.152703 s"
"WRITE";"10603.0";"";"3910277209";"27.154703 s"
"WRITE";"10581.0";"";"3910565190";"27.156703 s"
"WRITE";"10560.0";"";"3910853172";"27.158703 s"
"WRITE";"10538.0";"";"3911141153";"27.160702 s"
"WRITE";"10516.0";"";"3911429134";"27.162702 s"
"WRITE";"10494.0";"";"3911717116";"27.164702 s"
"WRITE";"10473.0";"";"3912005097";"27.166702 s"
"WRITE";"10453.0";"";"3912293079";"27.168702 s"
"WRITE";"10434.0";"";"3912581060";"27.170702 s"
"WRITE";"10417.0";"";"3912869042";"27.172702 s"
"WRITE";"10401.0";"";"3913157023";"27.174702 s"
"WRITE";"10387.0";"";"3913445004";"27.176701 s"
"WRITE";"10374.0";"";"3913732986";"27.178701 s"
"WRITE";"10362.0";"";"3914020967";"27.180701 s"
"WRITE";"10351.0";"";"3914308949";"27.182701 s"
"WRITE";"10342.0";"";"3914596930";"27.184701 s"
"WRITE";"10333.0";"";"3914884912";"27.186701 s"
"WRITE";"10325.0";"";"3915172893";"27.188701 s"
"WRITE";"10317.0";"";"3915460874";"27.190701 s"
"WRITE";"10310.0";"";"3915748856";"27.192700 s"
"WRITE";"10303.0";"";"3916036837";"27.194700 s"
"WRITE";"10297.0";"";"3916324819";"27.196700 s"
"WRITE";"10290.0";"";"3916612800";"27.198700 s"
"WRITE";"10284.0";"";"3916900782";"27.200700 s"
"WRITE";"10278.0";"";"3917188763";"27.202700 s"
"WRITE";"10273.0";"";"3917476744";"27.204700 s"
"WRITE";"10267.0";"";"3917764726";"27.206699 s"
"WRITE";"10262.0";"";"3918052707";"27.208699 s"
"WRITE";"10257.0";"";"3918340689";"27.210699 s"
"WRITE";"10253.0";"";"3918628670";"27.212699 s"
"WRITE";"10248.0";"";"3918916651";"27.214699 s"
"WRITE";"10244.0";"";"3919204633";"27.216699 s"
"WRITE";"10240.0";"";"3919492614";"27.218699 s"
"WRITE";"10237.0";"";"3919780596";"27.220699 s"
"WRITE";"10233.0";"";"3920068577";"27.222698 s"
"WRITE";"10230.0";"";"3920356559";"27.224698 s"
"WRITE";"10226.0";"";"3920644540";"27.226698 s"
"WRITE";"10223.0";"";"3920932521";"27.228698 s"
"WRITE";"10220.0";"";"3921220503";"27.230698 s"
"WRITE";"10216.0";"";"3921508484";"27.232698 s"
"WRITE";"10213.0";"";"3921796466";"27.234698 s"
"WRITE";"10210.0";"";"3922084447";"27.236698 s"
"WRITE";"10207.0";"";"3922372429";"27.238697 s"
"WRITE";"10204.0";"";"3922660410";"27.240697 s"
"WRITE";"10200.0";"";"3922948391";"27.242697 s"
"WRITE";"10197.0";"";"3923236373";"27.244697 s"
"WRITE";"10194.0";"";"3923524354";"27.246697 s"
"WRITE";"10191.0";"";"3923812336";"27.248697 s"
"WRITE";"10188.0";"";"3924100317";"27.250697 s"
"WRITE";"10185.0";"";"3924388298";"27.252697 s"
"WRITE";"10182.0";"";"3924676280";"27.254696 s"
"WRITE";"10179.0";"";"3924964261";"27.256696 s"
"WRITE";"10176.0";"";"3925252243";"27.258696 s"
"WRITE";"10173.0";"";"3925540224";"27.260696 s"
"WRITE";"10169.0";"";"3925828206";"27.262696 s"
"WRITE";"10166.0";"";"3926116187";"27.264696 s"
"WRITE";"10163.0";"";"3926404168";"27.266696 s"
"WRITE";"10159.0";"";"3926692150";"27.268695 s"
"WRITE";"10156.0";"";"3926980131";"27.270695 s"
"WRITE";"10152.0";"";"3927268113";"27.272695 s"
"WRITE";"10149.0";"";"3927556094";"27.274695 s"
"WRITE";"10145.0";"";"3927844076";"27.276695 s"
"WRITE";"10141.0";"";"3928132057";"27.278695 s"
"WRITE";"10138.0";"";"3928420038";"27.280695 s"
"WRITE";"10134.0";"";"3928708020";"27.282695 s"
"WRITE";"10131.0";"";"3928996001";"27.284694 s"
"WRITE";"10128.0";"";"3929283983";"27.286694 s"
"WRITE";"10125.0";"";"3929571964";"27.288694 s"
"WRITE";"10122.0";"";"3929859945";"27.290694 s"
"WRITE";"10120.0";"";"3930147927";"27.292694 s"
"WRITE";"10118.0";"";"3930435908";"27.294694 s"
"WRITE";"10117.0";"";"3930723890";"27.296694 s"
"WRITE";"10116.0";"";"3931011871";"27.298694 s"
"WRITE";"10115.0";"";"3931299853";"27.300693 s"
"WRITE";"10114.0";"";"3931587834";"27.302693 s"
"WRITE";"10114.0";"";"3931875815";"27.304693 s"
"WRITE";"10114.0";"";"3932163797";"27.306693 s"
"WRITE";"10114.0";"";"3932451778";"27.308693 s"
"WRITE";"10115.0";"";"3932739760";"27.310693 s"
"WRITE";"10115.0";"";"3933027741";"27.312693 s"
"WRITE";"10116.0";"";"3933315723";"27.314693 s"
"WRITE";"10117.0";"";"3933603704";"27.316692 s"
"WRITE";"10118.0";"";"3933891685";"27.318692 s"
"WRITE";"10120.0";"";"3934179667";"27.320692 s"
"WRITE";"10121.0";"";"3934467648";"27.322692 s"
"WRITE";"10123.0";"";"3934755630";"27.324692 s"
"WRITE";"10124.0";"";"3935043611";"27.326692 s"
"WRITE";"10126.0";"";"3935331593";"27.328692 s"
"WRITE";"10127.0";"";"3935619574";"27.330691 s"
"WRITE";"10128.0";"";"3935907555";"27.332691 s"
"WRITE";"10128.0";"";"3936195537";"27.334691 s"
"WRITE";"10128.0";"";"3936483518";"27.336691 s"
"WRITE";"10128.0";"";"3936771500";"27.338691 s"
"WRITE";"10128.0";"";"3937059481";"27.340691 s"
"WRITE";"10128.0";"";"3937347462";"27.342691 s"
"WRITE";"10128.0";"";"3937635444";"27.344691 s"
"WRITE";"10128.0";"";"3937923425";"27.346690 s"
"WRITE";"10128.0";"";"3938211407";"27.348690 s"
"WRITE";"10128.0";"";"3938499388";"27.350690 s"
"WRITE";"10128.0";"";"3938787370";"27.352690 s"
"WRITE";"10128.0";"";"3939075351";"27.354690 s"
"WRITE";"10128.0";"";"3939363332";"27.356690 s"
"WRITE";"10128.0";"";"3939651314";"27.358690 s"
"WRITE";"10128.0";"";"3939939295";"27.360690 s"
"WRITE";"10128.0";"";"3940227277";"27.362689 s"
"WRITE";"10128.0";"";"3940515258";"27.364689 s"
"WRITE";"10128.0";"";"3940803240";"27.366689 s"
"WRITE";"10128.0";"";"3941091221";"27.368689 s"
"WRITE";"10128.0";"";"3941379202";"27.370689 s"
"WRITE";"10128.0";"";"3941667184";"27.372689 s"
"WRITE";"10128.0";"";"3941955165";"27.374689 s"
"WRITE";"10128.0";"";"3942243147";"27.376689 s"
"WRITE";"10128.0";"";"3942531128";"27.378688 s"
"WRITE";"10128.0";"";"3942819109";"27.380688 s"
"WRITE";"10128.0";"";"3943107091";"27.382688 s"
"WRITE";"10128.0";"";"3943395072";"27.384688 s"
"WRITE";"10128.0";"";"3943683054";"27.386688 s"
"WRITE";"10128.0";"";"3943971035";"27.388688 s"
"WRITE";"10128.0";"";"3944259017";"27.390688 s"
"WRITE";"10128.0";"";"3944546998";"27.392687 s"
"WRITE";"10128.0";"";"3944834979";"27.394687 s"
"WRITE";"10128.0";"";"3945122961";"27.396687 s"
"WRITE";"10128.0";"";"3945410942";"27.398687 s"
"WRITE";"10128.0";"";"3945698924";"27.400687 s"
"WRITE";"10128.0";"";"3945986905";"27.402687 s"
"WRITE";"10128.0";"";"3946274887";"27.404687 s"
"WRITE";"10128.0";"";"3946562868";"27.406687 s"
"WRITE";"10128.0";"";"3946850849";"27.408686 s"
"WRITE";"10128.0";"";"3947138831";"27.410686 s"
"WRITE";"10128.0";"";"3947426812";"27.412686 s"
"WRITE";"10128.0";"";"3947714794";"27.414686 s"
"WRITE";"10128.0";"";"3948002775";"27.416686 s"
"WRITE";"10128.0";"";"3948290756";"27.418686 s"
"WRITE";"10128.0";"";"3948578738";"27.420686 s"
"WRITE";"10128.0";"";"3948866719";"27.422686 s"
"WRITE";"10128.0";"";"3949154701";"27.424685 s"
"WRITE";"10128.0";"";"3949442682";"27.426685 s"
"WRITE";"10128.0";"";"3949730664";"27.428685 s"
"WRITE";"10128.0";"";"3950018645";"27.430685 s"
"WRITE";"10128.0";"";"3950306626";"27.432685 s"
"WRITE";"10128.0";"";"3950594608";"27.434685 s"
"WRITE";"10128.0";"";"3950882589";"27.436685 s"
"WRITE";"10128.0";"";"3951170571";"27.438685 s"
"WRITE";"10128.0";"";"3951458552";"27.440684 s"
"WRITE";"10128.0";"";"3951746534";"27.442684 s"
"WRITE";"10128.0";"";"3952034515";"27.444684 s"
"WRITE";"10128.0";"";"3952322496";"27.446684 s"
"WRITE";"10128.0";"";"3952610478";"27.448684 s"
"WRITE";"10128.0";"";"3952898459";"27.450684 s"
"WRITE";"10128.0";"";"3953186441";"27.452684 s"
"WRITE";"10128.0";"";"3953474422";"27.454683 s"
"WRITE";"10128.0";"";"3953762404";"27.456683 s"
"WRITE";"10128.0";"";"3954050385";"27.458683 s"
"WRITE";"10128.0";"";"3954338366";"27.460683 s"
"WRITE";"10128.0";"";"3954626348";"27.462683 s"
"WRITE";"10128.0";"";"3954914329";"27.464683 s"
"WRITE";"10128.0";"";"3955202311";"27.466683 s"
"WRITE";"10128.0";"";"3955490292";"27.468683 s"
"WRITE";"10128.0";"";"3955778273";"27.470682 s"
"WRITE";"10128.0";"";"3956066255";"27.472682 s"
"WRITE";"10128.0";"";"3956354236";"27.474682 s"
"WRITE";"10128.0";"";"3956642218";"27.476682 s"
"WRITE";"10128.0";"";"3956930199";"27.478682 s"
"WRITE";"10128.0";"";"3957218181";"27.480682 s"
"WRITE";"10128.0";"";"3957506162";"27.482682 s"
"WRITE";"10128.0";"";"3957794143";"27.484682 s"
"WRITE";"10128.0";"";"3958082125";"27.486681 s"
"WRITE";"10128.0";"";"3958370106";"27.488681 s"
"WRITE";"10128.0";"";"3958658088";"27.490681 s"
"WRITE";"10128.0";"";"3958946069";"27.492681 s"
"WRITE";"10128.0";"";"3959234051";"27.494681 s"
"WRITE";"10128.0";"";"3959522032";"27.496681 s"
"WRITE";"10128.0";"";"3959810013";"27.498681 s"
"WRITE";"10128.0";"";"3960097995";"27.500681 s"
"WRITE";"10128.0";"";"3960385976";"27.502680 s"
"WRITE";"10128.0";"";"3960673958";"27.504680 s"
"WRITE";"10128.0";"";"3960961939";"27.506680 s"
"WRITE";"10128.0";"";"3961252515";"27.508698 s"
"WRITE";"10128.0";"";"3961537902";"27.510680 s"
"WRITE";"10128.0";"";"3961825883";"27.512680 s"
"WRITE";"10128.0";"";"3962113865";"27.514680 s"
"WRITE";"10128.0";"";"3962401846";"27.516679 s"
"WRITE";"10128.0";"";"3962689828";"27.518679 s"
"WRITE";"10128.0";"";"3962977809";"27.520679 s"
"WRITE";"10128.0";"";"3963265790";"27.522679 s"
"WRITE";"10128.0";"";"3963553772";"27.524679 s"
"WRITE";"10128.0";"";"3963841753";"27.526679 s"
"WRITE";"10128.0";"";"3964129735";"27.528679 s"
"WRITE";"10128.0";"";"3964417716";"27.530679 s"
"WRITE";"10128.0";"";"3964705698";"27.532678 s"
"WRITE";"10128.0";"";"3964993679";"27.534678 s"
"WRITE";"10128.0";"";"3965281660";"27.536678 s"
"WRITE";"10128.0";"";"3965569642";"27.538678 s"
"WRITE";"10128.0";"";"3965857623";"27.540678 s"
"WRITE";"10128.0";"";"3966145605";"27.542678 s"
"WRITE";"10128.0";"";"3966433586";"27.544678 s"
"WRITE";"10128.0";"";"3966721567";"27.546678 s"
"WRITE";"10128.0";"";"3967009549";"27.548677 s"
"WRITE";"10128.0";"";"3967297530";"27.550677 s"
"WRITE";"10128.0";"";"3967585512";"27.552677 s"
"WRITE";"10128.0";"";"3967873493";"27.554677 s"
"WRITE";"10128.0";"";"3968161475";"27.556677 s"
"WRITE";"10128.0";"";"3968449456";"27.558677 s"
"WRITE";"10128.0";"";"3968737437";"27.560677 s"
"WRITE";"10128.0";"";"3969025419";"27.562677 s"
"WRITE";"10128.0";"";"3969313400";"27.564676 s"
"WRITE";"10128.0";"";"3969601382";"27.566676 s"
"WRITE";"10128.0";"";"3969889363";"27.568676 s"
"WRITE";"10128.0";"";"3970177345";"27.570676 s"
"WRITE";"10128.0";"";"3970465326";"27.572676 s"
"WRITE";"10128.0";"";"3970753307";"27.574676 s"
"WRITE";"10128.0";"";"3971041289";"27.576676 s"
"WRITE";"10128.0";"";"3971329270";"27.578675 s"
"WRITE";"10128.0";"";"3971617252";"27.580675 s"
"WRITE";"10128.0";"";"3971905233";"27.582675 s"
"WRITE";"10128.0";"";"3972193215";"27.584675 s"
"WRITE";"10128.0";"";"3972481196";"27.586675 s"
"WRITE";"10128.0";"";"3972769177";"27.588675 s"
"WRITE";"10128.0";"";"3973057159";"27.590675 s"
"WRITE";"10128.0";"";"3973345140";"27.592675 s"
"WRITE";"10128.0";"";"3973633122";"27.594674 s"
"WRITE";"10128.0";"";"3973921103";"27.596674 s"
"WRITE";"10128.0";"";"3974209084";"27.598674 s"
"WRITE";"10128.0";"";"3974497066";"27.600674 s"
"WRITE";"10128.0";"";"3974785047";"27.602674 s"
"WRITE";"10128.0";"";"3975073029";"27.604674 s"
"WRITE";"10128.0";"";"3975361010";"27.606674 s"
"WRITE";"10128.0";"";"3975648992";"27.608674 s"
"WRITE";"10128.0";"";"3975936973";"27.610673 s"
"WRITE";"10128.0";"";"3976224954";"27.612673 s"
"WRITE";"10128.0";"";"3976512936";"27.614673 s"
"WRITE";"10128.0";"";"3976800917";"27.616673 s"
"WRITE";"10128.0";"";"3977088899";"27.618673 s"
"WRITE";"10128.0";"";"3977376880";"27.620673 s"
"WRITE";"10128.0";"";"3977664862";"27.622673 s"
"WRITE";"10128.0";"";"3977952843";"27.624673 s"
"WRITE";"10128.0";"";"3978240824";"27.626672 s"
"WRITE";"10128.0";"";"3978528806";"27.628672 s"
"WRITE";"10128.0";"";"3978816787";"27.630672 s"
"WRITE";"10128.0";"";"3979104769";"27.632672 s"
"WRITE";"10128.0";"";"3979392750";"27.634672 s"
"WRITE";"10128.0";"";"3979680731";"27.636672 s"
"WRITE";"10128.0";"";"3979968713";"27.638672 s"
"WRITE";"10128.0";"";"3980256694";"27.640671 s"
"WRITE";"10128.0";"";"3980544676";"27.642671 s"
"WRITE";"10128.0";"";"3980832657";"27.644671 s"
"WRITE";"10128.0";"";"3981120639";"27.646671 s"
"WRITE";"10128.0";"";"3981408620";"27.648671 s"
"WRITE";"10128.0";"";"3981696601";"27.650671 s"
"WRITE";"10128.0";"";"3981984583";"27.652671 s"
"WRITE";"10128.0";"";"3982272564";"27.654671 s"
"WRITE";"10128.0";"";"3982560546";"27.656670 s"
"WRITE";"10128.0";"";"3982848527";"27.658670 s"
"WRITE";"10128.0";"";"3983136509";"27.660670 s"
"WRITE";"10128.0";"";"3983424490";"27.662670 s"
"WRITE";"10128.0";"";"3983712471";"27.664670 s"
"WRITE";"10128.0";"";"3984000453";"27.666670 s"
"WRITE";"10128.0";"";"3984288434";"27.668670 s"
"WRITE";"10128.0";"";"3984576416";"27.670670 s"
"WRITE";"10128.0";"";"3984864397";"27.672669 s"
"WRITE";"10128.0";"";"3985152378";"27.674669 s"
"WRITE";"10127.0";"";"3985440360";"27.676669 s"
"WRITE";"10127.0";"";"3985728341";"27.678669 s"
"WRITE";"10127.0";"";"3986016323";"27.680669 s"
"WRITE";"10127.0";"";"3986304304";"27.682669 s"
"WRITE";"10127.0";"";"3986592286";"27.684669 s"
"WRITE";"10127.0";"";"3986880267";"27.686669 s"
"WRITE";"10127.0";"";"3987168248";"27.688668 s"
"WRITE";"10127.0";"";"3987456230";"27.690668 s"
"WRITE";"10127.0";"";"3987744211";"27.692668 s"
"WRITE";"10127.0";"";"3988032193";"27.694668 s"
"WRITE";"10127.0";"";"3988320174";"27.696668 s"
"WRITE";"10127.0";"";"3988608156";"27.698668 s"
"WRITE";"10127.0";"";"3988896137";"27.700668 s"
"WRITE";"10127.0";"";"3989184118";"27.702667 s"
"WRITE";"10127.0";"";"3989472100";"27.704667 s"
"WRITE";"10127.0";"";"3989760081";"27.706667 s"
"WRITE";"10127.0";"";"3990048063";"27.708667 s"
"WRITE";"10127.0";"";"3990336044";"27.710667 s"
"WRITE";"10127.0";"";"3990624026";"27.712667 s"
"WRITE";"10127.0";"";"3990912007";"27.714667 s"
"WRITE";"10127.0";"";"3991199988";"27.716667 s"
"WRITE";"10127.0";"";"3991487970";"27.718666 s"
"WRITE";"10127.0";"";"3991775951";"27.720666 s"
"WRITE";"10127.0";"";"3992063933";"27.722666 s"
"WRITE";"10127.0";"";"3992351914";"27.724666 s"
"WRITE";"10127.0";"";"3992639895";"27.726666 s"
"WRITE";"10127.0";"";"3992927877";"27.728666 s"
"WRITE";"10127.0";"";"3993215858";"27.730666 s"
"WRITE";"10127.0";"";"3993503840";"27.732666 s"
"WRITE";"10127.0";"";"3993791821";"27.734665 s"
"WRITE";"10127.0";"";"3994079803";"27.736665 s"
"WRITE";"10127.0";"";"3994367784";"27.738665 s"
"WRITE";"10126.0";"";"3994655765";"27.740665 s"
"WRITE";"10126.0";"";"3994943747";"27.742665 s"
"WRITE";"10126.0";"";"3995231728";"27.744665 s"
"WRITE";"10125.0";"";"3995519710";"27.746665 s"
"WRITE";"10125.0";"";"3995807691";"27.748665 s"
"WRITE";"10125.0";"";"3996095673";"27.750664 s"
"WRITE";"10124.0";"";"3996383654";"27.752664 s"
"WRITE";"10124.0";"";"3996671635";"27.754664 s"
"WRITE";"10123.0";"";"3996959617";"27.756664 s"
"WRITE";"10123.0";"";"3997247598";"27.758664 s"
"WRITE";"10123.0";"";"3997535580";"27.760664 s"
"WRITE";"10122.0";"";"3997823561";"27.762664 s"
"WRITE";"10122.0";"";"3998111542";"27.764663 s"
"WRITE";"10121.0";"";"3998399524";"27.766663 s"
"WRITE";"10120.0";"";"3998687505";"27.768663 s"
"WRITE";"10120.0";"";"3998975487";"27.770663 s"
"WRITE";"10119.0";"";"3999263468";"27.772663 s"
"WRITE";"10118.0";"";"3999551450";"27.774663 s"
"WRITE";"10117.0";"";"3999839431";"27.776663 s"
"WRITE";"10116.0";"";"4000127412";"27.778663 s"
"WRITE";"10115.0";"";"4000415394";"27.780662 s"
"WRITE";"10113.0";"";"4000703375";"27.782662 s"
"WRITE";"10112.0";"";"4000991357";"27.784662 s"
"WRITE";"10111.0";"";"4001279338";"27.786662 s"
"WRITE";"10109.0";"";"4001567320";"27.788662 s"
"WRITE";"10107.0";"";"4001855301";"27.790662 s"
"WRITE";"10105.0";"";"4002143282";"27.792662 s"
"WRITE";"10103.0";"";"4002431264";"27.794662 s"
"WRITE";"10101.0";"";"4002719245";"27.796661 s"
"WRITE";"10098.0";"";"4003007227";"27.798661 s"
"WRITE";"10095.0";"";"4003295208";"27.800661 s"
"WRITE";"10092.0";"";"4003583189";"27.802661 s"
"WRITE";"10089.0";"";"4003871171";"27.804661 s"
"WRITE";"10085.0";"";"4004159152";"27.806661 s"
"WRITE";"10081.0";"";"4004447134";"27.808661 s"
"WRITE";"10077.0";"";"4004735115";"27.810661 s"
"WRITE";"10073.0";"";"4005023097";"27.812660 s"
"WRITE";"10068.0";"";"4005311078";"27.814660 s"
"WRITE";"10064.0";"";"4005599059";"27.816660 s"
"WRITE";"10058.0";"";"4005887041";"27.818660 s"
"WRITE";"10053.0";"";"4006175022";"27.820660 s"
"WRITE";"10047.0";"";"4006463004";"27.822660 s"
"WRITE";"10042.0";"";"4006750985";"27.824660 s"
"WRITE";"10036.0";"";"4007038967";"27.826659 s"
"WRITE";"10029.0";"";"4007326948";"27.828659 s"
"WRITE";"10023.0";"";"4007614929";"27.830659 s"
"WRITE";"10017.0";"";"4007902911";"27.832659 s"
"WRITE";"10010.0";"";"4008190892";"27.834659 s"
"WRITE";"10004.0";"";"4008478874";"27.836659 s"
"WRITE";"9997.0";"";"4008766855";"27.838659 s"
"WRITE";"9990.0";"";"4009054837";"27.840659 s"
"WRITE";"9984.0";"";"4009342818";"27.842658 s"
"WRITE";"9977.0";"";"4009630799";"27.844658 s"
"WRITE";"9971.0";"";"4009918781";"27.846658 s"
"WRITE";"9965.0";"";"4010206762";"27.848658 s"
"WRITE";"9958.0";"";"4010494744";"27.850658 s"
"WRITE";"9952.0";"";"4010782725";"27.852658 s"
"WRITE";"9945.0";"";"4011070706";"27.854658 s"
"WRITE";"9939.0";"";"4011358688";"27.856658 s"
"WRITE";"9932.0";"";"4011646669";"27.858657 s"
"WRITE";"9926.0";"";"4011934651";"27.860657 s"
"WRITE";"9919.0";"";"4012222632";"27.862657 s"
"WRITE";"9912.0";"";"4012510614";"27.864657 s"
"WRITE";"9905.0";"";"4012798595";"27.866657 s"
"WRITE";"9898.0";"";"4013086576";"27.868657 s"
"WRITE";"9890.0";"";"4013374558";"27.870657 s"
"WRITE";"9883.0";"";"4013662539";"27.872657 s"
"WRITE";"9876.0";"";"4013950521";"27.874656 s"
"WRITE";"9868.0";"";"4014238502";"27.876656 s"
"WRITE";"9860.0";"";"4014526484";"27.878656 s"
"WRITE";"9853.0";"";"4014814465";"27.880656 s"
"WRITE";"9845.0";"";"4015102446";"27.882656 s"
"WRITE";"9838.0";"";"4015390428";"27.884656 s"
"WRITE";"9830.0";"";"4015678409";"27.886656 s"
"WRITE";"9823.0";"";"4015966391";"27.888655 s"
"WRITE";"9816.0";"";"4016254372";"27.890655 s"
"WRITE";"9809.0";"";"4016542353";"27.892655 s"
"WRITE";"9801.0";"";"4016830335";"27.894655 s"
"WRITE";"9794.0";"";"4017118316";"27.896655 s"
"WRITE";"9787.0";"";"4017406298";"27.898655 s"
"WRITE";"9781.0";"";"4017694279";"27.900655 s"
"WRITE";"9774.0";"";"4017982261";"27.902655 s"
"WRITE";"9768.0";"";"4018270242";"27.904654 s"
"WRITE";"9761.0";"";"4018558223";"27.906654 s"
"WRITE";"9755.0";"";"4018846205";"27.908654 s"
"WRITE";"9750.0";"";"4019134186";"27.910654 s"
"WRITE";"9744.0";"";"4019422168";"27.912654 s"
"WRITE";"9738.0";"";"4019710149";"27.914654 s"
"WRITE";"9732.0";"";"4019998131";"27.916654 s"
"WRITE";"9726.0";"";"4020286112";"27.918654 s"
"WRITE";"9720.0";"";"4020574093";"27.920653 s"
"WRITE";"9714.0";"";"4020862075";"27.922653 s"
"WRITE";"9707.0";"";"4021150056";"27.924653 s"
"WRITE";"9700.0";"";"4021438038";"27.926653 s"
"WRITE";"9693.0";"";"4021726019";"27.928653 s"
"WRITE";"9686.0";"";"4022014000";"27.930653 s"
"WRITE";"9679.0";"";"4022301982";"27.932653 s"
"WRITE";"9671.0";"";"4022589963";"27.934653 s"
"WRITE";"9663.0";"";"4022877945";"27.936652 s"
"WRITE";"9655.0";"";"4023165926";"27.938652 s"
"WRITE";"9647.0";"";"4023453908";"27.940652 s"
"WRITE";"9639.0";"";"4023741889";"27.942652 s"
"WRITE";"9630.0";"";"4024029870";"27.944652 s"
"WRITE";"9622.0";"";"4024317852";"27.946652 s"
"WRITE";"9614.0";"";"4024605833";"27.948652 s"
"WRITE";"9606.0";"";"4024893815";"27.950651 s"
"WRITE";"9598.0";"";"4025181796";"27.952651 s"
"WRITE";"9590.0";"";"4025469778";"27.954651 s"
"WRITE";"9581.0";"";"4025757759";"27.956651 s"
"WRITE";"9573.0";"";"4026045740";"27.958651 s"
"WRITE";"9565.0";"";"4026333722";"27.960651 s"
"WRITE";"9557.0";"";"4026621703";"27.962651 s"
"WRITE";"9548.0";"";"4026909685";"27.964651 s"
"WRITE";"9540.0";"";"4027197666";"27.966650 s"
"WRITE";"9532.0";"";"4027485648";"27.968650 s"
"WRITE";"9524.0";"";"4027773629";"27.970650 s"
"WRITE";"9516.0";"";"4028061610";"27.972650 s"
"WRITE";"9508.0";"";"4028349592";"27.974650 s"
"WRITE";"9500.0";"";"4028637573";"27.976650 s"
"WRITE";"9492.0";"";"4028925555";"27.978650 s"
"WRITE";"9485.0";"";"4029213536";"27.980650 s"
"WRITE";"9477.0";"";"4029501517";"27.982649 s"
"WRITE";"9470.0";"";"4029789499";"27.984649 s"
"WRITE";"9462.0";"";"4030077480";"27.986649 s"
"WRITE";"9455.0";"";"4030365462";"27.988649 s"
"WRITE";"9448.0";"";"4030653443";"27.990649 s"
"WRITE";"9440.0";"";"4030941425";"27.992649 s"
"WRITE";"9433.0";"";"4031229406";"27.994649 s"
"WRITE";"9426.0";"";"4031517387";"27.996649 s"
"WRITE";"9418.0";"";"4031805369";"27.998648 s"
"WRITE";"9410.0";"";"4032093350";"28.000648 s"
"WRITE";"9402.0";"";"4032381332";"28.002648 s"
"WRITE";"9394.0";"";"4032669313";"28.004648 s"
"WRITE";"9385.0";"";"4032957295";"28.006648 s"
"WRITE";"9377.0";"";"4033247871";"28.008666 s"
"WRITE";"9368.0";"";"4033533257";"28.010648 s"
"WRITE";"9359.0";"";"4033821239";"28.012647 s"
"WRITE";"9350.0";"";"4034109220";"28.014647 s"
"WRITE";"9342.0";"";"4034397202";"28.016647 s"
"WRITE";"9333.0";"";"4034685183";"28.018647 s"
"WRITE";"9324.0";"";"4034973164";"28.020647 s"
"WRITE";"9316.0";"";"4035261146";"28.022647 s"
"WRITE";"9307.0";"";"4035549127";"28.024647 s"
"WRITE";"9298.0";"";"4035837109";"28.026647 s"
"WRITE";"9290.0";"";"4036125090";"28.028646 s"
"WRITE";"9281.0";"";"4036413072";"28.030646 s"
"WRITE";"9273.0";"";"4036701053";"28.032646 s"
"WRITE";"9264.0";"";"4036989034";"28.034646 s"
"WRITE";"9255.0";"";"4037277016";"28.036646 s"
"WRITE";"9246.0";"";"4037564997";"28.038646 s"
"WRITE";"9238.0";"";"4037852979";"28.040646 s"
"WRITE";"9229.0";"";"4038140960";"28.042646 s"
"WRITE";"9220.0";"";"4038428942";"28.044645 s"
"WRITE";"9211.0";"";"4038716923";"28.046645 s"
"WRITE";"9202.0";"";"4039004904";"28.048645 s"
"WRITE";"9193.0";"";"4039292886";"28.050645 s"
"WRITE";"9184.0";"";"4039580867";"28.052645 s"
"WRITE";"9175.0";"";"4039868849";"28.054645 s"
"WRITE";"9166.0";"";"4040156830";"28.056645 s"
"WRITE";"9156.0";"";"4040444811";"28.058645 s"
"WRITE";"9147.0";"";"4040732793";"28.060644 s"
"WRITE";"9137.0";"";"4041020774";"28.062644 s"
"WRITE";"9127.0";"";"4041308756";"28.064644 s"
"WRITE";"9117.0";"";"4041596737";"28.066644 s"
"WRITE";"9107.0";"";"4041884719";"28.068644 s"
"WRITE";"9097.0";"";"4042172700";"28.070644 s"
"WRITE";"9086.0";"";"4042460681";"28.072644 s"
"WRITE";"9076.0";"";"4042748663";"28.074643 s"
"WRITE";"9065.0";"";"4043036644";"28.076643 s"
"WRITE";"9055.0";"";"4043324626";"28.078643 s"
"WRITE";"9044.0";"";"4043612607";"28.080643 s"
"WRITE";"9033.0";"";"4043900589";"28.082643 s"
"WRITE";"9022.0";"";"4044188570";"28.084643 s"
"WRITE";"9011.0";"";"4044476551";"28.086643 s"
"WRITE";"9000.0";"";"4044764533";"28.088643 s"
"WRITE";"8989.0";"";"4045052514";"28.090642 s"
"WRITE";"8978.0";"";"4045340496";"28.092642 s"
"WRITE";"8966.0";"";"4045628477";"28.094642 s"
"WRITE";"8955.0";"";"4045916459";"28.096642 s"
"WRITE";"8943.0";"";"4046204440";"28.098642 s"
"WRITE";"8931.0";"";"4046492421";"28.100642 s"
"WRITE";"8919.0";"";"4046780403";"28.102642 s"
"WRITE";"8907.0";"";"4047068384";"28.104642 s"
"WRITE";"8894.0";"";"4047356366";"28.106641 s"
"WRITE";"8882.0";"";"4047644347";"28.108641 s"
"WRITE";"8870.0";"";"4047932328";"28.110641 s"
"WRITE";"8857.0";"";"4048220310";"28.112641 s"
"WRITE";"8845.0";"";"4048508291";"28.114641 s"
"WRITE";"8833.0";"";"4048796273";"28.116641 s"
"WRITE";"8820.0";"";"4049084254";"28.118641 s"
"WRITE";"8807.0";"";"4049372236";"28.120641 s"
"WRITE";"8794.0";"";"4049660217";"28.122640 s"
"WRITE";"8780.0";"";"4049948198";"28.124640 s"
"WRITE";"8767.0";"";"4050236180";"28.126640 s"
"WRITE";"8753.0";"";"4050524161";"28.128640 s"
"WRITE";"8739.0";"";"4050812143";"28.130640 s"
"WRITE";"8725.0";"";"4051100124";"28.132640 s"
"WRITE";"8711.0";"";"4051388106";"28.134640 s"
"WRITE";"8698.0";"";"4051676087";"28.136639 s"
"WRITE";"8684.0";"";"4051964068";"28.138639 s"
"WRITE";"8670.0";"";"4052252050";"28.140639 s"
"WRITE";"8655.0";"";"4052540031";"28.142639 s"
"WRITE";"8641.0";"";"4052828013";"28.144639 s"
"WRITE";"8627.0";"";"4053115994";"28.146639 s"
"WRITE";"8613.0";"";"4053403975";"28.148639 s"
"WRITE";"8599.0";"";"4053691957";"28.150639 s"
"WRITE";"8586.0";"";"4053979938";"28.152638 s"
"WRITE";"8572.0";"";"4054267920";"28.154638 s"
"WRITE";"8560.0";"";"4054555901";"28.156638 s"
"WRITE";"8548.0";"";"4054843883";"28.158638 s"
"WRITE";"8537.0";"";"4055131864";"28.160638 s"
"WRITE";"8526.0";"";"4055419845";"28.162638 s"
"WRITE";"8516.0";"";"4055707827";"28.164638 s"
"WRITE";"8507.0";"";"4055995808";"28.166638 s"
"WRITE";"8499.0";"";"4056283790";"28.168637 s"
"WRITE";"8490.0";"";"4056571771";"28.170637 s"
"WRITE";"8483.0";"";"4056859753";"28.172637 s"
"WRITE";"8475.0";"";"4057147734";"28.174637 s"
"WRITE";"8468.0";"";"4057435715";"28.176637 s"
"WRITE";"8462.0";"";"4057723697";"28.178637 s"
"WRITE";"8455.0";"";"4058011678";"28.180637 s"
"WRITE";"8449.0";"";"4058299660";"28.182637 s"
"WRITE";"8443.0";"";"4058587641";"28.184636 s"
"WRITE";"8437.0";"";"4058875622";"28.186636 s"
"WRITE";"8432.0";"";"4059163604";"28.188636 s"
"WRITE";"8426.0";"";"4059451585";"28.190636 s"
"WRITE";"8420.0";"";"4059739567";"28.192636 s"
"WRITE";"8415.0";"";"4060027548";"28.194636 s"
"WRITE";"8409.0";"";"4060315530";"28.196636 s"
"WRITE";"8404.0";"";"4060603511";"28.198635 s"
"WRITE";"8399.0";"";"4060891492";"28.200635 s"
"WRITE";"8394.0";"";"4061179474";"28.202635 s"
"WRITE";"8389.0";"";"4061467455";"28.204635 s"
"WRITE";"8384.0";"";"4061755437";"28.206635 s"
"WRITE";"8379.0";"";"4062043418";"28.208635 s"
"WRITE";"8375.0";"";"4062331400";"28.210635 s"
"WRITE";"8371.0";"";"4062619381";"28.212635 s"
"WRITE";"8367.0";"";"4062907362";"28.214634 s"
"WRITE";"8363.0";"";"4063195344";"28.216634 s"
"WRITE";"8359.0";"";"4063483325";"28.218634 s"
"WRITE";"8355.0";"";"4063771307";"28.220634 s"
"WRITE";"8351.0";"";"4064059288";"28.222634 s"
"WRITE";"8348.0";"";"4064347270";"28.224634 s"
"WRITE";"8344.0";"";"4064635251";"28.226634 s"
"WRITE";"8340.0";"";"4064923232";"28.228634 s"
"WRITE";"8337.0";"";"4065211214";"28.230633 s"
"WRITE";"8333.0";"";"4065499195";"28.232633 s"
"WRITE";"8329.0";"";"4065787177";"28.234633 s"
"WRITE";"8326.0";"";"4066075158";"28.236633 s"
"WRITE";"8322.0";"";"4066363139";"28.238633 s"
"WRITE";"8318.0";"";"4066651121";"28.240633 s"
"WRITE";"8314.0";"";"4066939102";"28.242633 s"
"WRITE";"8310.0";"";"4067227084";"28.244633 s"
"WRITE";"8305.0";"";"4067515065";"28.246632 s"
"WRITE";"8301.0";"";"4067803047";"28.248632 s"
"WRITE";"8297.0";"";"4068091028";"28.250632 s"
"WRITE";"8292.0";"";"4068379009";"28.252632 s"
"WRITE";"8288.0";"";"4068666991";"28.254632 s"
"WRITE";"8283.0";"";"4068954972";"28.256632 s"
"WRITE";"8279.0";"";"4069242954";"28.258632 s"
"WRITE";"8274.0";"";"4069530935";"28.260631 s"
"WRITE";"8269.0";"";"4069818917";"28.262631 s"
"WRITE";"8264.0";"";"4070106898";"28.264631 s"
"WRITE";"8260.0";"";"4070394879";"28.266631 s"
"WRITE";"8255.0";"";"4070682861";"28.268631 s"
"WRITE";"8250.0";"";"4070970842";"28.270631 s"
"WRITE";"8246.0";"";"4071258824";"28.272631 s"
"WRITE";"8241.0";"";"4071546805";"28.274631 s"
"WRITE";"8237.0";"";"4071834786";"28.276630 s"
"WRITE";"8232.0";"";"4072122768";"28.278630 s"
"WRITE";"8228.0";"";"4072410749";"28.280630 s"
"WRITE";"8224.0";"";"4072698731";"28.282630 s"
"WRITE";"8220.0";"";"4072986712";"28.284630 s"
"WRITE";"8216.0";"";"4073274694";"28.286630 s"
"WRITE";"8212.0";"";"4073562675";"28.288630 s"
"WRITE";"8208.0";"";"4073850656";"28.290630 s"
"WRITE";"8204.0";"";"4074138638";"28.292629 s"
"WRITE";"8201.0";"";"4074426619";"28.294629 s"
"WRITE";"8197.0";"";"4074714601";"28.296629 s"
"WRITE";"8193.0";"";"4075002582";"28.298629 s"
"WRITE";"8189.0";"";"4075290564";"28.300629 s"
"WRITE";"8186.0";"";"4075578545";"28.302629 s"
"WRITE";"8182.0";"";"4075866526";"28.304629 s"
"WRITE";"8178.0";"";"4076154508";"28.306629 s"
"WRITE";"8174.0";"";"4076442489";"28.308628 s"
"WRITE";"8170.0";"";"4076730471";"28.310628 s"
"WRITE";"8166.0";"";"4077018452";"28.312628 s"
"WRITE";"8162.0";"";"4077306433";"28.314628 s"
"WRITE";"8159.0";"";"4077594415";"28.316628 s"
"WRITE";"8155.0";"";"4077882396";"28.318628 s"
"WRITE";"8151.0";"";"4078170378";"28.320628 s"
"WRITE";"8148.0";"";"4078458359";"28.322627 s"
"WRITE";"8144.0";"";"4078746341";"28.324627 s"
"WRITE";"8141.0";"";"4079034322";"28.326627 s"
"WRITE";"8137.0";"";"4079322303";"28.328627 s"
"WRITE";"8134.0";"";"4079610285";"28.330627 s"
"WRITE";"8131.0";"";"4079898266";"28.332627 s"
"WRITE";"8127.0";"";"4080186248";"28.334627 s"
"WRITE";"8124.0";"";"4080474229";"28.336627 s"
"WRITE";"8121.0";"";"4080762211";"28.338626 s"
"WRITE";"8118.0";"";"4081050192";"28.340626 s"
"WRITE";"8115.0";"";"4081338173";"28.342626 s"
"WRITE";"8112.0";"";"4081626155";"28.344626 s"
"WRITE";"8109.0";"";"4081914136";"28.346626 s"
"WRITE";"8105.0";"";"4082202118";"28.348626 s"
"WRITE";"8102.0";"";"4082490099";"28.350626 s"
"WRITE";"8099.0";"";"4082778081";"28.352626 s"
"WRITE";"8096.0";"";"4083066062";"28.354625 s"
"WRITE";"8093.0";"";"4083354043";"28.356625 s"
"WRITE";"8090.0";"";"4083642025";"28.358625 s"
"WRITE";"8087.0";"";"4083930006";"28.360625 s"
"WRITE";"8084.0";"";"4084217988";"28.362625 s"
"WRITE";"8081.0";"";"4084505969";"28.364625 s"
"WRITE";"8078.0";"";"4084793950";"28.366625 s"
"WRITE";"8076.0";"";"4085081932";"28.368625 s"
"WRITE";"8073.0";"";"4085369913";"28.370624 s"
"WRITE";"8070.0";"";"4085657895";"28.372624 s"
"WRITE";"8067.0";"";"4085945876";"28.374624 s"
"WRITE";"8064.0";"";"4086233858";"28.376624 s"
"WRITE";"8062.0";"";"4086521839";"28.378624 s"
"WRITE";"8059.0";"";"4086809820";"28.380624 s"
"WRITE";"8057.0";"";"4087097802";"28.382624 s"
"WRITE";"8054.0";"";"4087385783";"28.384623 s"
"WRITE";"8052.0";"";"4087673765";"28.386623 s"
"WRITE";"8049.0";"";"4087961746";"28.388623 s"
"WRITE";"8047.0";"";"4088249728";"28.390623 s"
"WRITE";"8044.0";"";"4088537709";"28.392623 s"
"WRITE";"8042.0";"";"4088825690";"28.394623 s"
"WRITE";"8039.0";"";"4089113672";"28.396623 s"
"WRITE";"8037.0";"";"4089401653";"28.398623 s"
"WRITE";"8035.0";"";"4089689635";"28.400622 s"
"WRITE";"8032.0";"";"4089977616";"28.402622 s"
"WRITE";"8030.0";"";"4090265597";"28.404622 s"
"WRITE";"8028.0";"";"4090553579";"28.406622 s"
"WRITE";"8026.0";"";"4090841560";"28.408622 s"
"WRITE";"8024.0";"";"4091129542";"28.410622 s"
"WRITE";"8022.0";"";"4091417523";"28.412622 s"
"WRITE";"8020.0";"";"4091705505";"28.414622 s"
"WRITE";"8018.0";"";"4091993486";"28.416621 s"
"WRITE";"8016.0";"";"4092281467";"28.418621 s"
"WRITE";"8014.0";"";"4092569449";"28.420621 s"
"WRITE";"8012.0";"";"4092857430";"28.422621 s"
"WRITE";"8010.0";"";"4093145412";"28.424621 s"
"WRITE";"8008.0";"";"4093433393";"28.426621 s"
"WRITE";"8006.0";"";"4093721375";"28.428621 s"
"WRITE";"8004.0";"";"4094009356";"28.430621 s"
"WRITE";"8002.0";"";"4094297337";"28.432620 s"
"WRITE";"8000.0";"";"4094585319";"28.434620 s"
"WRITE";"7999.0";"";"4094873300";"28.436620 s"
"WRITE";"7997.0";"";"4095161282";"28.438620 s"
"WRITE";"7995.0";"";"4095449263";"28.440620 s"
"WRITE";"7994.0";"";"4095737244";"28.442620 s"
"WRITE";"7992.0";"";"4096025226";"28.444620 s"
"WRITE";"7991.0";"";"4096313207";"28.446619 s"
"WRITE";"7990.0";"";"4096601189";"28.448619 s"
"WRITE";"7988.0";"";"4096889170";"28.450619 s"
"WRITE";"7987.0";"";"4097177152";"28.452619 s"
"WRITE";"7985.0";"";"4097465133";"28.454619 s"
"WRITE";"7984.0";"";"4097753114";"28.456619 s"
"WRITE";"7982.0";"";"4098041096";"28.458619 s"
"WRITE";"7981.0";"";"4098329077";"28.460619 s"
"WRITE";"7979.0";"";"4098617059";"28.462618 s"
"WRITE";"7978.0";"";"4098905040";"28.464618 s"
"WRITE";"7976.0";"";"4099193022";"28.466618 s"
"WRITE";"7975.0";"";"4099481003";"28.468618 s"
"WRITE";"7973.0";"";"4099768984";"28.470618 s"
"WRITE";"7972.0";"";"4100056966";"28.472618 s"
"WRITE";"7970.0";"";"4100344947";"28.474618 s"
"WRITE";"7969.0";"";"4100632929";"28.476618 s"
"WRITE";"7967.0";"";"4100920910";"28.478617 s"
"WRITE";"7966.0";"";"4101208892";"28.480617 s"
"WRITE";"7964.0";"";"4101496873";"28.482617 s"
"WRITE";"7963.0";"";"4101784854";"28.484617 s"
"WRITE";"7961.0";"";"4102072836";"28.486617 s"
"WRITE";"7960.0";"";"4102360817";"28.488617 s"
"WRITE";"7959.0";"";"4102648799";"28.490617 s"
"WRITE";"7958.0";"";"4102936780";"28.492617 s"
"WRITE";"7956.0";"";"4103224761";"28.494616 s"
"WRITE";"7955.0";"";"4103512743";"28.496616 s"
"WRITE";"7954.0";"";"4103800724";"28.498616 s"
"WRITE";"7953.0";"";"4104088706";"28.500616 s"
"WRITE";"7952.0";"";"4104376687";"28.502616 s"
"WRITE";"7951.0";"";"4104664669";"28.504616 s"
"WRITE";"7951.0";"";"4104952650";"28.506616 s"
"WRITE";"7950.0";"";"4105243226";"28.508634 s"
"WRITE";"7949.0";"";"4105528613";"28.510615 s"
"WRITE";"7948.0";"";"4105816594";"28.512615 s"
"WRITE";"7947.0";"";"4106104576";"28.514615 s"
"WRITE";"7946.0";"";"4106392557";"28.516615 s"
"WRITE";"7945.0";"";"4106680539";"28.518615 s"
"WRITE";"7944.0";"";"4106968520";"28.520615 s"
"WRITE";"7942.0";"";"4107256501";"28.522615 s"
"WRITE";"7941.0";"";"4107544483";"28.524614 s"
"WRITE";"7940.0";"";"4107832464";"28.526614 s"
"WRITE";"7939.0";"";"4108120446";"28.528614 s"
"WRITE";"7938.0";"";"4108408427";"28.530614 s"
"WRITE";"7936.0";"";"4108696408";"28.532614 s"
"WRITE";"7935.0";"";"4108984390";"28.534614 s"
"WRITE";"7934.0";"";"4109272371";"28.536614 s"
"WRITE";"7933.0";"";"4109560353";"28.538614 s"
"WRITE";"7932.0";"";"4109848334";"28.540613 s"
"WRITE";"7931.0";"";"4110136316";"28.542613 s"
"WRITE";"7930.0";"";"4110424297";"28.544613 s"
"WRITE";"7928.0";"";"4110712278";"28.546613 s"
"WRITE";"7928.0";"";"4111000260";"28.548613 s"
"WRITE";"7927.0";"";"4111288241";"28.550613 s"
"WRITE";"7926.0";"";"4111576223";"28.552613 s"
"WRITE";"7924.0";"";"4111864204";"28.554613 s"
"WRITE";"7923.0";"";"4112152186";"28.556612 s"
"WRITE";"7922.0";"";"4112440167";"28.558612 s"
"WRITE";"7921.0";"";"4112728148";"28.560612 s"
"WRITE";"7919.0";"";"4113016130";"28.562612 s"
"WRITE";"7917.0";"";"4113304111";"28.564612 s"
"WRITE";"7915.0";"";"4113592093";"28.566612 s"
"WRITE";"7913.0";"";"4113880074";"28.568612 s"
"WRITE";"7911.0";"";"4114168055";"28.570611 s"
"WRITE";"7909.0";"";"4114456037";"28.572611 s"
"WRITE";"7906.0";"";"4114744018";"28.574611 s"
"WRITE";"7904.0";"";"4115032000";"28.576611 s"
"WRITE";"7901.0";"";"4115319981";"28.578611 s"
"WRITE";"7899.0";"";"4115607963";"28.580611 s"
"WRITE";"7896.0";"";"4115895944";"28.582611 s"
"WRITE";"7893.0";"";"4116183925";"28.584611 s"
"WRITE";"7891.0";"";"4116471907";"28.586610 s"
"WRITE";"7888.0";"";"4116759888";"28.588610 s"
"WRITE";"7886.0";"";"4117047870";"28.590610 s"
"WRITE";"7883.0";"";"4117335851";"28.592610 s"
"WRITE";"7881.0";"";"4117623833";"28.594610 s"
"WRITE";"7879.0";"";"4117911814";"28.596610 s"
"WRITE";"7876.0";"";"4118199795";"28.598610 s"
"WRITE";"7874.0";"";"4118487777";"28.600610 s"
"WRITE";"7872.0";"";"4118775758";"28.602609 s"
"WRITE";"7869.0";"";"4119063740";"28.604609 s"
"WRITE";"7867.0";"";"4119351721";"28.606609 s"
"WRITE";"7864.0";"";"4119639703";"28.608609 s"
"WRITE";"7862.0";"";"4119927684";"28.610609 s"
"WRITE";"7859.0";"";"4120215665";"28.612609 s"
"WRITE";"7857.0";"";"4120503647";"28.614609 s"
"WRITE";"7854.0";"";"4120791628";"28.616609 s"
"WRITE";"7852.0";"";"4121079610";"28.618608 s"
"WRITE";"7850.0";"";"4121367591";"28.620608 s"
"WRITE";"7847.0";"";"4121655572";"28.622608 s"
"WRITE";"7845.0";"";"4121943554";"28.624608 s"
"WRITE";"7842.0";"";"4122231535";"28.626608 s"
"WRITE";"7840.0";"";"4122519517";"28.628608 s"
"WRITE";"7837.0";"";"4122807498";"28.630608 s"
"WRITE";"7835.0";"";"4123095480";"28.632608 s"
"WRITE";"7832.0";"";"4123383461";"28.634607 s"
"WRITE";"7830.0";"";"4123671442";"28.636607 s"
"WRITE";"7828.0";"";"4123959424";"28.638607 s"
"WRITE";"7825.0";"";"4124247405";"28.640607 s"
"WRITE";"7823.0";"";"4124535387";"28.642607 s"
"WRITE";"7821.0";"";"4124823368";"28.644607 s"
"WRITE";"7818.0";"";"4125111350";"28.646607 s"
"WRITE";"7816.0";"";"4125399331";"28.648606 s"
"WRITE";"7814.0";"";"4125687312";"28.650606 s"
"WRITE";"7812.0";"";"4125975294";"28.652606 s"
"WRITE";"7810.0";"";"4126263275";"28.654606 s"
"WRITE";"7808.0";"";"4126551257";"28.656606 s"
"WRITE";"7805.0";"";"4126839238";"28.658606 s"
"WRITE";"7803.0";"";"4127127219";"28.660606 s"
"WRITE";"7801.0";"";"4127415201";"28.662606 s"
"WRITE";"7799.0";"";"4127703182";"28.664605 s"
"WRITE";"7797.0";"";"4127991164";"28.666605 s"
"WRITE";"7794.0";"";"4128279145";"28.668605 s"
"WRITE";"7792.0";"";"4128567127";"28.670605 s"
"WRITE";"7789.0";"";"4128855108";"28.672605 s"
"WRITE";"7786.0";"";"4129143089";"28.674605 s"
"WRITE";"7783.0";"";"4129431071";"28.676605 s"
"WRITE";"7779.0";"";"4129719052";"28.678605 s"
"WRITE";"7776.0";"";"4130007034";"28.680604 s"
"WRITE";"7772.0";"";"4130295015";"28.682604 s"
"WRITE";"7768.0";"";"4130582997";"28.684604 s"
"WRITE";"7764.0";"";"4130870978";"28.686604 s"
"WRITE";"7760.0";"";"4131158959";"28.688604 s"
"WRITE";"7757.0";"";"4131446941";"28.690604 s"
"WRITE";"7753.0";"";"4131734922";"28.692604 s"
"WRITE";"7749.0";"";"4132022904";"28.694604 s"
"WRITE";"7745.0";"";"4132310885";"28.696603 s"
"WRITE";"7741.0";"";"4132598866";"28.698603 s"
"WRITE";"7737.0";"";"4132886848";"28.700603 s"
"WRITE";"7733.0";"";"4133174829";"28.702603 s"
"WRITE";"7729.0";"";"4133462811";"28.704603 s"
"WRITE";"7725.0";"";"4133750792";"28.706603 s"
"WRITE";"7720.0";"";"4134038774";"28.708603 s"
"WRITE";"7716.0";"";"4134326755";"28.710602 s"
"WRITE";"7711.0";"";"4134614736";"28.712602 s"
"WRITE";"7706.0";"";"4134902718";"28.714602 s"
"WRITE";"7702.0";"";"4135190699";"28.716602 s"
"WRITE";"7698.0";"";"4135478681";"28.718602 s"
"WRITE";"7694.0";"";"4135766662";"28.720602 s"
"WRITE";"7690.0";"";"4136054644";"28.722602 s"
"WRITE";"7686.0";"";"4136342625";"28.724602 s"
"WRITE";"7683.0";"";"4136630606";"28.726601 s"
"WRITE";"7679.0";"";"4136918588";"28.728601 s"
"WRITE";"7676.0";"";"4137206569";"28.730601 s"
"WRITE";"7673.0";"";"4137494551";"28.732601 s"
"WRITE";"7670.0";"";"4137782532";"28.734601 s"
"WRITE";"7667.0";"";"4138070514";"28.736601 s"
"WRITE";"7665.0";"";"4138358495";"28.738601 s"
"WRITE";"7662.0";"";"4138646476";"28.740601 s"
"WRITE";"7659.0";"";"4138934458";"28.742600 s"
"WRITE";"7657.0";"";"4139222439";"28.744600 s"
"WRITE";"7654.0";"";"4139510421";"28.746600 s"
"WRITE";"7651.0";"";"4139798402";"28.748600 s"
"WRITE";"7648.0";"";"4140086383";"28.750600 s"
"WRITE";"7645.0";"";"4140374365";"28.752600 s"
"WRITE";"7642.0";"";"4140662346";"28.754600 s"
"WRITE";"7639.0";"";"4140950328";"28.756600 s"
"WRITE";"7635.0";"";"4141238309";"28.758599 s"
"WRITE";"7632.0";"";"4141526291";"28.760599 s"
"WRITE";"7628.0";"";"4141814272";"28.762599 s"
"WRITE";"7624.0";"";"4142102253";"28.764599 s"
"WRITE";"7621.0";"";"4142390235";"28.766599 s"
"WRITE";"7617.0";"";"4142678216";"28.768599 s"
"WRITE";"7613.0";"";"4142966198";"28.770599 s"
"WRITE";"7610.0";"";"4143254179";"28.772598 s"
"WRITE";"7606.0";"";"4143542161";"28.774598 s"
"WRITE";"7603.0";"";"4143830142";"28.776598 s"
"WRITE";"7599.0";"";"4144118123";"28.778598 s"
"WRITE";"7596.0";"";"4144406105";"28.780598 s"
"WRITE";"7593.0";"";"4144694086";"28.782598 s"
"WRITE";"7589.0";"";"4144982068";"28.784598 s"
"WRITE";"7586.0";"";"4145270049";"28.786598 s"
"WRITE";"7583.0";"";"4145558030";"28.788597 s"
"WRITE";"7580.0";"";"4145846012";"28.790597 s"
"WRITE";"7577.0";"";"4146133993";"28.792597 s"
"WRITE";"7574.0";"";"4146421975";"28.794597 s"
"WRITE";"7571.0";"";"4146709956";"28.796597 s"
"WRITE";"7568.0";"";"4146997938";"28.798597 s"
"WRITE";"7565.0";"";"4147285919";"28.800597 s"
"WRITE";"7562.0";"";"4147573900";"28.802597 s"
"WRITE";"7559.0";"";"4147861882";"28.804596 s"
"WRITE";"7557.0";"";"4148149863";"28.806596 s"
"WRITE";"7554.0";"";"4148437845";"28.808596 s"
"WRITE";"7552.0";"";"4148725826";"28.810596 s"
"WRITE";"7549.0";"";"4149013808";"28.812596 s"
"WRITE";"7547.0";"";"4149301789";"28.814596 s"
"WRITE";"7544.0";"";"4149589770";"28.816596 s"
"WRITE";"7541.0";"";"4149877752";"28.818596 s"
"WRITE";"7538.0";"";"4150165733";"28.820595 s"
"WRITE";"7535.0";"";"4150453715";"28.822595 s"
"WRITE";"7532.0";"";"4150741696";"28.824595 s"
"WRITE";"7529.0";"";"4151029677";"28.826595 s"
"WRITE";"7525.0";"";"4151317659";"28.828595 s"
"WRITE";"7522.0";"";"4151605640";"28.830595 s"
"WRITE";"7518.0";"";"4151893622";"28.832595 s"
"WRITE";"7515.0";"";"4152181603";"28.834594 s"
"WRITE";"7511.0";"";"4152469585";"28.836594 s"
"WRITE";"7508.0";"";"4152757566";"28.838594 s"
"WRITE";"7504.0";"";"4153045547";"28.840594 s"
"WRITE";"7500.0";"";"4153333529";"28.842594 s"
"WRITE";"7496.0";"";"4153621510";"28.844594 s"
"WRITE";"7492.0";"";"4153909492";"28.846594 s"
"WRITE";"7488.0";"";"4154197473";"28.848594 s"
"WRITE";"7484.0";"";"4154485455";"28.850593 s"
"WRITE";"7480.0";"";"4154773436";"28.852593 s"
"WRITE";"7475.0";"";"4155061417";"28.854593 s"
"WRITE";"7471.0";"";"4155349399";"28.856593 s"
"WRITE";"7466.0";"";"4155637380";"28.858593 s"
"WRITE";"7461.0";"";"4155925362";"28.860593 s"
"WRITE";"7457.0";"";"4156213343";"28.862593 s"
"WRITE";"7452.0";"";"4156501325";"28.864593 s"
"WRITE";"7447.0";"";"4156789306";"28.866592 s"
"WRITE";"7443.0";"";"4157077287";"28.868592 s"
"WRITE";"7439.0";"";"4157365269";"28.870592 s"
"WRITE";"7434.0";"";"4157653250";"28.872592 s"
"WRITE";"7430.0";"";"4157941232";"28.874592 s"
"WRITE";"7426.0";"";"4158229213";"28.876592 s"
"WRITE";"7421.0";"";"4158517194";"28.878592 s"
"WRITE";"7417.0";"";"4158805176";"28.880592 s"
"WRITE";"7413.0";"";"4159093157";"28.882591 s"
"WRITE";"7409.0";"";"4159381139";"28.884591 s"
"WRITE";"7405.0";"";"4159669120";"28.886591 s"
"WRITE";"7401.0";"";"4159957102";"28.888591 s"
"WRITE";"7398.0";"";"4160245083";"28.890591 s"
"WRITE";"7394.0";"";"4160533064";"28.892591 s"
"WRITE";"7391.0";"";"4160821046";"28.894591 s"
"WRITE";"7388.0";"";"4161109027";"28.896590 s"
"WRITE";"7385.0";"";"4161397009";"28.898590 s"
"WRITE";"7382.0";"";"4161684990";"28.900590 s"
"WRITE";"7379.0";"";"4161972972";"28.902590 s"
"WRITE";"7376.0";"";"4162260953";"28.904590 s"
"WRITE";"7373.0";"";"4162548934";"28.906590 s"
"WRITE";"7370.0";"";"4162836916";"28.908590 s"
"WRITE";"7367.0";"";"4163124897";"28.910590 s"
"WRITE";"7365.0";"";"4163412879";"28.912589 s"
"WRITE";"7362.0";"";"4163700860";"28.914589 s"
"WRITE";"7360.0";"";"4163988841";"28.916589 s"
"WRITE";"7358.0";"";"4164276823";"28.918589 s"
"WRITE";"7355.0";"";"4164564804";"28.920589 s"
"WRITE";"7353.0";"";"4164852786";"28.922589 s"
"WRITE";"7350.0";"";"4165140767";"28.924589 s"
"WRITE";"7348.0";"";"4165428749";"28.926589 s"
"WRITE";"7345.0";"";"4165716730";"28.928588 s"
"WRITE";"7342.0";"";"4166004711";"28.930588 s"
"WRITE";"7339.0";"";"4166292693";"28.932588 s"
"WRITE";"7335.0";"";"4166580674";"28.934588 s"
"WRITE";"7332.0";"";"4166868656";"28.936588 s"
"WRITE";"7329.0";"";"4167156637";"28.938588 s"
"WRITE";"7325.0";"";"4167444619";"28.940588 s"
"WRITE";"7322.0";"";"4167732600";"28.942588 s"
"WRITE";"7319.0";"";"4168020581";"28.944587 s"
"WRITE";"7315.0";"";"4168308563";"28.946587 s"
"WRITE";"7312.0";"";"4168596544";"28.948587 s"
"WRITE";"7309.0";"";"4168884526";"28.950587 s"
"WRITE";"7306.0";"";"4169172507";"28.952587 s"
"WRITE";"7303.0";"";"4169460488";"28.954587 s"
"WRITE";"7300.0";"";"4169748470";"28.956587 s"
"WRITE";"7297.0";"";"4170036451";"28.958586 s"
"WRITE";"7294.0";"";"4170324433";"28.960586 s"
"WRITE";"7291.0";"";"4170612414";"28.962586 s"
"WRITE";"7288.0";"";"4170900396";"28.964586 s"
"WRITE";"7285.0";"";"4171188377";"28.966586 s"
"WRITE";"7282.0";"";"4171476358";"28.968586 s"
"WRITE";"7279.0";"";"4171764340";"28.970586 s"
"WRITE";"7277.0";"";"4172052321";"28.972586 s"
"WRITE";"7274.0";"";"4172340303";"28.974585 s"
"WRITE";"7272.0";"";"4172628284";"28.976585 s"
"WRITE";"7269.0";"";"4172916266";"28.978585 s"
"WRITE";"7267.0";"";"4173204247";"28.980585 s"
"WRITE";"7265.0";"";"4173492228";"28.982585 s"
"WRITE";"7262.0";"";"4173780210";"28.984585 s"
"WRITE";"7260.0";"";"4174068191";"28.986585 s"
"WRITE";"7257.0";"";"4174356173";"28.988585 s"
"WRITE";"7255.0";"";"4174644154";"28.990584 s"
"WRITE";"7252.0";"";"4174932136";"28.992584 s"
"WRITE";"7249.0";"";"4175220117";"28.994584 s"
"WRITE";"7247.0";"";"4175508098";"28.996584 s"
"WRITE";"7244.0";"";"4175796080";"28.998584 s"
"WRITE";"7241.0";"";"4176084061";"29.000584 s"
"WRITE";"7239.0";"";"4176372043";"29.002584 s"
"WRITE";"7236.0";"";"4176660024";"29.004584 s"
"WRITE";"7233.0";"";"4176948005";"29.006583 s"
"WRITE";"7231.0";"";"4177238582";"29.008601 s"
"WRITE";"7228.0";"";"4177523968";"29.010583 s"
"WRITE";"7225.0";"";"4177811950";"29.012583 s"
"WRITE";"7223.0";"";"4178099931";"29.014583 s"
"WRITE";"7221.0";"";"4178387913";"29.016583 s"
"WRITE";"7218.0";"";"4178675894";"29.018583 s"
"WRITE";"7216.0";"";"4178963875";"29.020582 s"
"WRITE";"7214.0";"";"4179251857";"29.022582 s"
"WRITE";"7212.0";"";"4179539838";"29.024582 s"
"WRITE";"7210.0";"";"4179827820";"29.026582 s"
"WRITE";"7208.0";"";"4180115801";"29.028582 s"
"WRITE";"7206.0";"";"4180403783";"29.030582 s"
"WRITE";"7205.0";"";"4180691764";"29.032582 s"
"WRITE";"7203.0";"";"4180979745";"29.034582 s"
"WRITE";"7202.0";"";"4181267727";"29.036581 s"
"WRITE";"7201.0";"";"4181555708";"29.038581 s"
"WRITE";"7199.0";"";"4181843690";"29.040581 s"
"WRITE";"7198.0";"";"4182131671";"29.042581 s"
"WRITE";"7197.0";"";"4182419652";"29.044581 s"
"WRITE";"7197.0";"";"4182707634";"29.046581 s"
"WRITE";"7196.0";"";"4182995615";"29.048581 s"
"WRITE";"7195.0";"";"4183283597";"29.050581 s"
"WRITE";"7195.0";"";"4183571578";"29.052580 s"
"WRITE";"7194.0";"";"4183859560";"29.054580 s"
"WRITE";"7194.0";"";"4184147541";"29.056580 s"
"WRITE";"7193.0";"";"4184435522";"29.058580 s"
"WRITE";"7193.0";"";"4184723504";"29.060580 s"
"WRITE";"7193.0";"";"4185011485";"29.062580 s"
"WRITE";"7193.0";"";"4185299467";"29.064580 s"
"WRITE";"7193.0";"";"4185587448";"29.066580 s"
"WRITE";"7193.0";"";"4185875430";"29.068579 s"
"WRITE";"7193.0";"";"4186163411";"29.070579 s"
"WRITE";"7193.0";"";"4186451392";"29.072579 s"
"WRITE";"7193.0";"";"4186739374";"29.074579 s"
"WRITE";"7192.0";"";"4187027355";"29.076579 s"
"WRITE";"7192.0";"";"4187315337";"29.078579 s"
"WRITE";"7192.0";"";"4187603318";"29.080579 s"
"WRITE";"7192.0";"";"4187891299";"29.082578 s"
"WRITE";"7192.0";"";"4188179281";"29.084578 s"
"WRITE";"7192.0";"";"4188467262";"29.086578 s"
"WRITE";"7192.0";"";"4188755244";"29.088578 s"
"WRITE";"7192.0";"";"4189043225";"29.090578 s"
"WRITE";"7192.0";"";"4189331207";"29.092578 s"
"WRITE";"7192.0";"";"4189619188";"29.094578 s"
"WRITE";"7192.0";"";"4189907169";"29.096578 s"
"WRITE";"7192.0";"";"4190195151";"29.098577 s"
"WRITE";"7192.0";"";"4190483132";"29.100577 s"
"WRITE";"7193.0";"";"4190771114";"29.102577 s"
"WRITE";"7193.0";"";"4191059095";"29.104577 s"
"WRITE";"7193.0";"";"4191347077";"29.106577 s"
"WRITE";"7193.0";"";"4191635058";"29.108577 s"
"WRITE";"7193.0";"";"4191923039";"29.110577 s"
"WRITE";"7194.0";"";"4192211021";"29.112577 s"
"WRITE";"7194.0";"";"4192499002";"29.114576 s"
"WRITE";"7195.0";"";"4192786984";"29.116576 s"
"WRITE";"7195.0";"";"4193074965";"29.118576 s"
"WRITE";"7195.0";"";"4193362947";"29.120576 s"
"WRITE";"7196.0";"";"4193650928";"29.122576 s"
"WRITE";"7196.0";"";"4193938909";"29.124576 s"
"WRITE";"7196.0";"";"4194226891";"29.126576 s"
"WRITE";"7196.0";"";"4194514872";"29.128576 s"
"WRITE";"7196.0";"";"4194802854";"29.130575 s"
"WRITE";"7196.0";"";"4195090835";"29.132575 s"
"WRITE";"7196.0";"";"4195378816";"29.134575 s"
"WRITE";"7197.0";"";"4195666798";"29.136575 s"
"WRITE";"7197.0";"";"4195954779";"29.138575 s"
"WRITE";"7197.0";"";"4196242761";"29.140575 s"
"WRITE";"7197.0";"";"4196530742";"29.142575 s"
"WRITE";"7197.0";"";"4196818724";"29.144574 s"
"WRITE";"7197.0";"";"4197106705";"29.146574 s"
"WRITE";"7197.0";"";"4197394686";"29.148574 s"
"WRITE";"7197.0";"";"4197682668";"29.150574 s"
"WRITE";"7197.0";"";"4197970649";"29.152574 s"
"WRITE";"7197.0";"";"4198258631";"29.154574 s"
"WRITE";"7197.0";"";"4198546612";"29.156574 s"
"WRITE";"7197.0";"";"4198834594";"29.158574 s"
"WRITE";"7197.0";"";"4199122575";"29.160573 s"
"WRITE";"7197.0";"";"4199410556";"29.162573 s"
"WRITE";"7197.0";"";"4199698538";"29.164573 s"
"WRITE";"7197.0";"";"4199986519";"29.166573 s"
"WRITE";"7197.0";"";"4200274501";"29.168573 s"
"WRITE";"7197.0";"";"4200562482";"29.170573 s"
"WRITE";"7197.0";"";"4200850463";"29.172573 s"
"WRITE";"7197.0";"";"4201138445";"29.174573 s"
"WRITE";"7197.0";"";"4201426426";"29.176572 s"
"WRITE";"7197.0";"";"4201714408";"29.178572 s"
"WRITE";"7197.0";"";"4202002389";"29.180572 s"
"WRITE";"7197.0";"";"4202290371";"29.182572 s"
"WRITE";"7197.0";"";"4202578352";"29.184572 s"
"WRITE";"7197.0";"";"4202866333";"29.186572 s"
"WRITE";"7197.0";"";"4203154315";"29.188572 s"
"WRITE";"7197.0";"";"4203442296";"29.190572 s"
"WRITE";"7197.0";"";"4203730278";"29.192571 s"
"WRITE";"7197.0";"";"4204018259";"29.194571 s"
"WRITE";"7197.0";"";"4204306241";"29.196571 s"
"WRITE";"7197.0";"";"4204594222";"29.198571 s"
"WRITE";"7197.0";"";"4204882203";"29.200571 s"
"WRITE";"7197.0";"";"4205170185";"29.202571 s"
"WRITE";"7197.0";"";"4205458166";"29.204571 s"
"WRITE";"7197.0";"";"4205746148";"29.206570 s"
"WRITE";"7197.0";"";"4206034129";"29.208570 s"
"WRITE";"7197.0";"";"4206322110";"29.210570 s"
"WRITE";"7197.0";"";"4206610092";"29.212570 s"
"WRITE";"7197.0";"";"4206898073";"29.214570 s"
"WRITE";"7197.0";"";"4207186055";"29.216570 s"
"WRITE";"7197.0";"";"4207474036";"29.218570 s"
"WRITE";"7197.0";"";"4207762018";"29.220570 s"
"WRITE";"7197.0";"";"4208049999";"29.222569 s"
"WRITE";"7197.0";"";"4208337980";"29.224569 s"
"WRITE";"7197.0";"";"4208625962";"29.226569 s"
"WRITE";"7197.0";"";"4208913943";"29.228569 s"
"WRITE";"7197.0";"";"4209201925";"29.230569 s"
"WRITE";"7197.0";"";"4209489906";"29.232569 s"
"WRITE";"7197.0";"";"4209777888";"29.234569 s"
"WRITE";"7197.0";"";"4210065869";"29.236569 s"
"WRITE";"7197.0";"";"4210353850";"29.238568 s"
"WRITE";"7197.0";"";"4210641832";"29.240568 s"
"WRITE";"7197.0";"";"4210929813";"29.242568 s"
"WRITE";"7197.0";"";"4211217795";"29.244568 s"
"WRITE";"7197.0";"";"4211505776";"29.246568 s"
"WRITE";"7197.0";"";"4211793758";"29.248568 s"
"WRITE";"7197.0";"";"4212081739";"29.250568 s"
"WRITE";"7197.0";"";"4212369720";"29.252568 s"
"WRITE";"7197.0";"";"4212657702";"29.254567 s"
"WRITE";"7197.0";"";"4212945683";"29.256567 s"
"WRITE";"7197.0";"";"4213233665";"29.258567 s"
"WRITE";"7197.0";"";"4213521646";"29.260567 s"
"WRITE";"7197.0";"";"4213809627";"29.262567 s"
"WRITE";"7197.0";"";"4214097609";"29.264567 s"
"WRITE";"7197.0";"";"4214385590";"29.266567 s"
"WRITE";"7197.0";"";"4214673572";"29.268566 s"
"WRITE";"7197.0";"";"4214961553";"29.270566 s"
"WRITE";"7197.0";"";"4215249535";"29.272566 s"
"WRITE";"7197.0";"";"4215537516";"29.274566 s"
"WRITE";"7197.0";"";"4215825497";"29.276566 s"
"WRITE";"7197.0";"";"4216113479";"29.278566 s"
"WRITE";"7197.0";"";"4216401460";"29.280566 s"
"WRITE";"7197.0";"";"4216689442";"29.282566 s"
"WRITE";"7197.0";"";"4216977423";"29.284565 s"
"WRITE";"7197.0";"";"4217265405";"29.286565 s"
"WRITE";"7197.0";"";"4217553386";"29.288565 s"
"WRITE";"7197.0";"";"4217841367";"29.290565 s"
"WRITE";"7197.0";"";"4218129349";"29.292565 s"
"WRITE";"7197.0";"";"4218417330";"29.294565 s"
"WRITE";"7197.0";"";"4218705312";"29.296565 s"
"WRITE";"7197.0";"";"4218993293";"29.298565 s"
"WRITE";"7197.0";"";"4219281274";"29.300564 s"
"WRITE";"7197.0";"";"4219569256";"29.302564 s"
"WRITE";"7197.0";"";"4219857237";"29.304564 s"
"WRITE";"7197.0";"";"4220145219";"29.306564 s"
"WRITE";"7197.0";"";"4220433200";"29.308564 s"
"WRITE";"7197.0";"";"4220721182";"29.310564 s"
"WRITE";"7197.0";"";"4221009163";"29.312564 s"
"WRITE";"7197.0";"";"4221297144";"29.314564 s"
"WRITE";"7197.0";"";"4221585126";"29.316563 s"
"WRITE";"7197.0";"";"4221873107";"29.318563 s"
"WRITE";"7197.0";"";"4222161089";"29.320563 s"
"WRITE";"7197.0";"";"4222449070";"29.322563 s"
"WRITE";"7197.0";"";"4222737052";"29.324563 s"
"WRITE";"7197.0";"";"4223025033";"29.326563 s"
"WRITE";"7197.0";"";"4223313014";"29.328563 s"
"WRITE";"7197.0";"";"4223600996";"29.330562 s"
"WRITE";"7197.0";"";"4223888977";"29.332562 s"
"WRITE";"7197.0";"";"4224176959";"29.334562 s"
"WRITE";"7197.0";"";"4224464940";"29.336562 s"
"WRITE";"7197.0";"";"4224752921";"29.338562 s"
"WRITE";"7197.0";"";"4225040903";"29.340562 s"
"WRITE";"7197.0";"";"4225328884";"29.342562 s"
"WRITE";"7197.0";"";"4225616866";"29.344562 s"
"WRITE";"7197.0";"";"4225904847";"29.346561 s"
"WRITE";"7197.0";"";"4226192829";"29.348561 s"
"WRITE";"7197.0";"";"4226480810";"29.350561 s"
"WRITE";"7197.0";"";"4226768791";"29.352561 s"
"WRITE";"7197.0";"";"4227056773";"29.354561 s"
"WRITE";"7197.0";"";"4227344754";"29.356561 s"
"WRITE";"7197.0";"";"4227632736";"29.358561 s"
"WRITE";"7197.0";"";"4227920717";"29.360561 s"
"WRITE";"7197.0";"";"4228208699";"29.362560 s"
"WRITE";"7197.0";"";"4228496680";"29.364560 s"
"WRITE";"7197.0";"";"4228784661";"29.366560 s"
"WRITE";"7197.0";"";"4229072643";"29.368560 s"
"WRITE";"7197.0";"";"4229360624";"29.370560 s"
"WRITE";"7197.0";"";"4229648606";"29.372560 s"
"WRITE";"7197.0";"";"4229936587";"29.374560 s"
"WRITE";"7197.0";"";"4230224569";"29.376560 s"
"WRITE";"7197.0";"";"4230512550";"29.378559 s"
"WRITE";"7197.0";"";"4230800531";"29.380559 s"
"WRITE";"7197.0";"";"4231088513";"29.382559 s"
"WRITE";"7197.0";"";"4231376494";"29.384559 s"
"WRITE";"7197.0";"";"4231664476";"29.386559 s"
"WRITE";"7197.0";"";"4231952457";"29.388559 s"
"WRITE";"7197.0";"";"4232240438";"29.390559 s"
"WRITE";"7197.0";"";"4232528420";"29.392558 s"
"WRITE";"7197.0";"";"4232816401";"29.394558 s"
"WRITE";"7197.0";"";"4233104383";"29.396558 s"
"WRITE";"7197.0";"";"4233392364";"29.398558 s"
"WRITE";"7197.0";"";"4233680346";"29.400558 s"
"WRITE";"7197.0";"";"4233968327";"29.402558 s"
"WRITE";"7197.0";"";"4234256308";"29.404558 s"
"WRITE";"7197.0";"";"4234544290";"29.406558 s"
"WRITE";"7197.0";"";"4234832271";"29.408557 s"
"WRITE";"7197.0";"";"4235120253";"29.410557 s"
"WRITE";"7197.0";"";"4235408234";"29.412557 s"
"WRITE";"7197.0";"";"4235696216";"29.414557 s"
"WRITE";"7197.0";"";"4235984197";"29.416557 s"
"WRITE";"7197.0";"";"4236272178";"29.418557 s"
"WRITE";"7197.0";"";"4236560160";"29.420557 s"
"WRITE";"7197.0";"";"4236848141";"29.422557 s"
"WRITE";"7197.0";"";"4237136123";"29.424556 s"
"WRITE";"7197.0";"";"4237424104";"29.426556 s"
"WRITE";"7197.0";"";"4237712085";"29.428556 s"
"WRITE";"7197.0";"";"4238000067";"29.430556 s"
"WRITE";"7197.0";"";"4238288048";"29.432556 s"
"WRITE";"7197.0";"";"4238576030";"29.434556 s"
"WRITE";"7197.0";"";"4238864011";"29.436556 s"
"WRITE";"7197.0";"";"4239151993";"29.438556 s"
"WRITE";"7197.0";"";"4239439974";"29.440555 s"
"WRITE";"7197.0";"";"4239727955";"29.442555 s"
"WRITE";"7197.0";"";"4240015937";"29.444555 s"
"WRITE";"7197.0";"";"4240303918";"29.446555 s"
"WRITE";"7197.0";"";"4240591900";"29.448555 s"
"WRITE";"7197.0";"";"4240879881";"29.450555 s"
"WRITE";"7197.0";"";"4241167863";"29.452555 s"
"WRITE";"7197.0";"";"4241455844";"29.454554 s"
"WRITE";"7197.0";"";"4241743825";"29.456554 s"
"WRITE";"7197.0";"";"4242031807";"29.458554 s"
"WRITE";"7197.0";"";"4242319788";"29.460554 s"
"WRITE";"7197.0";"";"4242607770";"29.462554 s"
"WRITE";"7197.0";"";"4242895751";"29.464554 s"
"WRITE";"7197.0";"";"4243183732";"29.466554 s"
"WRITE";"7197.0";"";"4243471714";"29.468554 s"
"WRITE";"7197.0";"";"4243759695";"29.470553 s"
"WRITE";"7197.0";"";"4244047677";"29.472553 s"
"WRITE";"7197.0";"";"4244335658";"29.474553 s"
"WRITE";"7197.0";"";"4244623640";"29.476553 s"
"WRITE";"7197.0";"";"4244911621";"29.478553 s"
"WRITE";"7197.0";"";"4245199602";"29.480553 s"
"WRITE";"7197.0";"";"4245487584";"29.482553 s"
"WRITE";"7197.0";"";"4245775565";"29.484553 s"
"WRITE";"7197.0";"";"4246063547";"29.486552 s"
"WRITE";"7197.0";"";"4246351528";"29.488552 s"
"WRITE";"7197.0";"";"4246639510";"29.490552 s"
"WRITE";"7197.0";"";"4246927491";"29.492552 s"
"WRITE";"7197.0";"";"4247215472";"29.494552 s"
"WRITE";"7197.0";"";"4247503454";"29.496552 s"
"WRITE";"7197.0";"";"4247791435";"29.498552 s"
"WRITE";"7197.0";"";"4248079417";"29.500552 s"
"WRITE";"7197.0";"";"4248367398";"29.502551 s"
"WRITE";"7197.0";"";"4248655380";"29.504551 s"
"WRITE";"7197.0";"";"4248943361";"29.506551 s"
"WRITE";"7197.0";"";"4249233937";"29.508569 s"
"WRITE";"7197.0";"";"4249519324";"29.510551 s"
"WRITE";"7197.0";"";"4249807305";"29.512551 s"
"WRITE";"7197.0";"";"4250095287";"29.514551 s"
"WRITE";"7197.0";"";"4250383268";"29.516550 s"
"WRITE";"7197.0";"";"4250671249";"29.518550 s"
"WRITE";"7197.0";"";"4250959231";"29.520550 s"
"WRITE";"7197.0";"";"4251247212";"29.522550 s"
"WRITE";"7197.0";"";"4251535194";"29.524550 s"
"WRITE";"7197.0";"";"4251823175";"29.526550 s"
"WRITE";"7197.0";"";"4252111157";"29.528550 s"
"WRITE";"7197.0";"";"4252399138";"29.530550 s"
"WRITE";"7197.0";"";"4252687119";"29.532549 s"
"WRITE";"7197.0";"";"4252975101";"29.534549 s"
"WRITE";"7197.0";"";"4253263082";"29.536549 s"
"WRITE";"7197.0";"";"4253551064";"29.538549 s"
"WRITE";"7197.0";"";"4253839045";"29.540549 s"
"WRITE";"7197.0";"";"4254127027";"29.542549 s"
"WRITE";"7197.0";"";"4254415008";"29.544549 s"
"WRITE";"7197.0";"";"4254702989";"29.546549 s"
"WRITE";"7197.0";"";"4254990971";"29.548548 s"
"WRITE";"7197.0";"";"4255278952";"29.550548 s"
"WRITE";"7197.0";"";"4255566934";"29.552548 s"
"WRITE";"7197.0";"";"4255854915";"29.554548 s"
"WRITE";"7197.0";"";"4256142896";"29.556548 s"
"WRITE";"7197.0";"";"4256430878";"29.558548 s"
"WRITE";"7197.0";"";"4256718859";"29.560548 s"
"WRITE";"7197.0";"";"4257006841";"29.562548 s"
"WRITE";"7197.0";"";"4257294822";"29.564547 s"
"WRITE";"7197.0";"";"4257582804";"29.566547 s"
"WRITE";"7197.0";"";"4257870785";"29.568547 s"
"WRITE";"7197.0";"";"4258158766";"29.570547 s"
"WRITE";"7197.0";"";"4258446748";"29.572547 s"
"WRITE";"7197.0";"";"4258734729";"29.574547 s"
"WRITE";"7197.0";"";"4259022711";"29.576547 s"
"WRITE";"7197.0";"";"4259310692";"29.578546 s"
"WRITE";"7197.0";"";"4259598674";"29.580546 s"
"WRITE";"7197.0";"";"4259886655";"29.582546 s"
"WRITE";"7197.0";"";"4260174636";"29.584546 s"
"WRITE";"7197.0";"";"4260462618";"29.586546 s"
"WRITE";"7197.0";"";"4260750599";"29.588546 s"
"WRITE";"7196.0";"";"4261038581";"29.590546 s"
"WRITE";"7196.0";"";"4261326562";"29.592546 s"
"WRITE";"7196.0";"";"4261614543";"29.594545 s"
"WRITE";"7196.0";"";"4261902525";"29.596545 s"
"WRITE";"7196.0";"";"4262190506";"29.598545 s"
"WRITE";"7196.0";"";"4262478488";"29.600545 s"
"WRITE";"7195.0";"";"4262766469";"29.602545 s"
"WRITE";"7195.0";"";"4263054451";"29.604545 s"
"WRITE";"7195.0";"";"4263342432";"29.606545 s"
"WRITE";"7195.0";"";"4263630413";"29.608545 s"
"WRITE";"7195.0";"";"4263918395";"29.610544 s"
"WRITE";"7195.0";"";"4264206376";"29.612544 s"
"WRITE";"7195.0";"";"4264494358";"29.614544 s"
"WRITE";"7195.0";"";"4264782339";"29.616544 s"
"WRITE";"7195.0";"";"4265070321";"29.618544 s"
"WRITE";"7195.0";"";"4265358302";"29.620544 s"
"WRITE";"7195.0";"";"4265646283";"29.622544 s"
"WRITE";"7195.0";"";"4265934265";"29.624544 s"
"WRITE";"7195.0";"";"4266222246";"29.626543 s"
"WRITE";"7195.0";"";"4266510228";"29.628543 s"
"WRITE";"7195.0";"";"4266798209";"29.630543 s"
"WRITE";"7195.0";"";"4267086191";"29.632543 s"
"WRITE";"7195.0";"";"4267374172";"29.634543 s"
"WRITE";"7196.0";"";"4267662153";"29.636543 s"
"WRITE";"7196.0";"";"4267950135";"29.638543 s"
"WRITE";"7197.0";"";"4268238116";"29.640542 s"
"WRITE";"7197.0";"";"4268526098";"29.642542 s"
"WRITE";"7198.0";"";"4268814079";"29.644542 s"
"WRITE";"7198.0";"";"4269102060";"29.646542 s"
"WRITE";"7199.0";"";"4269390042";"29.648542 s"
"WRITE";"7199.0";"";"4269678023";"29.650542 s"
"WRITE";"7200.0";"";"4269966005";"29.652542 s"
"WRITE";"7200.0";"";"4270253986";"29.654542 s"
"WRITE";"7201.0";"";"4270541968";"29.656541 s"
"WRITE";"7201.0";"";"4270829949";"29.658541 s"
"WRITE";"7202.0";"";"4271117930";"29.660541 s"
"WRITE";"7203.0";"";"4271405912";"29.662541 s"
"WRITE";"7203.0";"";"4271693893";"29.664541 s"
"WRITE";"7203.0";"";"4271981875";"29.666541 s"
"WRITE";"7203.0";"";"4272269856";"29.668541 s"
"WRITE";"7203.0";"";"4272557838";"29.670541 s"
"WRITE";"7203.0";"";"4272845819";"29.672540 s"
"WRITE";"7203.0";"";"4273133800";"29.674540 s"
"WRITE";"7202.0";"";"4273421782";"29.676540 s"
"WRITE";"7202.0";"";"4273709763";"29.678540 s"
"WRITE";"7201.0";"";"4273997745";"29.680540 s"
"WRITE";"7199.0";"";"4274285726";"29.682540 s"
"WRITE";"7198.0";"";"4274573707";"29.684540 s"
"WRITE";"7196.0";"";"4274861689";"29.686540 s"
"WRITE";"7194.0";"";"4275149670";"29.688539 s"
"WRITE";"7192.0";"";"4275437652";"29.690539 s"
"WRITE";"7189.0";"";"4275725633";"29.692539 s"
"WRITE";"7187.0";"";"4276013615";"29.694539 s"
"WRITE";"7184.0";"";"4276301596";"29.696539 s"
"WRITE";"7181.0";"";"4276589577";"29.698539 s"
"WRITE";"7178.0";"";"4276877559";"29.700539 s"
"WRITE";"7175.0";"";"4277165540";"29.702538 s"
"WRITE";"7171.0";"";"4277453522";"29.704538 s"
"WRITE";"7167.0";"";"4277741503";"29.706538 s"
"WRITE";"7163.0";"";"4278029485";"29.708538 s"
"WRITE";"7159.0";"";"4278317466";"29.710538 s"
"WRITE";"7154.0";"";"4278605447";"29.712538 s"
"WRITE";"7150.0";"";"4278893429";"29.714538 s"
"WRITE";"7144.0";"";"4279181410";"29.716538 s"
"WRITE";"7139.0";"";"4279469392";"29.718537 s"
"WRITE";"7133.0";"";"4279757373";"29.720537 s"
"WRITE";"7127.0";"";"4280045354";"29.722537 s"
"WRITE";"7121.0";"";"4280333336";"29.724537 s"
"WRITE";"7115.0";"";"4280621317";"29.726537 s"
"WRITE";"7108.0";"";"4280909299";"29.728537 s"
"WRITE";"7102.0";"";"4281197280";"29.730537 s"
"WRITE";"7095.0";"";"4281485262";"29.732537 s"
"WRITE";"7088.0";"";"4281773243";"29.734536 s"
"WRITE";"7082.0";"";"4282061224";"29.736536 s"
"WRITE";"7075.0";"";"4282349206";"29.738536 s"
"WRITE";"7068.0";"";"4282637187";"29.740536 s"
"WRITE";"7061.0";"";"4282925169";"29.742536 s"
"WRITE";"7054.0";"";"4283213150";"29.744536 s"
"WRITE";"7047.0";"";"4283501132";"29.746536 s"
"WRITE";"7041.0";"";"4283789113";"29.748536 s"
"WRITE";"7034.0";"";"4284077094";"29.750535 s"
"WRITE";"7027.0";"";"4284365076";"29.752535 s"
"WRITE";"7020.0";"";"4284653057";"29.754535 s"
"WRITE";"7014.0";"";"4284941039";"29.756535 s"
"WRITE";"7007.0";"";"4285229020";"29.758535 s"
"WRITE";"7000.0";"";"4285517002";"29.760535 s"
"WRITE";"6994.0";"";"4285804983";"29.762535 s"
"WRITE";"6987.0";"";"4286092964";"29.764534 s"
"WRITE";"6980.0";"";"4286380946";"29.766534 s"
"WRITE";"6974.0";"";"4286668927";"29.768534 s"
"WRITE";"6967.0";"";"4286956909";"29.770534 s"
"WRITE";"6960.0";"";"4287244890";"29.772534 s"
"WRITE";"6953.0";"";"4287532871";"29.774534 s"
"WRITE";"6946.0";"";"4287820853";"29.776534 s"
"WRITE";"6938.0";"";"4288108834";"29.778534 s"
"WRITE";"6930.0";"";"4288396816";"29.780533 s"
"WRITE";"6922.0";"";"4288684797";"29.782533 s"
"WRITE";"6913.0";"";"4288972779";"29.784533 s"
"WRITE";"6904.0";"";"4289260760";"29.786533 s"
"WRITE";"6895.0";"";"4289548741";"29.788533 s"
"WRITE";"6886.0";"";"4289836723";"29.790533 s"
"WRITE";"6877.0";"";"4290124704";"29.792533 s"
"WRITE";"6867.0";"";"4290412686";"29.794533 s"
"WRITE";"6857.0";"";"4290700667";"29.796532 s"
"WRITE";"6847.0";"";"4290988649";"29.798532 s"
"WRITE";"6836.0";"";"4291276630";"29.800532 s"
"WRITE";"6825.0";"";"4291564611";"29.802532 s"
"WRITE";"6814.0";"";"4291852593";"29.804532 s"
"WRITE";"6802.0";"";"4292140574";"29.806532 s"
"WRITE";"6789.0";"";"4292428556";"29.808532 s"
"WRITE";"6776.0";"";"4292716537";"29.810532 s"
"WRITE";"6762.0";"";"4293004518";"29.812531 s"
"WRITE";"6748.0";"";"4293292500";"29.814531 s"
"WRITE";"6733.0";"";"4293580481";"29.816531 s"
"WRITE";"6717.0";"";"4293868463";"29.818531 s"
"WRITE";"6701.0";"";"4294156444";"29.820531 s"
"WRITE";"6685.0";"";"4294444426";"29.822531 s"
"WRITE";"6668.0";"";"4294732407";"29.824531 s"
"WRITE";"6651.0";"";"4295020388";"29.826530 s"
"WRITE";"6633.0";"";"4295308370";"29.828530 s"
"WRITE";"6615.0";"";"4295596351";"29.830530 s"
"WRITE";"6596.0";"";"4295884333";"29.832530 s"
"WRITE";"6577.0";"";"4296172314";"29.834530 s"
"WRITE";"6558.0";"";"4296460296";"29.836530 s"
"WRITE";"6539.0";"";"4296748277";"29.838530 s"
"WRITE";"6520.0";"";"4297036258";"29.840530 s"
"WRITE";"6502.0";"";"4297324240";"29.842529 s"
"WRITE";"6484.0";"";"4297612221";"29.844529 s"
"WRITE";"6468.0";"";"4297900203";"29.846529 s"
"WRITE";"6452.0";"";"4298188184";"29.848529 s"
"WRITE";"6438.0";"";"4298476165";"29.850529 s"
"WRITE";"6425.0";"";"4298764147";"29.852529 s"
"WRITE";"6413.0";"";"4299052128";"29.854529 s"
"WRITE";"6403.0";"";"4299340110";"29.856529 s"
"WRITE";"6393.0";"";"4299628091";"29.858528 s"
"WRITE";"6384.0";"";"4299916073";"29.860528 s"
"WRITE";"6376.0";"";"4300204054";"29.862528 s"
"WRITE";"6369.0";"";"4300492035";"29.864528 s"
"WRITE";"6362.0";"";"4300780017";"29.866528 s"
"WRITE";"6356.0";"";"4301067998";"29.868528 s"
"WRITE";"6350.0";"";"4301355980";"29.870528 s"
"WRITE";"6344.0";"";"4301643961";"29.872528 s"
"WRITE";"6339.0";"";"4301931943";"29.874527 s"
"WRITE";"6334.0";"";"4302219924";"29.876527 s"
"WRITE";"6329.0";"";"4302507905";"29.878527 s"
"WRITE";"6323.0";"";"4302795887";"29.880527 s"
"WRITE";"6318.0";"";"4303083868";"29.882527 s"
"WRITE";"6313.0";"";"4303371850";"29.884527 s"
"WRITE";"6309.0";"";"4303659831";"29.886527 s"
"WRITE";"6304.0";"";"4303947813";"29.888526 s"
"WRITE";"6299.0";"";"4304235794";"29.890526 s"
"WRITE";"6294.0";"";"4304523775";"29.892526 s"
"WRITE";"6290.0";"";"4304811757";"29.894526 s"
"WRITE";"6285.0";"";"4305099738";"29.896526 s"
"WRITE";"6280.0";"";"4305387720";"29.898526 s"
"WRITE";"6276.0";"";"4305675701";"29.900526 s"
"WRITE";"6271.0";"";"4305963682";"29.902526 s"
"WRITE";"6267.0";"";"4306251664";"29.904525 s"
"WRITE";"6262.0";"";"4306539645";"29.906525 s"
"WRITE";"6257.0";"";"4306827627";"29.908525 s"
"WRITE";"6253.0";"";"4307115608";"29.910525 s"
"WRITE";"6248.0";"";"4307403590";"29.912525 s"
"WRITE";"6244.0";"";"4307691571";"29.914525 s"
"WRITE";"6239.0";"";"4307979552";"29.916525 s"
"WRITE";"6235.0";"";"4308267534";"29.918525 s"
"WRITE";"6230.0";"";"4308555515";"29.920524 s"
"WRITE";"6226.0";"";"4308843497";"29.922524 s"
"WRITE";"6221.0";"";"4309131478";"29.924524 s"
"WRITE";"6217.0";"";"4309419460";"29.926524 s"
"WRITE";"6212.0";"";"4309707441";"29.928524 s"
"WRITE";"6208.0";"";"4309995422";"29.930524 s"
"WRITE";"6203.0";"";"4310283404";"29.932524 s"
"WRITE";"6199.0";"";"4310571385";"29.934524 s"
"WRITE";"6194.0";"";"4310859367";"29.936523 s"
"WRITE";"6189.0";"";"4311147348";"29.938523 s"
"WRITE";"6185.0";"";"4311435329";"29.940523 s"
"WRITE";"6180.0";"";"4311723311";"29.942523 s"
"WRITE";"6176.0";"";"4312011292";"29.944523 s"
"WRITE";"6171.0";"";"4312299274";"29.946523 s"
"WRITE";"6166.0";"";"4312587255";"29.948523 s"
"WRITE";"6162.0";"";"4312875237";"29.950522 s"
"WRITE";"6157.0";"";"4313163218";"29.952522 s"
"WRITE";"6152.0";"";"4313451199";"29.954522 s"
"WRITE";"6148.0";"";"4313739181";"29.956522 s"
"WRITE";"6144.0";"";"4314027162";"29.958522 s"
"WRITE";"6139.0";"";"4314315144";"29.960522 s"
"WRITE";"6135.0";"";"4314603125";"29.962522 s"
"WRITE";"6131.0";"";"4314891107";"29.964522 s"
"WRITE";"6127.0";"";"4315179088";"29.966521 s"
"WRITE";"6123.0";"";"4315467069";"29.968521 s"
"WRITE";"6119.0";"";"4315755051";"29.970521 s"
"WRITE";"6115.0";"";"4316043032";"29.972521 s"
"WRITE";"6111.0";"";"4316331014";"29.974521 s"
"WRITE";"6107.0";"";"4316618995";"29.976521 s"
"WRITE";"6103.0";"";"4316906976";"29.978521 s"
"WRITE";"6099.0";"";"4317194958";"29.980521 s"
"WRITE";"6096.0";"";"4317482939";"29.982520 s"
"WRITE";"6092.0";"";"4317770921";"29.984520 s"
"WRITE";"6088.0";"";"4318058902";"29.986520 s"
"WRITE";"6084.0";"";"4318346884";"29.988520 s"
"WRITE";"6081.0";"";"4318634865";"29.990520 s"
"WRITE";"6077.0";"";"4318922846";"29.992520 s"
"WRITE";"6074.0";"";"4319210828";"29.994520 s"
"WRITE";"6071.0";"";"4319498809";"29.996520 s"
"WRITE";"6067.0";"";"4319786791";"29.998519 s"
"WRITE";"6063.0";"";"4320074772";"30.000519 s"
"WRITE";"6060.0";"";"4320362754";"30.002519 s"
"WRITE";"6056.0";"";"4320650735";"30.004519 s"
"WRITE";"6052.0";"";"4320938716";"30.006519 s"
"WRITE";"6048.0";"";"4321229306";"30.008537 s"
"WRITE";"6044.0";"";"4321514679";"30.010519 s"
"WRITE";"6040.0";"";"4321802661";"30.012518 s"
"WRITE";"6036.0";"";"4322090642";"30.014518 s"
"WRITE";"6032.0";"";"4322378624";"30.016518 s"
"WRITE";"6028.0";"";"4322666605";"30.018518 s"
"WRITE";"6024.0";"";"4322954586";"30.020518 s"
"WRITE";"6020.0";"";"4323242568";"30.022518 s"
"WRITE";"6016.0";"";"4323530549";"30.024518 s"
"WRITE";"6012.0";"";"4323818531";"30.026518 s"
"WRITE";"6008.0";"";"4324106512";"30.028517 s"
"WRITE";"6004.0";"";"4324394493";"30.030517 s"
"WRITE";"6000.0";"";"4324682475";"30.032517 s"
"WRITE";"5995.0";"";"4324970456";"30.034517 s"
"WRITE";"5991.0";"";"4325258438";"30.036517 s"
"WRITE";"5986.0";"";"4325546419";"30.038517 s"
"WRITE";"5981.0";"";"4325834401";"30.040517 s"
"WRITE";"5976.0";"";"4326122382";"30.042517 s"
"WRITE";"5971.0";"";"4326410363";"30.044516 s"
"WRITE";"5966.0";"";"4326698345";"30.046516 s"
"WRITE";"5960.0";"";"4326986326";"30.048516 s"
"WRITE";"5955.0";"";"4327274308";"30.050516 s"
"WRITE";"5950.0";"";"4327562289";"30.052516 s"
"WRITE";"5944.0";"";"4327850271";"30.054516 s"
"WRITE";"5938.0";"";"4328138252";"30.056516 s"
"WRITE";"5932.0";"";"4328426233";"30.058516 s"
"WRITE";"5927.0";"";"4328714215";"30.060515 s"
"WRITE";"5921.0";"";"4329002196";"30.062515 s"
"WRITE";"5914.0";"";"4329290178";"30.064515 s"
"WRITE";"5908.0";"";"4329578159";"30.066515 s"
"WRITE";"5902.0";"";"4329866140";"30.068515 s"
"WRITE";"5896.0";"";"4330154122";"30.070515 s"
"WRITE";"5889.0";"";"4330442103";"30.072515 s"
"WRITE";"5883.0";"";"4330730085";"30.074514 s"
"WRITE";"5877.0";"";"4331018066";"30.076514 s"
"WRITE";"5870.0";"";"4331306048";"30.078514 s"
"WRITE";"5864.0";"";"4331594029";"30.080514 s"
"WRITE";"5858.0";"";"4331882010";"30.082514 s"
"WRITE";"5852.0";"";"4332169992";"30.084514 s"
"WRITE";"5847.0";"";"4332457973";"30.086514 s"
"WRITE";"5841.0";"";"4332745955";"30.088514 s"
"WRITE";"5835.0";"";"4333033936";"30.090513 s"
"WRITE";"5830.0";"";"4333321918";"30.092513 s"
"WRITE";"5824.0";"";"4333609899";"30.094513 s"
"WRITE";"5819.0";"";"4333897880";"30.096513 s"
"WRITE";"5814.0";"";"4334185862";"30.098513 s"
"WRITE";"5808.0";"";"4334473843";"30.100513 s"
"WRITE";"5803.0";"";"4334761825";"30.102513 s"
"WRITE";"5797.0";"";"4335049806";"30.104513 s"
"WRITE";"5792.0";"";"4335337787";"30.106512 s"
"WRITE";"5787.0";"";"4335625769";"30.108512 s"
"WRITE";"5781.0";"";"4335913750";"30.110512 s"
"WRITE";"5776.0";"";"4336201732";"30.112512 s"
"WRITE";"5771.0";"";"4336489713";"30.114512 s"
"WRITE";"5765.0";"";"4336777695";"30.116512 s"
"WRITE";"5760.0";"";"4337065676";"30.118512 s"
"WRITE";"5754.0";"";"4337353657";"30.120512 s"
"WRITE";"5749.0";"";"4337641639";"30.122511 s"
"WRITE";"5743.0";"";"4337929620";"30.124511 s"
"WRITE";"5738.0";"";"4338217602";"30.126511 s"
"WRITE";"5732.0";"";"4338505583";"30.128511 s"
"WRITE";"5727.0";"";"4338793565";"30.130511 s"
"WRITE";"5721.0";"";"4339081546";"30.132511 s"
"WRITE";"5716.0";"";"4339369527";"30.134511 s"
"WRITE";"5711.0";"";"4339657509";"30.136510 s"
"WRITE";"5705.0";"";"4339945490";"30.138510 s"
"WRITE";"5700.0";"";"4340233472";"30.140510 s"
"WRITE";"5695.0";"";"4340521453";"30.142510 s"
"WRITE";"5690.0";"";"4340809435";"30.144510 s"
"WRITE";"5684.0";"";"4341097416";"30.146510 s"
"WRITE";"5679.0";"";"4341385397";"30.148510 s"
"WRITE";"5674.0";"";"4341673379";"30.150510 s"
"WRITE";"5669.0";"";"4341961360";"30.152509 s"
"WRITE";"5664.0";"";"4342249342";"30.154509 s"
"WRITE";"5659.0";"";"4342537323";"30.156509 s"
"WRITE";"5653.0";"";"4342825304";"30.158509 s"
"WRITE";"5648.0";"";"4343113286";"30.160509 s"
"WRITE";"5644.0";"";"4343401267";"30.162509 s"
"WRITE";"5639.0";"";"4343689249";"30.164509 s"
"WRITE";"5634.0";"";"4343977230";"30.166509 s"
"WRITE";"5629.0";"";"4344265212";"30.168508 s"
"WRITE";"5624.0";"";"4344553193";"30.170508 s"
"WRITE";"5618.0";"";"4344841174";"30.172508 s"
"WRITE";"5613.0";"";"4345129156";"30.174508 s"
"WRITE";"5608.0";"";"4345417137";"30.176508 s"
"WRITE";"5603.0";"";"4345705119";"30.178508 s"
"WRITE";"5598.0";"";"4345993100";"30.180508 s"
"WRITE";"5593.0";"";"4346281082";"30.182508 s"
"WRITE";"5587.0";"";"4346569063";"30.184507 s"
"WRITE";"5582.0";"";"4346857044";"30.186507 s"
"WRITE";"5576.0";"";"4347145026";"30.188507 s"
"WRITE";"5571.0";"";"4347433007";"30.190507 s"
"WRITE";"5566.0";"";"4347720989";"30.192507 s"
"WRITE";"5560.0";"";"4348008970";"30.194507 s"
"WRITE";"5555.0";"";"4348296951";"30.196507 s"
"WRITE";"5550.0";"";"4348584933";"30.198506 s"
"WRITE";"5544.0";"";"4348872914";"30.200506 s"
"WRITE";"5539.0";"";"4349160896";"30.202506 s"
"WRITE";"5535.0";"";"4349448877";"30.204506 s"
"WRITE";"5530.0";"";"4349736859";"30.206506 s"
"WRITE";"5525.0";"";"4350024840";"30.208506 s"
"WRITE";"5521.0";"";"4350312821";"30.210506 s"
"WRITE";"5516.0";"";"4350600803";"30.212506 s"
"WRITE";"5512.0";"";"4350888784";"30.214505 s"
"WRITE";"5507.0";"";"4351176766";"30.216505 s"
"WRITE";"5503.0";"";"4351464747";"30.218505 s"
"WRITE";"5499.0";"";"4351752729";"30.220505 s"
"WRITE";"5494.0";"";"4352040710";"30.222505 s"
"WRITE";"5490.0";"";"4352328691";"30.224505 s"
"WRITE";"5486.0";"";"4352616673";"30.226505 s"
"WRITE";"5481.0";"";"4352904654";"30.228505 s"
"WRITE";"5477.0";"";"4353192636";"30.230504 s"
"WRITE";"5473.0";"";"4353480617";"30.232504 s"
"WRITE";"5469.0";"";"4353768598";"30.234504 s"
"WRITE";"5465.0";"";"4354056580";"30.236504 s"
"WRITE";"5461.0";"";"4354344561";"30.238504 s"
"WRITE";"5457.0";"";"4354632543";"30.240504 s"
"WRITE";"5453.0";"";"4354920524";"30.242504 s"
"WRITE";"5449.0";"";"4355208506";"30.244504 s"
"WRITE";"5445.0";"";"4355496487";"30.246503 s"
"WRITE";"5440.0";"";"4355784468";"30.248503 s"
"WRITE";"5436.0";"";"4356072450";"30.250503 s"
"WRITE";"5432.0";"";"4356360431";"30.252503 s"
"WRITE";"5428.0";"";"4356648413";"30.254503 s"
"WRITE";"5425.0";"";"4356936394";"30.256503 s"
"WRITE";"5421.0";"";"4357224376";"30.258503 s"
"WRITE";"5418.0";"";"4357512357";"30.260502 s"
"WRITE";"5415.0";"";"4357800338";"30.262502 s"
"WRITE";"5412.0";"";"4358088320";"30.264502 s"
"WRITE";"5409.0";"";"4358376301";"30.266502 s"
"WRITE";"5407.0";"";"4358664283";"30.268502 s"
"WRITE";"5404.0";"";"4358952264";"30.270502 s"
"WRITE";"5402.0";"";"4359240246";"30.272502 s"
"WRITE";"5399.0";"";"4359528227";"30.274502 s"
"WRITE";"5397.0";"";"4359816208";"30.276501 s"
"WRITE";"5394.0";"";"4360104190";"30.278501 s"
"WRITE";"5391.0";"";"4360392171";"30.280501 s"
"WRITE";"5389.0";"";"4360680153";"30.282501 s"
"WRITE";"5386.0";"";"4360968134";"30.284501 s"
"WRITE";"5383.0";"";"4361256115";"30.286501 s"
"WRITE";"5380.0";"";"4361544097";"30.288501 s"
"WRITE";"5377.0";"";"4361832078";"30.290501 s"
"WRITE";"5373.0";"";"4362120060";"30.292500 s"
"WRITE";"5370.0";"";"4362408041";"30.294500 s"
"WRITE";"5366.0";"";"4362696023";"30.296500 s"
"WRITE";"5363.0";"";"4362984004";"30.298500 s"
"WRITE";"5359.0";"";"4363271985";"30.300500 s"
"WRITE";"5355.0";"";"4363559967";"30.302500 s"
"WRITE";"5351.0";"";"4363847948";"30.304500 s"
"WRITE";"5347.0";"";"4364135930";"30.306500 s"
"WRITE";"5343.0";"";"4364423911";"30.308499 s"
"WRITE";"5339.0";"";"4364711893";"30.310499 s"
"WRITE";"5335.0";"";"4364999874";"30.312499 s"
"WRITE";"5331.0";"";"4365287855";"30.314499 s"
"WRITE";"5327.0";"";"4365575837";"30.316499 s"
"WRITE";"5324.0";"";"4365863818";"30.318499 s"
"WRITE";"5320.0";"";"4366151800";"30.320499 s"
"WRITE";"5316.0";"";"4366439781";"30.322498 s"
"WRITE";"5313.0";"";"4366727762";"30.324498 s"
"WRITE";"5310.0";"";"4367015744";"30.326498 s"
"WRITE";"5306.0";"";"4367303725";"30.328498 s"
"WRITE";"5303.0";"";"4367591707";"30.330498 s"
"WRITE";"5300.0";"";"4367879688";"30.332498 s"
"WRITE";"5296.0";"";"4368167670";"30.334498 s"
"WRITE";"5293.0";"";"4368455651";"30.336498 s"
"WRITE";"5290.0";"";"4368743632";"30.338497 s"
"WRITE";"5287.0";"";"4369031614";"30.340497 s"
"WRITE";"5284.0";"";"4369319595";"30.342497 s"
"WRITE";"5281.0";"";"4369607577";"30.344497 s"
"WRITE";"5278.0";"";"4369895558";"30.346497 s"
"WRITE";"5275.0";"";"4370183540";"30.348497 s"
"WRITE";"5272.0";"";"4370471521";"30.350497 s"
"WRITE";"5269.0";"";"4370759502";"30.352497 s"
"WRITE";"5266.0";"";"4371047484";"30.354496 s"
"WRITE";"5263.0";"";"4371335465";"30.356496 s"
"WRITE";"5260.0";"";"4371623447";"30.358496 s"
"WRITE";"5257.0";"";"4371911428";"30.360496 s"
"WRITE";"5255.0";"";"4372199409";"30.362496 s"
"WRITE";"5252.0";"";"4372487391";"30.364496 s"
"WRITE";"5249.0";"";"4372775372";"30.366496 s"
"WRITE";"5246.0";"";"4373063354";"30.368496 s"
"WRITE";"5244.0";"";"4373351335";"30.370495 s"
"WRITE";"5241.0";"";"4373639317";"30.372495 s"
"WRITE";"5238.0";"";"4373927298";"30.374495 s"
"WRITE";"5235.0";"";"4374215279";"30.376495 s"
"WRITE";"5233.0";"";"4374503261";"30.378495 s"
"WRITE";"5230.0";"";"4374791242";"30.380495 s"
"WRITE";"5227.0";"";"4375079224";"30.382495 s"
"WRITE";"5225.0";"";"4375367205";"30.384494 s"
"WRITE";"5222.0";"";"4375655187";"30.386494 s"
"WRITE";"5220.0";"";"4375943168";"30.388494 s"
"WRITE";"5217.0";"";"4376231149";"30.390494 s"
"WRITE";"5215.0";"";"4376519131";"30.392494 s"
"WRITE";"5212.0";"";"4376807112";"30.394494 s"
"WRITE";"5209.0";"";"4377095094";"30.396494 s"
"WRITE";"5207.0";"";"4377383075";"30.398494 s"
"WRITE";"5204.0";"";"4377671057";"30.400493 s"
"WRITE";"5201.0";"";"4377959038";"30.402493 s"
"WRITE";"5198.0";"";"4378247019";"30.404493 s"
"WRITE";"5194.0";"";"4378535001";"30.406493 s"
"WRITE";"5191.0";"";"4378822982";"30.408493 s"
"WRITE";"5187.0";"";"4379110964";"30.410493 s"
"WRITE";"5184.0";"";"4379398945";"30.412493 s"
"WRITE";"5180.0";"";"4379686926";"30.414493 s"
"WRITE";"5176.0";"";"4379974908";"30.416492 s"
"WRITE";"5172.0";"";"4380262889";"30.418492 s"
"WRITE";"5168.0";"";"4380550871";"30.420492 s"
"WRITE";"5164.0";"";"4380838852";"30.422492 s"
"WRITE";"5161.0";"";"4381126834";"30.424492 s"
"WRITE";"5157.0";"";"4381414815";"30.426492 s"
"WRITE";"5153.0";"";"4381702796";"30.428492 s"
"WRITE";"5149.0";"";"4381990778";"30.430492 s"
"WRITE";"5145.0";"";"4382278759";"30.432491 s"
"WRITE";"5142.0";"";"4382566741";"30.434491 s"
"WRITE";"5138.0";"";"4382854722";"30.436491 s"
"WRITE";"5134.0";"";"4383142704";"30.438491 s"
"WRITE";"5130.0";"";"4383430685";"30.440491 s"
"WRITE";"5126.0";"";"4383718666";"30.442491 s"
"WRITE";"5121.0";"";"4384006648";"30.444491 s"
"WRITE";"5117.0";"";"4384294629";"30.446490 s"
"WRITE";"5113.0";"";"4384582611";"30.448490 s"
"WRITE";"5109.0";"";"4384870592";"30.450490 s"
"WRITE";"5104.0";"";"4385158573";"30.452490 s"
"WRITE";"5100.0";"";"4385446555";"30.454490 s"
"WRITE";"5095.0";"";"4385734536";"30.456490 s"
"WRITE";"5091.0";"";"4386022518";"30.458490 s"
"WRITE";"5086.0";"";"4386310499";"30.460490 s"
"WRITE";"5082.0";"";"4386598481";"30.462489 s"
"WRITE";"5077.0";"";"4386886462";"30.464489 s"
"WRITE";"5073.0";"";"4387174443";"30.466489 s"
"WRITE";"5068.0";"";"4387462425";"30.468489 s"
"WRITE";"5064.0";"";"4387750406";"30.470489 s"
"WRITE";"5059.0";"";"4388038388";"30.472489 s"
"WRITE";"5055.0";"";"4388326369";"30.474489 s"
"WRITE";"5051.0";"";"4388614351";"30.476489 s"
"WRITE";"5047.0";"";"4388902332";"30.478488 s"
"WRITE";"5044.0";"";"4389190313";"30.480488 s"
"WRITE";"5041.0";"";"4389478295";"30.482488 s"
"WRITE";"5038.0";"";"4389766276";"30.484488 s"
"WRITE";"5035.0";"";"4390054258";"30.486488 s"
"WRITE";"5032.0";"";"4390342239";"30.488488 s"
"WRITE";"5030.0";"";"4390630220";"30.490488 s"
"WRITE";"5028.0";"";"4390918202";"30.492488 s"
"WRITE";"5026.0";"";"4391206183";"30.494487 s"
"WRITE";"5024.0";"";"4391494165";"30.496487 s"
"WRITE";"5022.0";"";"4391782146";"30.498487 s"
"WRITE";"5020.0";"";"4392070128";"30.500487 s"
"WRITE";"5018.0";"";"4392358109";"30.502487 s"
"WRITE";"5016.0";"";"4392646090";"30.504487 s"
"WRITE";"5015.0";"";"4392934072";"30.506487 s"
"WRITE";"5013.0";"";"4393224542";"30.508504 s"
"WRITE";"5011.0";"";"4393510035";"30.510486 s"
"WRITE";"5010.0";"";"4393798016";"30.512486 s"
"WRITE";"5008.0";"";"4394085998";"30.514486 s"
"WRITE";"5006.0";"";"4394373979";"30.516486 s"
"WRITE";"5004.0";"";"4394661960";"30.518486 s"
"WRITE";"5002.0";"";"4394949942";"30.520486 s"
"WRITE";"5000.0";"";"4395237923";"30.522486 s"
"WRITE";"4998.0";"";"4395525905";"30.524485 s"
"WRITE";"4996.0";"";"4395813886";"30.526485 s"
"WRITE";"4994.0";"";"4396101868";"30.528485 s"
"WRITE";"4991.0";"";"4396389849";"30.530485 s"
"WRITE";"4989.0";"";"4396677830";"30.532485 s"
"WRITE";"4986.0";"";"4396965812";"30.534485 s"
"WRITE";"4983.0";"";"4397253793";"30.536485 s"
"WRITE";"4980.0";"";"4397541775";"30.538485 s"
"WRITE";"4976.0";"";"4397829756";"30.540484 s"
"WRITE";"4973.0";"";"4398117737";"30.542484 s"
"WRITE";"4969.0";"";"4398405719";"30.544484 s"
"WRITE";"4965.0";"";"4398693700";"30.546484 s"
"WRITE";"4961.0";"";"4398981682";"30.548484 s"
"WRITE";"4957.0";"";"4399269663";"30.550484 s"
"WRITE";"4953.0";"";"4399557645";"30.552484 s"
"WRITE";"4949.0";"";"4399845626";"30.554484 s"
"WRITE";"4945.0";"";"4400133607";"30.556483 s"
"WRITE";"4941.0";"";"4400421589";"30.558483 s"
"WRITE";"4938.0";"";"4400709570";"30.560483 s"
"WRITE";"4935.0";"";"4400997552";"30.562483 s"
"WRITE";"4931.0";"";"4401285533";"30.564483 s"
"WRITE";"4928.0";"";"4401573515";"30.566483 s"
"WRITE";"4925.0";"";"4401861496";"30.568483 s"
"WRITE";"4922.0";"";"4402149477";"30.570482 s"
"WRITE";"4919.0";"";"4402437459";"30.572482 s"
"WRITE";"4915.0";"";"4402725440";"30.574482 s"
"WRITE";"4912.0";"";"4403013422";"30.576482 s"
"WRITE";"4909.0";"";"4403301403";"30.578482 s"
"WRITE";"4906.0";"";"4403589384";"30.580482 s"
"WRITE";"4903.0";"";"4403877366";"30.582482 s"
"WRITE";"4900.0";"";"4404165347";"30.584482 s"
"WRITE";"4896.0";"";"4404453329";"30.586481 s"
"WRITE";"4893.0";"";"4404741310";"30.588481 s"
"WRITE";"4889.0";"";"4405029292";"30.590481 s"
"WRITE";"4885.0";"";"4405317273";"30.592481 s"
"WRITE";"4881.0";"";"4405605254";"30.594481 s"
"WRITE";"4877.0";"";"4405893236";"30.596481 s"
"WRITE";"4873.0";"";"4406181217";"30.598481 s"
"WRITE";"4869.0";"";"4406469199";"30.600481 s"
"WRITE";"4865.0";"";"4406757180";"30.602480 s"
"WRITE";"4861.0";"";"4407045162";"30.604480 s"
"WRITE";"4857.0";"";"4407333143";"30.606480 s"
"WRITE";"4853.0";"";"4407621124";"30.608480 s"
"WRITE";"4850.0";"";"4407909106";"30.610480 s"
"WRITE";"4846.0";"";"4408197087";"30.612480 s"
"WRITE";"4843.0";"";"4408485069";"30.614480 s"
"WRITE";"4839.0";"";"4408773050";"30.616480 s"
"WRITE";"4836.0";"";"4409061031";"30.618479 s"
"WRITE";"4833.0";"";"4409349013";"30.620479 s"
"WRITE";"4831.0";"";"4409636994";"30.622479 s"
"WRITE";"4828.0";"";"4409924976";"30.624479 s"
"WRITE";"4826.0";"";"4410212957";"30.626479 s"
"WRITE";"4823.0";"";"4410500939";"30.628479 s"
"WRITE";"4821.0";"";"4410788920";"30.630479 s"
"WRITE";"4819.0";"";"4411076901";"30.632478 s"
"WRITE";"4817.0";"";"4411364883";"30.634478 s"
"WRITE";"4815.0";"";"4411652864";"30.636478 s"
"WRITE";"4813.0";"";"4411940846";"30.638478 s"
"WRITE";"4811.0";"";"4412228827";"30.640478 s"
"WRITE";"4808.0";"";"4412516809";"30.642478 s"
"WRITE";"4806.0";"";"4412804790";"30.644478 s"
"WRITE";"4803.0";"";"4413092771";"30.646478 s"
"WRITE";"4801.0";"";"4413380753";"30.648477 s"
"WRITE";"4798.0";"";"4413668734";"30.650477 s"
"WRITE";"4795.0";"";"4413956716";"30.652477 s"
"WRITE";"4792.0";"";"4414244697";"30.654477 s"
"WRITE";"4790.0";"";"4414532679";"30.656477 s"
"WRITE";"4787.0";"";"4414820660";"30.658477 s"
"WRITE";"4783.0";"";"4415108641";"30.660477 s"
"WRITE";"4780.0";"";"4415396623";"30.662477 s"
"WRITE";"4777.0";"";"4415684604";"30.664476 s"
"WRITE";"4774.0";"";"4415972586";"30.666476 s"
"WRITE";"4771.0";"";"4416260567";"30.668476 s"
"WRITE";"4768.0";"";"4416548548";"30.670476 s"
"WRITE";"4766.0";"";"4416836530";"30.672476 s"
"WRITE";"4763.0";"";"4417124511";"30.674476 s"
"WRITE";"4760.0";"";"4417412493";"30.676476 s"
"WRITE";"4757.0";"";"4417700474";"30.678476 s"
"WRITE";"4754.0";"";"4417988456";"30.680475 s"
"WRITE";"4751.0";"";"4418276437";"30.682475 s"
"WRITE";"4748.0";"";"4418564418";"30.684475 s"
"WRITE";"4746.0";"";"4418852400";"30.686475 s"
"WRITE";"4743.0";"";"4419140381";"30.688475 s"
"WRITE";"4740.0";"";"4419428363";"30.690475 s"
"WRITE";"4737.0";"";"4419716344";"30.692475 s"
"WRITE";"4734.0";"";"4420004326";"30.694474 s"
"WRITE";"4731.0";"";"4420292307";"30.696474 s"
"WRITE";"4728.0";"";"4420580288";"30.698474 s"
"WRITE";"4724.0";"";"4420868270";"30.700474 s"
"WRITE";"4721.0";"";"4421156251";"30.702474 s"
"WRITE";"4717.0";"";"4421444233";"30.704474 s"
"WRITE";"4714.0";"";"4421732214";"30.706474 s"
"WRITE";"4710.0";"";"4422020195";"30.708474 s"
"WRITE";"4707.0";"";"4422308177";"30.710473 s"
"WRITE";"4703.0";"";"4422596158";"30.712473 s"
"WRITE";"4699.0";"";"4422884140";"30.714473 s"
"WRITE";"4696.0";"";"4423172121";"30.716473 s"
"WRITE";"4692.0";"";"4423460103";"30.718473 s"
"WRITE";"4689.0";"";"4423748084";"30.720473 s"
"WRITE";"4685.0";"";"4424036065";"30.722473 s"
"WRITE";"4682.0";"";"4424324047";"30.724473 s"
"WRITE";"4678.0";"";"4424612028";"30.726472 s"
"WRITE";"4675.0";"";"4424900010";"30.728472 s"
"WRITE";"4672.0";"";"4425187991";"30.730472 s"
"WRITE";"4669.0";"";"4425475973";"30.732472 s"
"WRITE";"4666.0";"";"4425763954";"30.734472 s"
"WRITE";"4663.0";"";"4426051935";"30.736472 s"
"WRITE";"4660.0";"";"4426339917";"30.738472 s"
"WRITE";"4657.0";"";"4426627898";"30.740472 s"
"WRITE";"4654.0";"";"4426915880";"30.742471 s"
"WRITE";"4651.0";"";"4427203861";"30.744471 s"
"WRITE";"4648.0";"";"4427491842";"30.746471 s"
"WRITE";"4646.0";"";"4427779824";"30.748471 s"
"WRITE";"4643.0";"";"4428067805";"30.750471 s"
"WRITE";"4640.0";"";"4428355787";"30.752471 s"
"WRITE";"4637.0";"";"4428643768";"30.754471 s"
"WRITE";"4635.0";"";"4428931750";"30.756470 s"
"WRITE";"4632.0";"";"4429219731";"30.758470 s"
"WRITE";"4629.0";"";"4429507712";"30.760470 s"
"WRITE";"4627.0";"";"4429795694";"30.762470 s"
"WRITE";"4624.0";"";"4430083675";"30.764470 s"
"WRITE";"4621.0";"";"4430371657";"30.766470 s"
"WRITE";"4619.0";"";"4430659638";"30.768470 s"
"WRITE";"4616.0";"";"4430947620";"30.770470 s"
"WRITE";"4614.0";"";"4431235601";"30.772469 s"
"WRITE";"4612.0";"";"4431523582";"30.774469 s"
"WRITE";"4610.0";"";"4431811564";"30.776469 s"
"WRITE";"4608.0";"";"4432099545";"30.778469 s"
"WRITE";"4605.0";"";"4432387527";"30.780469 s"
"WRITE";"4603.0";"";"4432675508";"30.782469 s"
"WRITE";"4601.0";"";"4432963490";"30.784469 s"
"WRITE";"4599.0";"";"4433251471";"30.786469 s"
"WRITE";"4597.0";"";"4433539452";"30.788468 s"
"WRITE";"4595.0";"";"4433827434";"30.790468 s"
"WRITE";"4593.0";"";"4434115415";"30.792468 s"
"WRITE";"4591.0";"";"4434403397";"30.794468 s"
"WRITE";"4589.0";"";"4434691378";"30.796468 s"
"WRITE";"4587.0";"";"4434979359";"30.798468 s"
"WRITE";"4585.0";"";"4435267341";"30.800468 s"
"WRITE";"4583.0";"";"4435555322";"30.802468 s"
"WRITE";"4581.0";"";"4435843304";"30.804467 s"
"WRITE";"4579.0";"";"4436131285";"30.806467 s"
"WRITE";"4577.0";"";"4436419267";"30.808467 s"
"WRITE";"4575.0";"";"4436707248";"30.810467 s"
"WRITE";"4574.0";"";"4436995229";"30.812467 s"
"WRITE";"4572.0";"";"4437283211";"30.814467 s"
"WRITE";"4570.0";"";"4437571192";"30.816467 s"
"WRITE";"4568.0";"";"4437859174";"30.818466 s"
"WRITE";"4566.0";"";"4438147155";"30.820466 s"
"WRITE";"4563.0";"";"4438435137";"30.822466 s"
"WRITE";"4561.0";"";"4438723118";"30.824466 s"
"WRITE";"4559.0";"";"4439011099";"30.826466 s"
"WRITE";"4556.0";"";"4439299081";"30.828466 s"
"WRITE";"4554.0";"";"4439587062";"30.830466 s"
"WRITE";"4552.0";"";"4439875044";"30.832466 s"
"WRITE";"4550.0";"";"4440163025";"30.834465 s"
"WRITE";"4548.0";"";"4440451006";"30.836465 s"
"WRITE";"4546.0";"";"4440738988";"30.838465 s"
"WRITE";"4545.0";"";"4441026969";"30.840465 s"
"WRITE";"4543.0";"";"4441314951";"30.842465 s"
"WRITE";"4542.0";"";"4441602932";"30.844465 s"
"WRITE";"4540.0";"";"4441890914";"30.846465 s"
"WRITE";"4539.0";"";"4442178895";"30.848465 s"
"WRITE";"4538.0";"";"4442466876";"30.850464 s"
"WRITE";"4536.0";"";"4442754858";"30.852464 s"
"WRITE";"4535.0";"";"4443042839";"30.854464 s"
"WRITE";"4534.0";"";"4443330821";"30.856464 s"
"WRITE";"4532.0";"";"4443618802";"30.858464 s"
"WRITE";"4531.0";"";"4443906784";"30.860464 s"
"WRITE";"4529.0";"";"4444194765";"30.862464 s"
"WRITE";"4528.0";"";"4444482746";"30.864464 s"
"WRITE";"4527.0";"";"4444770728";"30.866463 s"
"WRITE";"4526.0";"";"4445058709";"30.868463 s"
"WRITE";"4524.0";"";"4445346691";"30.870463 s"
"WRITE";"4523.0";"";"4445634672";"30.872463 s"
"WRITE";"4522.0";"";"4445922653";"30.874463 s"
"WRITE";"4521.0";"";"4446210635";"30.876463 s"
"WRITE";"4519.0";"";"4446498616";"30.878463 s"
"WRITE";"4518.0";"";"4446786598";"30.880462 s"
"WRITE";"4516.0";"";"4447074579";"30.882462 s"
"WRITE";"4515.0";"";"4447362561";"30.884462 s"
"WRITE";"4514.0";"";"4447650542";"30.886462 s"
"WRITE";"4513.0";"";"4447938523";"30.888462 s"
"WRITE";"4512.0";"";"4448226505";"30.890462 s"
"WRITE";"4511.0";"";"4448514486";"30.892462 s"
"WRITE";"4510.0";"";"4448802468";"30.894462 s"
"WRITE";"4509.0";"";"4449090449";"30.896461 s"
"WRITE";"4508.0";"";"4449378431";"30.898461 s"
"WRITE";"4508.0";"";"4449666412";"30.900461 s"
"WRITE";"4507.0";"";"4449954393";"30.902461 s"
"WRITE";"4507.0";"";"4450242375";"30.904461 s"
"WRITE";"4506.0";"";"4450530356";"30.906461 s"
"WRITE";"4506.0";"";"4450818338";"30.908461 s"
"WRITE";"4506.0";"";"4451106319";"30.910461 s"
"WRITE";"4505.0";"";"4451394301";"30.912460 s"
"WRITE";"4505.0";"";"4451682282";"30.914460 s"
"WRITE";"4505.0";"";"4451970263";"30.916460 s"
"WRITE";"4505.0";"";"4452258245";"30.918460 s"
"WRITE";"4505.0";"";"4452546226";"30.920460 s"
"WRITE";"4504.0";"";"4452834208";"30.922460 s"
"WRITE";"4504.0";"";"4453122189";"30.924460 s"
"WRITE";"4504.0";"";"4453410170";"30.926460 s"
"WRITE";"4503.0";"";"4453698152";"30.928459 s"
"WRITE";"4503.0";"";"4453986133";"30.930459 s"
"WRITE";"4503.0";"";"4454274115";"30.932459 s"
"WRITE";"4503.0";"";"4454562096";"30.934459 s"
"WRITE";"4503.0";"";"4454850078";"30.936459 s"
"WRITE";"4502.0";"";"4455138059";"30.938459 s"
"WRITE";"4502.0";"";"4455426040";"30.940459 s"
"WRITE";"4502.0";"";"4455714022";"30.942458 s"
"WRITE";"4502.0";"";"4456002003";"30.944458 s"
"WRITE";"4502.0";"";"4456289985";"30.946458 s"
"WRITE";"4502.0";"";"4456577966";"30.948458 s"
"WRITE";"4501.0";"";"4456865948";"30.950458 s"
"WRITE";"4501.0";"";"4457153929";"30.952458 s"
"WRITE";"4501.0";"";"4457441910";"30.954458 s"
"WRITE";"4501.0";"";"4457729892";"30.956458 s"
"WRITE";"4500.0";"";"4458017873";"30.958457 s"
"WRITE";"4500.0";"";"4458305855";"30.960457 s"
"WRITE";"4500.0";"";"4458593836";"30.962457 s"
"WRITE";"4500.0";"";"4458881817";"30.964457 s"
"WRITE";"4500.0";"";"4459169799";"30.966457 s"
"WRITE";"4499.0";"";"4459457780";"30.968457 s"
"WRITE";"4499.0";"";"4459745762";"30.970457 s"
"WRITE";"4499.0";"";"4460033743";"30.972457 s"
"WRITE";"4499.0";"";"4460321725";"30.974456 s"
"WRITE";"4498.0";"";"4460609706";"30.976456 s"
"WRITE";"4498.0";"";"4460897687";"30.978456 s"
"WRITE";"4498.0";"";"4461185669";"30.980456 s"
"WRITE";"4498.0";"";"4461473650";"30.982456 s"
"WRITE";"4497.0";"";"4461761632";"30.984456 s"
"WRITE";"4497.0";"";"4462049613";"30.986456 s"
"WRITE";"4497.0";"";"4462337595";"30.988456 s"
"WRITE";"4497.0";"";"4462625576";"30.990455 s"
"WRITE";"4496.0";"";"4462913557";"30.992455 s"
"WRITE";"4496.0";"";"4463201539";"30.994455 s"
"WRITE";"4496.0";"";"4463489520";"30.996455 s"
"WRITE";"4496.0";"";"4463777502";"30.998455 s"
"WRITE";"4495.0";"";"4464065483";"31.000455 s"
"WRITE";"4495.0";"";"4464353464";"31.002455 s"
"WRITE";"4494.0";"";"4464641446";"31.004454 s"
"WRITE";"4494.0";"";"4464929427";"31.006454 s"
"WRITE";"4493.0";"";"4465220017";"31.008472 s"
"WRITE";"4492.0";"";"4465505390";"31.010454 s"
"WRITE";"4491.0";"";"4465793372";"31.012454 s"
"WRITE";"4491.0";"";"4466081353";"31.014454 s"
"WRITE";"4490.0";"";"4466369334";"31.016454 s"
"WRITE";"4489.0";"";"4466657316";"31.018454 s"
"WRITE";"4488.0";"";"4466945297";"31.020453 s"
"WRITE";"4488.0";"";"4467233279";"31.022453 s"
"WRITE";"4487.0";"";"4467521260";"31.024453 s"
"WRITE";"4486.0";"";"4467809242";"31.026453 s"
"WRITE";"4485.0";"";"4468097223";"31.028453 s"
"WRITE";"4484.0";"";"4468385204";"31.030453 s"
"WRITE";"4483.0";"";"4468673186";"31.032453 s"
"WRITE";"4483.0";"";"4468961167";"31.034453 s"
"WRITE";"4482.0";"";"4469249149";"31.036452 s"
"WRITE";"4481.0";"";"4469537130";"31.038452 s"
"WRITE";"4480.0";"";"4469825112";"31.040452 s"
"WRITE";"4479.0";"";"4470113093";"31.042452 s"
"WRITE";"4478.0";"";"4470401074";"31.044452 s"
"WRITE";"4477.0";"";"4470689056";"31.046452 s"
"WRITE";"4476.0";"";"4470977037";"31.048452 s"
"WRITE";"4474.0";"";"4471265019";"31.050452 s"
"WRITE";"4473.0";"";"4471553000";"31.052451 s"
"WRITE";"4472.0";"";"4471840981";"31.054451 s"
"WRITE";"4472.0";"";"4472128963";"31.056451 s"
"WRITE";"4471.0";"";"4472416944";"31.058451 s"
"WRITE";"4470.0";"";"4472704926";"31.060451 s"
"WRITE";"4470.0";"";"4472992907";"31.062451 s"
"WRITE";"4469.0";"";"4473280889";"31.064451 s"
"WRITE";"4468.0";"";"4473568870";"31.066450 s"
"WRITE";"4468.0";"";"4473856851";"31.068450 s"
"WRITE";"4468.0";"";"4474144833";"31.070450 s"
"WRITE";"4467.0";"";"4474432814";"31.072450 s"
"WRITE";"4467.0";"";"4474720796";"31.074450 s"
"WRITE";"4467.0";"";"4475008777";"31.076450 s"
"WRITE";"4466.0";"";"4475296759";"31.078450 s"
"WRITE";"4466.0";"";"4475584740";"31.080450 s"
"WRITE";"4466.0";"";"4475872721";"31.082449 s"
"WRITE";"4466.0";"";"4476160703";"31.084449 s"
"WRITE";"4466.0";"";"4476448684";"31.086449 s"
"WRITE";"4466.0";"";"4476736666";"31.088449 s"
"WRITE";"4466.0";"";"4477024647";"31.090449 s"
"WRITE";"4466.0";"";"4477312628";"31.092449 s"
"WRITE";"4466.0";"";"4477600610";"31.094449 s"
"WRITE";"4466.0";"";"4477888591";"31.096449 s"
"WRITE";"4466.0";"";"4478176573";"31.098448 s"
"WRITE";"4466.0";"";"4478464554";"31.100448 s"
"WRITE";"4466.0";"";"4478752536";"31.102448 s"
"WRITE";"4466.0";"";"4479040517";"31.104448 s"
"WRITE";"4466.0";"";"4479328498";"31.106448 s"
"WRITE";"4466.0";"";"4479616480";"31.108448 s"
"WRITE";"4466.0";"";"4479904461";"31.110448 s"
"WRITE";"4466.0";"";"4480192443";"31.112448 s"
"WRITE";"4466.0";"";"4480480424";"31.114447 s"
"WRITE";"4467.0";"";"4480768406";"31.116447 s"
"WRITE";"4467.0";"";"4481056387";"31.118447 s"
"WRITE";"4467.0";"";"4481344368";"31.120447 s"
"WRITE";"4467.0";"";"4481632350";"31.122447 s"
"WRITE";"4467.0";"";"4481920331";"31.124447 s"
"WRITE";"4467.0";"";"4482208313";"31.126447 s"
"WRITE";"4468.0";"";"4482496294";"31.128446 s"
"WRITE";"4468.0";"";"4482784275";"31.130446 s"
"WRITE";"4468.0";"";"4483072257";"31.132446 s"
"WRITE";"4468.0";"";"4483360238";"31.134446 s"
"WRITE";"4469.0";"";"4483648220";"31.136446 s"
"WRITE";"4469.0";"";"4483936201";"31.138446 s"
"WRITE";"4469.0";"";"4484224183";"31.140446 s"
"WRITE";"4469.0";"";"4484512164";"31.142446 s"
"WRITE";"4469.0";"";"4484800145";"31.144445 s"
"WRITE";"4470.0";"";"4485088127";"31.146445 s"
"WRITE";"4470.0";"";"4485376108";"31.148445 s"
"WRITE";"4470.0";"";"4485664090";"31.150445 s"
"WRITE";"4470.0";"";"4485952071";"31.152445 s"
"WRITE";"4470.0";"";"4486240053";"31.154445 s"
"WRITE";"4470.0";"";"4486528034";"31.156445 s"
"WRITE";"4470.0";"";"4486816015";"31.158445 s"
"WRITE";"4470.0";"";"4487103997";"31.160444 s"
"WRITE";"4470.0";"";"4487391978";"31.162444 s"
"WRITE";"4470.0";"";"4487679960";"31.164444 s"
"WRITE";"4470.0";"";"4487967941";"31.166444 s"
"WRITE";"4470.0";"";"4488255923";"31.168444 s"
"WRITE";"4470.0";"";"4488543904";"31.170444 s"
"WRITE";"4470.0";"";"4488831885";"31.172444 s"
"WRITE";"4470.0";"";"4489119867";"31.174444 s"
"WRITE";"4470.0";"";"4489407848";"31.176443 s"
"WRITE";"4470.0";"";"4489695830";"31.178443 s"
"WRITE";"4470.0";"";"4489983811";"31.180443 s"
"WRITE";"4470.0";"";"4490271792";"31.182443 s"
"WRITE";"4470.0";"";"4490559774";"31.184443 s"
"WRITE";"4470.0";"";"4490847755";"31.186443 s"
"WRITE";"4470.0";"";"4491135737";"31.188443 s"
"WRITE";"4470.0";"";"4491423718";"31.190442 s"
"WRITE";"4470.0";"";"4491711700";"31.192442 s"
"WRITE";"4470.0";"";"4491999681";"31.194442 s"
"WRITE";"4470.0";"";"4492287662";"31.196442 s"
"WRITE";"4470.0";"";"4492575644";"31.198442 s"
"WRITE";"4470.0";"";"4492863625";"31.200442 s"
"WRITE";"4470.0";"";"4493151607";"31.202442 s"
"WRITE";"4470.0";"";"4493439588";"31.204442 s"
"WRITE";"4470.0";"";"4493727570";"31.206441 s"
"WRITE";"4470.0";"";"4494015551";"31.208441 s"
"WRITE";"4470.0";"";"4494303532";"31.210441 s"
"WRITE";"4470.0";"";"4494591514";"31.212441 s"
"WRITE";"4470.0";"";"4494879495";"31.214441 s"
"WRITE";"4470.0";"";"4495167477";"31.216441 s"
"WRITE";"4470.0";"";"4495455458";"31.218441 s"
"WRITE";"4470.0";"";"4495743439";"31.220441 s"
"WRITE";"4470.0";"";"4496031421";"31.222440 s"
"WRITE";"4470.0";"";"4496319402";"31.224440 s"
"WRITE";"4470.0";"";"4496607384";"31.226440 s"
"WRITE";"4470.0";"";"4496895365";"31.228440 s"
"WRITE";"4470.0";"";"4497183347";"31.230440 s"
"WRITE";"4470.0";"";"4497471328";"31.232440 s"
"WRITE";"4470.0";"";"4497759309";"31.234440 s"
"WRITE";"4470.0";"";"4498047291";"31.236440 s"
"WRITE";"4470.0";"";"4498335272";"31.238439 s"
"WRITE";"4470.0";"";"4498623254";"31.240439 s"
"WRITE";"4470.0";"";"4498911235";"31.242439 s"
"WRITE";"4470.0";"";"4499199217";"31.244439 s"
"WRITE";"4470.0";"";"4499487198";"31.246439 s"
"WRITE";"4470.0";"";"4499775179";"31.248439 s"
"WRITE";"4470.0";"";"4500063161";"31.250439 s"
"WRITE";"4470.0";"";"4500351142";"31.252438 s"
"WRITE";"4470.0";"";"4500639124";"31.254438 s"
"WRITE";"4470.0";"";"4500927105";"31.256438 s"
"WRITE";"4470.0";"";"4501215086";"31.258438 s"
"WRITE";"4470.0";"";"4501503068";"31.260438 s"
"WRITE";"4470.0";"";"4501791049";"31.262438 s"
"WRITE";"4470.0";"";"4502079031";"31.264438 s"
"WRITE";"4470.0";"";"4502367012";"31.266438 s"
"WRITE";"4470.0";"";"4502654994";"31.268437 s"
"WRITE";"4470.0";"";"4502942975";"31.270437 s"
"WRITE";"4470.0";"";"4503230956";"31.272437 s"
"WRITE";"4470.0";"";"4503518938";"31.274437 s"
"WRITE";"4470.0";"";"4503806919";"31.276437 s"
"WRITE";"4470.0";"";"4504094901";"31.278437 s"
"WRITE";"4470.0";"";"4504382882";"31.280437 s"
"WRITE";"4470.0";"";"4504670864";"31.282437 s"
"WRITE";"4470.0";"";"4504958845";"31.284436 s"
"WRITE";"4470.0";"";"4505246826";"31.286436 s"
"WRITE";"4470.0";"";"4505534808";"31.288436 s"
"WRITE";"4470.0";"";"4505822789";"31.290436 s"
"WRITE";"4470.0";"";"4506110771";"31.292436 s"
"WRITE";"4470.0";"";"4506398752";"31.294436 s"
"WRITE";"4470.0";"";"4506686734";"31.296436 s"
"WRITE";"4470.0";"";"4506974715";"31.298436 s"
"WRITE";"4470.0";"";"4507262696";"31.300435 s"
"WRITE";"4470.0";"";"4507550678";"31.302435 s"
"WRITE";"4470.0";"";"4507838659";"31.304435 s"
"WRITE";"4470.0";"";"4508126641";"31.306435 s"
"WRITE";"4470.0";"";"4508414622";"31.308435 s"
"WRITE";"4470.0";"";"4508702603";"31.310435 s"
"WRITE";"4470.0";"";"4508990585";"31.312435 s"
"WRITE";"4470.0";"";"4509278566";"31.314434 s"
"WRITE";"4470.0";"";"4509566548";"31.316434 s"
"WRITE";"4470.0";"";"4509854529";"31.318434 s"
"WRITE";"4470.0";"";"4510142511";"31.320434 s"
"WRITE";"4470.0";"";"4510430492";"31.322434 s"
"WRITE";"4470.0";"";"4510718473";"31.324434 s"
"WRITE";"4470.0";"";"4511006455";"31.326434 s"
"WRITE";"4470.0";"";"4511294436";"31.328434 s"
"WRITE";"4470.0";"";"4511582418";"31.330433 s"
"WRITE";"4470.0";"";"4511870399";"31.332433 s"
"WRITE";"4470.0";"";"4512158381";"31.334433 s"
"WRITE";"4470.0";"";"4512446362";"31.336433 s"
"WRITE";"4470.0";"";"4512734343";"31.338433 s"
"WRITE";"4470.0";"";"4513022325";"31.340433 s"
"WRITE";"4470.0";"";"4513310306";"31.342433 s"
"WRITE";"4470.0";"";"4513598288";"31.344433 s"
"WRITE";"4470.0";"";"4513886269";"31.346432 s"
"WRITE";"4470.0";"";"4514174250";"31.348432 s"
"WRITE";"4470.0";"";"4514462232";"31.350432 s"
"WRITE";"4470.0";"";"4514750213";"31.352432 s"
"WRITE";"4470.0";"";"4515038195";"31.354432 s"
"WRITE";"4470.0";"";"4515326176";"31.356432 s"
"WRITE";"4470.0";"";"4515614158";"31.358432 s"
"WRITE";"4470.0";"";"4515902139";"31.360432 s"
"WRITE";"4470.0";"";"4516190120";"31.362431 s"
"WRITE";"4470.0";"";"4516478102";"31.364431 s"
"WRITE";"4470.0";"";"4516766083";"31.366431 s"
"WRITE";"4470.0";"";"4517054065";"31.368431 s"
"WRITE";"4470.0";"";"4517342046";"31.370431 s"
"WRITE";"4470.0";"";"4517630028";"31.372431 s"
"WRITE";"4470.0";"";"4517918009";"31.374431 s"
"WRITE";"4470.0";"";"4518205990";"31.376430 s"
"WRITE";"4470.0";"";"4518493972";"31.378430 s"
"WRITE";"4470.0";"";"4518781953";"31.380430 s"
"WRITE";"4470.0";"";"4519069935";"31.382430 s"
"WRITE";"4470.0";"";"4519357916";"31.384430 s"
"WRITE";"4470.0";"";"4519645897";"31.386430 s"
"WRITE";"4470.0";"";"4519933879";"31.388430 s"
"WRITE";"4470.0";"";"4520221860";"31.390430 s"
"WRITE";"4470.0";"";"4520509842";"31.392429 s"
"WRITE";"4470.0";"";"4520797823";"31.394429 s"
"WRITE";"4470.0";"";"4521085805";"31.396429 s"
"WRITE";"4470.0";"";"4521373786";"31.398429 s"
"WRITE";"4470.0";"";"4521661767";"31.400429 s"
"WRITE";"4470.0";"";"4521949749";"31.402429 s"
"WRITE";"4470.0";"";"4522237730";"31.404429 s"
"WRITE";"4470.0";"";"4522525712";"31.406429 s"
"WRITE";"4470.0";"";"4522813693";"31.408428 s"
"WRITE";"4470.0";"";"4523101675";"31.410428 s"
"WRITE";"4470.0";"";"4523389656";"31.412428 s"
"WRITE";"4470.0";"";"4523677637";"31.414428 s"
"WRITE";"4470.0";"";"4523965619";"31.416428 s"
"WRITE";"4470.0";"";"4524253600";"31.418428 s"
"WRITE";"4470.0";"";"4524541582";"31.420428 s"
"WRITE";"4470.0";"";"4524829563";"31.422428 s"
"WRITE";"4470.0";"";"4525117545";"31.424427 s"
"WRITE";"4470.0";"";"4525405526";"31.426427 s"
"WRITE";"4470.0";"";"4525693507";"31.428427 s"
"WRITE";"4470.0";"";"4525981489";"31.430427 s"
"WRITE";"4470.0";"";"4526269470";"31.432427 s"
"WRITE";"4470.0";"";"4526557452";"31.434427 s"
"WRITE";"4470.0";"";"4526845433";"31.436427 s"
"WRITE";"4470.0";"";"4527133414";"31.438426 s"
"WRITE";"4470.0";"";"4527421396";"31.440426 s"
"WRITE";"4470.0";"";"4527709377";"31.442426 s"
"WRITE";"4470.0";"";"4527997359";"31.444426 s"
"WRITE";"4470.0";"";"4528285340";"31.446426 s"
"WRITE";"4470.0";"";"4528573322";"31.448426 s"
"WRITE";"4470.0";"";"4528861303";"31.450426 s"
"WRITE";"4470.0";"";"4529149284";"31.452426 s"
"WRITE";"4470.0";"";"4529437266";"31.454425 s"
"WRITE";"4470.0";"";"4529725247";"31.456425 s"
"WRITE";"4470.0";"";"4530013229";"31.458425 s"
"WRITE";"4470.0";"";"4530301210";"31.460425 s"
"WRITE";"4470.0";"";"4530589192";"31.462425 s"
"WRITE";"4470.0";"";"4530877173";"31.464425 s"
"WRITE";"4470.0";"";"4531165154";"31.466425 s"
"WRITE";"4470.0";"";"4531453136";"31.468425 s"
"WRITE";"4470.0";"";"4531741117";"31.470424 s"
"WRITE";"4470.0";"";"4532029099";"31.472424 s"
"WRITE";"4470.0";"";"4532317080";"31.474424 s"
"WRITE";"4470.0";"";"4532605061";"31.476424 s"
"WRITE";"4470.0";"";"4532893043";"31.478424 s"
"WRITE";"4470.0";"";"4533181024";"31.480424 s"
"WRITE";"4470.0";"";"4533469006";"31.482424 s"
"WRITE";"4470.0";"";"4533756987";"31.484424 s"
"WRITE";"4470.0";"";"4534044969";"31.486423 s"
"WRITE";"4470.0";"";"4534332950";"31.488423 s"
"WRITE";"4470.0";"";"4534620931";"31.490423 s"
"WRITE";"4470.0";"";"4534908913";"31.492423 s"
"WRITE";"4470.0";"";"4535196894";"31.494423 s"
"WRITE";"4470.0";"";"4535484876";"31.496423 s"
"WRITE";"4470.0";"";"4535772857";"31.498423 s"
"WRITE";"4470.0";"";"4536060839";"31.500422 s"
"WRITE";"4470.0";"";"4536348820";"31.502422 s"
"WRITE";"4470.0";"";"4536636801";"31.504422 s"
"WRITE";"4470.0";"";"4536924783";"31.506422 s"
"WRITE";"4470.0";"";"4537215372";"31.508440 s"
"WRITE";"4470.0";"";"4537500746";"31.510422 s"
"WRITE";"4470.0";"";"4537788727";"31.512422 s"
"WRITE";"4470.0";"";"4538076708";"31.514422 s"
"WRITE";"4470.0";"";"4538364690";"31.516421 s"
"WRITE";"4470.0";"";"4538652671";"31.518421 s"
"WRITE";"4470.0";"";"4538940653";"31.520421 s"
"WRITE";"4470.0";"";"4539228634";"31.522421 s"
"WRITE";"4470.0";"";"4539516616";"31.524421 s"
"WRITE";"4470.0";"";"4539804597";"31.526421 s"
"WRITE";"4470.0";"";"4540092578";"31.528421 s"
"WRITE";"4470.0";"";"4540380560";"31.530421 s"
"WRITE";"4470.0";"";"4540668541";"31.532420 s"
"WRITE";"4470.0";"";"4540956523";"31.534420 s"
"WRITE";"4470.0";"";"4541244504";"31.536420 s"
"WRITE";"4470.0";"";"4541532486";"31.538420 s"
"WRITE";"4470.0";"";"4541820467";"31.540420 s"
"WRITE";"4469.0";"";"4542108448";"31.542420 s"
"WRITE";"4469.0";"";"4542396430";"31.544420 s"
"WRITE";"4468.0";"";"4542684411";"31.546420 s"
"WRITE";"4468.0";"";"4542972393";"31.548419 s"
"WRITE";"4467.0";"";"4543260374";"31.550419 s"
"WRITE";"4467.0";"";"4543548356";"31.552419 s"
"WRITE";"4466.0";"";"4543836337";"31.554419 s"
"WRITE";"4465.0";"";"4544124318";"31.556419 s"
"WRITE";"4464.0";"";"4544412300";"31.558419 s"
"WRITE";"4463.0";"";"4544700281";"31.560419 s"
"WRITE";"4463.0";"";"4544988263";"31.562418 s"
"WRITE";"4462.0";"";"4545276244";"31.564418 s"
"WRITE";"4461.0";"";"4545564225";"31.566418 s"
"WRITE";"4460.0";"";"4545852207";"31.568418 s"
"WRITE";"4458.0";"";"4546140188";"31.570418 s"
"WRITE";"4457.0";"";"4546428170";"31.572418 s"
"WRITE";"4455.0";"";"4546716151";"31.574418 s"
"WRITE";"4453.0";"";"4547004133";"31.576418 s"
"WRITE";"4450.0";"";"4547292114";"31.578417 s"
"WRITE";"4448.0";"";"4547580095";"31.580417 s"
"WRITE";"4445.0";"";"4547868077";"31.582417 s"
"WRITE";"4441.0";"";"4548156058";"31.584417 s"
"WRITE";"4437.0";"";"4548444040";"31.586417 s"
"WRITE";"4433.0";"";"4548732021";"31.588417 s"
"WRITE";"4428.0";"";"4549020003";"31.590417 s"
"WRITE";"4423.0";"";"4549307984";"31.592417 s"
"WRITE";"4418.0";"";"4549595965";"31.594416 s"
"WRITE";"4412.0";"";"4549883947";"31.596416 s"
"WRITE";"4407.0";"";"4550171928";"31.598416 s"
"WRITE";"4400.0";"";"4550459910";"31.600416 s"
"WRITE";"4394.0";"";"4550747891";"31.602416 s"
"WRITE";"4387.0";"";"4551035872";"31.604416 s"
"WRITE";"4380.0";"";"4551323854";"31.606416 s"
"WRITE";"4372.0";"";"4551611835";"31.608416 s"
"WRITE";"4365.0";"";"4551899817";"31.610415 s"
"WRITE";"4356.0";"";"4552187798";"31.612415 s"
"WRITE";"4348.0";"";"4552475780";"31.614415 s"
"WRITE";"4339.0";"";"4552763761";"31.616415 s"
"WRITE";"4330.0";"";"4553051742";"31.618415 s"
"WRITE";"4320.0";"";"4553339724";"31.620415 s"
"WRITE";"4311.0";"";"4553627705";"31.622415 s"
"WRITE";"4301.0";"";"4553915687";"31.624414 s"
"WRITE";"4291.0";"";"4554203668";"31.626414 s"
"WRITE";"4281.0";"";"4554491650";"31.628414 s"
"WRITE";"4271.0";"";"4554779631";"31.630414 s"
"WRITE";"4261.0";"";"4555067612";"31.632414 s"
"WRITE";"4250.0";"";"4555355594";"31.634414 s"
"WRITE";"4239.0";"";"4555643575";"31.636414 s"
"WRITE";"4229.0";"";"4555931557";"31.638414 s"
"WRITE";"4218.0";"";"4556219538";"31.640413 s"
"WRITE";"4208.0";"";"4556507519";"31.642413 s"
"WRITE";"4197.0";"";"4556795501";"31.644413 s"
"WRITE";"4187.0";"";"4557083482";"31.646413 s"
"WRITE";"4177.0";"";"4557371464";"31.648413 s"
"WRITE";"4168.0";"";"4557659445";"31.650413 s"
"WRITE";"4158.0";"";"4557947427";"31.652413 s"
"WRITE";"4149.0";"";"4558235408";"31.654413 s"
"WRITE";"4141.0";"";"4558523389";"31.656412 s"
"WRITE";"4133.0";"";"4558811371";"31.658412 s"
"WRITE";"4125.0";"";"4559099352";"31.660412 s"
"WRITE";"4118.0";"";"4559387334";"31.662412 s"
"WRITE";"4110.0";"";"4559675315";"31.664412 s"
"WRITE";"4102.0";"";"4559963297";"31.666412 s"
"WRITE";"4095.0";"";"4560251278";"31.668412 s"
"WRITE";"4087.0";"";"4560539259";"31.670412 s"
"WRITE";"4079.0";"";"4560827241";"31.672411 s"
"WRITE";"4072.0";"";"4561115222";"31.674411 s"
"WRITE";"4064.0";"";"4561403204";"31.676411 s"
"WRITE";"4057.0";"";"4561691185";"31.678411 s"
"WRITE";"4050.0";"";"4561979167";"31.680411 s"
"WRITE";"4043.0";"";"4562267148";"31.682411 s"
"WRITE";"4036.0";"";"4562555129";"31.684411 s"
"WRITE";"4029.0";"";"4562843111";"31.686410 s"
"WRITE";"4023.0";"";"4563131092";"31.688410 s"
"WRITE";"4016.0";"";"4563419074";"31.690410 s"
"WRITE";"4011.0";"";"4563707055";"31.692410 s"
"WRITE";"4005.0";"";"4563995036";"31.694410 s"
"WRITE";"3999.0";"";"4564283018";"31.696410 s"
"WRITE";"3993.0";"";"4564570999";"31.698410 s"
"WRITE";"3988.0";"";"4564858981";"31.700410 s"
"WRITE";"3983.0";"";"4565146962";"31.702409 s"
"WRITE";"3977.0";"";"4565434944";"31.704409 s"
"WRITE";"3972.0";"";"4565722925";"31.706409 s"
"WRITE";"3967.0";"";"4566010906";"31.708409 s"
"WRITE";"3961.0";"";"4566298888";"31.710409 s"
"WRITE";"3956.0";"";"4566586869";"31.712409 s"
"WRITE";"3950.0";"";"4566874851";"31.714409 s"
"WRITE";"3945.0";"";"4567162832";"31.716409 s"
"WRITE";"3939.0";"";"4567450814";"31.718408 s"
"WRITE";"3934.0";"";"4567738795";"31.720408 s"
"WRITE";"3928.0";"";"4568026776";"31.722408 s"
"WRITE";"3923.0";"";"4568314758";"31.724408 s"
"WRITE";"3917.0";"";"4568602739";"31.726408 s"
"WRITE";"3911.0";"";"4568890721";"31.728408 s"
"WRITE";"3905.0";"";"4569178702";"31.730408 s"
"WRITE";"3898.0";"";"4569466683";"31.732408 s"
"WRITE";"3892.0";"";"4569754665";"31.734407 s"
"WRITE";"3885.0";"";"4570042646";"31.736407 s"
"WRITE";"3878.0";"";"4570330628";"31.738407 s"
"WRITE";"3870.0";"";"4570618609";"31.740407 s"
"WRITE";"3862.0";"";"4570906591";"31.742407 s"
"WRITE";"3854.0";"";"4571194572";"31.744407 s"
"WRITE";"3846.0";"";"4571482553";"31.746407 s"
"WRITE";"3838.0";"";"4571770535";"31.748406 s"
"WRITE";"3830.0";"";"4572058516";"31.750406 s"
"WRITE";"3822.0";"";"4572346498";"31.752406 s"
"WRITE";"3813.0";"";"4572634479";"31.754406 s"
"WRITE";"3805.0";"";"4572922461";"31.756406 s"
"WRITE";"3796.0";"";"4573210442";"31.758406 s"
"WRITE";"3787.0";"";"4573498423";"31.760406 s"
"WRITE";"3779.0";"";"4573786405";"31.762406 s"
"WRITE";"3770.0";"";"4574074386";"31.764405 s"
"WRITE";"3762.0";"";"4574362368";"31.766405 s"
"WRITE";"3754.0";"";"4574650349";"31.768405 s"
"WRITE";"3747.0";"";"4574938330";"31.770405 s"
"WRITE";"3739.0";"";"4575226312";"31.772405 s"
"WRITE";"3733.0";"";"4575514293";"31.774405 s"
"WRITE";"3727.0";"";"4575802275";"31.776405 s"
"WRITE";"3721.0";"";"4576090256";"31.778405 s"
"WRITE";"3715.0";"";"4576378238";"31.780404 s"
"WRITE";"3709.0";"";"4576666219";"31.782404 s"
"WRITE";"3704.0";"";"4576954200";"31.784404 s"
"WRITE";"3699.0";"";"4577242182";"31.786404 s"
"WRITE";"3694.0";"";"4577530163";"31.788404 s"
"WRITE";"3689.0";"";"4577818145";"31.790404 s"
"WRITE";"3684.0";"";"4578106126";"31.792404 s"
"WRITE";"3678.0";"";"4578394108";"31.794404 s"
"WRITE";"3673.0";"";"4578682089";"31.796403 s"
"WRITE";"3667.0";"";"4578970070";"31.798403 s"
"WRITE";"3662.0";"";"4579258052";"31.800403 s"
"WRITE";"3656.0";"";"4579546033";"31.802403 s"
"WRITE";"3650.0";"";"4579834015";"31.804403 s"
"WRITE";"3644.0";"";"4580121996";"31.806403 s"
"WRITE";"3639.0";"";"4580409978";"31.808403 s"
"WRITE";"3633.0";"";"4580697959";"31.810402 s"
"WRITE";"3627.0";"";"4580985940";"31.812402 s"
"WRITE";"3622.0";"";"4581273922";"31.814402 s"
"WRITE";"3616.0";"";"4581561903";"31.816402 s"
"WRITE";"3610.0";"";"4581849885";"31.818402 s"
"WRITE";"3605.0";"";"4582137866";"31.820402 s"
"WRITE";"3599.0";"";"4582425847";"31.822402 s"
"WRITE";"3594.0";"";"4582713829";"31.824402 s"
"WRITE";"3589.0";"";"4583001810";"31.826401 s"
"WRITE";"3584.0";"";"4583289792";"31.828401 s"
"WRITE";"3579.0";"";"4583577773";"31.830401 s"
"WRITE";"3575.0";"";"4583865755";"31.832401 s"
"WRITE";"3571.0";"";"4584153736";"31.834401 s"
"WRITE";"3566.0";"";"4584441717";"31.836401 s"
"WRITE";"3562.0";"";"4584729699";"31.838401 s"
"WRITE";"3559.0";"";"4585017680";"31.840401 s"
"WRITE";"3555.0";"";"4585305662";"31.842400 s"
"WRITE";"3550.0";"";"4585593643";"31.844400 s"
"WRITE";"3546.0";"";"4585881625";"31.846400 s"
"WRITE";"3542.0";"";"4586169606";"31.848400 s"
"WRITE";"3537.0";"";"4586457587";"31.850400 s"
"WRITE";"3533.0";"";"4586745569";"31.852400 s"
"WRITE";"3528.0";"";"4587033550";"31.854400 s"
"WRITE";"3523.0";"";"4587321532";"31.856400 s"
"WRITE";"3518.0";"";"4587609513";"31.858399 s"
"WRITE";"3513.0";"";"4587897494";"31.860399 s"
"WRITE";"3508.0";"";"4588185476";"31.862399 s"
"WRITE";"3503.0";"";"4588473457";"31.864399 s"
"WRITE";"3498.0";"";"4588761439";"31.866399 s"
"WRITE";"3493.0";"";"4589049420";"31.868399 s"
"WRITE";"3487.0";"";"4589337402";"31.870399 s"
"WRITE";"3482.0";"";"4589625383";"31.872398 s"
"WRITE";"3477.0";"";"4589913364";"31.874398 s"
"WRITE";"3471.0";"";"4590201346";"31.876398 s"
"WRITE";"3466.0";"";"4590489327";"31.878398 s"
"WRITE";"3461.0";"";"4590777309";"31.880398 s"
"WRITE";"3455.0";"";"4591065290";"31.882398 s"
"WRITE";"3450.0";"";"4591353272";"31.884398 s"
"WRITE";"3445.0";"";"4591641253";"31.886398 s"
"WRITE";"3440.0";"";"4591929234";"31.888397 s"
"WRITE";"3435.0";"";"4592217216";"31.890397 s"
"WRITE";"3429.0";"";"4592505197";"31.892397 s"
"WRITE";"3424.0";"";"4592793179";"31.894397 s"
"WRITE";"3418.0";"";"4593081160";"31.896397 s"
"WRITE";"3412.0";"";"4593369141";"31.898397 s"
"WRITE";"3405.0";"";"4593657123";"31.900397 s"
"WRITE";"3399.0";"";"4593945104";"31.902397 s"
"WRITE";"3392.0";"";"4594233086";"31.904396 s"
"WRITE";"3384.0";"";"4594521067";"31.906396 s"
"WRITE";"3377.0";"";"4594809049";"31.908396 s"
"WRITE";"3370.0";"";"4595097030";"31.910396 s"
"WRITE";"3362.0";"";"4595385011";"31.912396 s"
"WRITE";"3354.0";"";"4595672993";"31.914396 s"
"WRITE";"3347.0";"";"4595960974";"31.916396 s"
"WRITE";"3339.0";"";"4596248956";"31.918396 s"
"WRITE";"3331.0";"";"4596536937";"31.920395 s"
"WRITE";"3324.0";"";"4596824919";"31.922395 s"
"WRITE";"3316.0";"";"4597112900";"31.924395 s"
"WRITE";"3308.0";"";"4597400881";"31.926395 s"
"WRITE";"3301.0";"";"4597688863";"31.928395 s"
"WRITE";"3293.0";"";"4597976844";"31.930395 s"
"WRITE";"3285.0";"";"4598264826";"31.932395 s"
"WRITE";"3278.0";"";"4598552807";"31.934394 s"
"WRITE";"3270.0";"";"4598840789";"31.936394 s"
"WRITE";"3262.0";"";"4599128770";"31.938394 s"
"WRITE";"3255.0";"";"4599416751";"31.940394 s"
"WRITE";"3247.0";"";"4599704733";"31.942394 s"
"WRITE";"3239.0";"";"4599992714";"31.944394 s"
"WRITE";"3232.0";"";"4600280696";"31.946394 s"
"WRITE";"3224.0";"";"4600568677";"31.948394 s"
"WRITE";"3217.0";"";"4600856658";"31.950393 s"
"WRITE";"3209.0";"";"4601144640";"31.952393 s"
"WRITE";"3201.0";"";"4601432621";"31.954393 s"
"WRITE";"3194.0";"";"4601720603";"31.956393 s"
"WRITE";"3186.0";"";"4602008584";"31.958393 s"
"WRITE";"3178.0";"";"4602296566";"31.960393 s"
"WRITE";"3170.0";"";"4602584547";"31.962393 s"
"WRITE";"3161.0";"";"4602872528";"31.964393 s"
"WRITE";"3152.0";"";"4603160510";"31.966392 s"
"WRITE";"3143.0";"";"4603448491";"31.968392 s"
"WRITE";"3134.0";"";"4603736473";"31.970392 s"
"WRITE";"3125.0";"";"4604024454";"31.972392 s"
"WRITE";"3116.0";"";"4604312436";"31.974392 s"
"WRITE";"3107.0";"";"4604600417";"31.976392 s"
"WRITE";"3097.0";"";"4604888398";"31.978392 s"
"WRITE";"3088.0";"";"4605176380";"31.980392 s"
"WRITE";"3079.0";"";"4605464361";"31.982391 s"
"WRITE";"3069.0";"";"4605752343";"31.984391 s"
"WRITE";"3060.0";"";"4606040324";"31.986391 s"
"WRITE";"3050.0";"";"4606328305";"31.988391 s"
"WRITE";"3041.0";"";"4606616287";"31.990391 s"
"WRITE";"3032.0";"";"4606904268";"31.992391 s"
"WRITE";"3023.0";"";"4607192250";"31.994391 s"
"WRITE";"3014.0";"";"4607480231";"31.996390 s"
"WRITE";"3006.0";"";"4607768213";"31.998390 s"
"WRITE";"2997.0";"";"4608056194";"32.000390 s"
"WRITE";"2989.0";"";"4608344175";"32.002390 s"
"WRITE";"2981.0";"";"4608632157";"32.004390 s"
"WRITE";"2973.0";"";"4608920138";"32.006390 s"
"WRITE";"2966.0";"";"4609210715";"32.008408 s"
"WRITE";"2958.0";"";"4609496101";"32.010390 s"
"WRITE";"2950.0";"";"4609784083";"32.012389 s"
"WRITE";"2943.0";"";"4610072064";"32.014389 s"
"WRITE";"2935.0";"";"4610360045";"32.016389 s"
"WRITE";"2928.0";"";"4610648027";"32.018389 s"
"WRITE";"2921.0";"";"4610936008";"32.020389 s"
"WRITE";"2914.0";"";"4611223990";"32.022389 s"
"WRITE";"2907.0";"";"4611511971";"32.024389 s"
"WRITE";"2900.0";"";"4611799952";"32.026389 s"
"WRITE";"2894.0";"";"4612087934";"32.028388 s"
"WRITE";"2887.0";"";"4612375915";"32.030388 s"
"WRITE";"2881.0";"";"4612663897";"32.032388 s"
"WRITE";"2875.0";"";"4612951878";"32.034388 s"
"WRITE";"2868.0";"";"4613239860";"32.036388 s"
"WRITE";"2862.0";"";"4613527841";"32.038388 s"
"WRITE";"2855.0";"";"4613815822";"32.040388 s"
"WRITE";"2848.0";"";"4614103804";"32.042388 s"
"WRITE";"2840.0";"";"4614391785";"32.044387 s"
"WRITE";"2833.0";"";"4614679767";"32.046387 s"
"WRITE";"2825.0";"";"4614967748";"32.048387 s"
"WRITE";"2818.0";"";"4615255730";"32.050387 s"
"WRITE";"2810.0";"";"4615543711";"32.052387 s"
"WRITE";"2802.0";"";"4615831692";"32.054387 s"
"WRITE";"2795.0";"";"4616119674";"32.056387 s"
"WRITE";"2787.0";"";"4616407655";"32.058386 s"
"WRITE";"2780.0";"";"4616695637";"32.060386 s"
"WRITE";"2773.0";"";"4616983618";"32.062386 s"
"WRITE";"2766.0";"";"4617271600";"32.064386 s"
"WRITE";"2758.0";"";"4617559581";"32.066386 s"
"WRITE";"2751.0";"";"4617847562";"32.068386 s"
"WRITE";"2745.0";"";"4618135544";"32.070386 s"
"WRITE";"2738.0";"";"4618423525";"32.072386 s"
"WRITE";"2731.0";"";"4618711507";"32.074385 s"
"WRITE";"2725.0";"";"4618999488";"32.076385 s"
"WRITE";"2718.0";"";"4619287469";"32.078385 s"
"WRITE";"2712.0";"";"4619575451";"32.080385 s"
"WRITE";"2706.0";"";"4619863432";"32.082385 s"
"WRITE";"2700.0";"";"4620151414";"32.084385 s"
"WRITE";"2694.0";"";"4620439395";"32.086385 s"
"WRITE";"2688.0";"";"4620727377";"32.088385 s"
"WRITE";"2683.0";"";"4621015358";"32.090384 s"
"WRITE";"2677.0";"";"4621303339";"32.092384 s"
"WRITE";"2671.0";"";"4621591321";"32.094384 s"
"WRITE";"2666.0";"";"4621879302";"32.096384 s"
"WRITE";"2660.0";"";"4622167284";"32.098384 s"
"WRITE";"2654.0";"";"4622455265";"32.100384 s"
"WRITE";"2647.0";"";"4622743247";"32.102384 s"
"WRITE";"2641.0";"";"4623031228";"32.104384 s"
"WRITE";"2635.0";"";"4623319209";"32.106383 s"
"WRITE";"2628.0";"";"4623607191";"32.108383 s"
"WRITE";"2622.0";"";"4623895172";"32.110383 s"
"WRITE";"2615.0";"";"4624183154";"32.112383 s"
"WRITE";"2608.0";"";"4624471135";"32.114383 s"
"WRITE";"2602.0";"";"4624759116";"32.116383 s"
"WRITE";"2595.0";"";"4625047098";"32.118383 s"
"WRITE";"2589.0";"";"4625335079";"32.120382 s"
"WRITE";"2582.0";"";"4625623061";"32.122382 s"
"WRITE";"2576.0";"";"4625911042";"32.124382 s"
"WRITE";"2570.0";"";"4626199024";"32.126382 s"
"WRITE";"2564.0";"";"4626487005";"32.128382 s"
"WRITE";"2558.0";"";"4626774986";"32.130382 s"
"WRITE";"2552.0";"";"4627062968";"32.132382 s"
"WRITE";"2547.0";"";"4627350949";"32.134382 s"
"WRITE";"2541.0";"";"4627638931";"32.136381 s"
"WRITE";"2536.0";"";"4627926912";"32.138381 s"
"WRITE";"2531.0";"";"4628214894";"32.140381 s"
"WRITE";"2526.0";"";"4628502875";"32.142381 s"
"WRITE";"2521.0";"";"4628790856";"32.144381 s"
"WRITE";"2516.0";"";"4629078838";"32.146381 s"
"WRITE";"2511.0";"";"4629366819";"32.148381 s"
"WRITE";"2506.0";"";"4629654801";"32.150381 s"
"WRITE";"2502.0";"";"4629942782";"32.152380 s"
"WRITE";"2497.0";"";"4630230763";"32.154380 s"
"WRITE";"2493.0";"";"4630518745";"32.156380 s"
"WRITE";"2488.0";"";"4630806726";"32.158380 s"
"WRITE";"2484.0";"";"4631094708";"32.160380 s"
"WRITE";"2479.0";"";"4631382689";"32.162380 s"
"WRITE";"2475.0";"";"4631670671";"32.164380 s"
"WRITE";"2471.0";"";"4631958652";"32.166380 s"
"WRITE";"2466.0";"";"4632246633";"32.168379 s"
"WRITE";"2462.0";"";"4632534615";"32.170379 s"
"WRITE";"2458.0";"";"4632822596";"32.172379 s"
"WRITE";"2454.0";"";"4633110578";"32.174379 s"
"WRITE";"2450.0";"";"4633398559";"32.176379 s"
"WRITE";"2446.0";"";"4633686541";"32.178379 s"
"WRITE";"2442.0";"";"4633974522";"32.180379 s"
"WRITE";"2439.0";"";"4634262503";"32.182378 s"
"WRITE";"2435.0";"";"4634550485";"32.184378 s"
"WRITE";"2432.0";"";"4634838466";"32.186378 s"
"WRITE";"2429.0";"";"4635126448";"32.188378 s"
"WRITE";"2426.0";"";"4635414429";"32.190378 s"
"WRITE";"2423.0";"";"4635702411";"32.192378 s"
"WRITE";"2420.0";"";"4635990392";"32.194378 s"
"WRITE";"2416.0";"";"4636278373";"32.196378 s"
"WRITE";"2413.0";"";"4636566355";"32.198377 s"
"WRITE";"2410.0";"";"4636854336";"32.200377 s"
"WRITE";"2408.0";"";"4637142318";"32.202377 s"
"WRITE";"2405.0";"";"4637430299";"32.204377 s"
"WRITE";"2403.0";"";"4637718280";"32.206377 s"
"WRITE";"2400.0";"";"4638006262";"32.208377 s"
"WRITE";"2399.0";"";"4638294243";"32.210377 s"
"WRITE";"2397.0";"";"4638582225";"32.212377 s"
"WRITE";"2395.0";"";"4638870206";"32.214376 s"
"WRITE";"2393.0";"";"4639158188";"32.216376 s"
"WRITE";"2391.0";"";"4639446169";"32.218376 s"
"WRITE";"2390.0";"";"4639734150";"32.220376 s"
"WRITE";"2388.0";"";"4640022132";"32.222376 s"
"WRITE";"2387.0";"";"4640310113";"32.224376 s"
"WRITE";"2385.0";"";"4640598095";"32.226376 s"
"WRITE";"2384.0";"";"4640886076";"32.228376 s"
"WRITE";"2383.0";"";"4641174058";"32.230375 s"
"WRITE";"2381.0";"";"4641462039";"32.232375 s"
"WRITE";"2380.0";"";"4641750020";"32.234375 s"
"WRITE";"2378.0";"";"4642038002";"32.236375 s"
"WRITE";"2377.0";"";"4642325983";"32.238375 s"
"WRITE";"2375.0";"";"4642613965";"32.240375 s"
"WRITE";"2374.0";"";"4642901946";"32.242375 s"
"WRITE";"2372.0";"";"4643189927";"32.244374 s"
"WRITE";"2370.0";"";"4643477909";"32.246374 s"
"WRITE";"2369.0";"";"4643765890";"32.248374 s"
"WRITE";"2367.0";"";"4644053872";"32.250374 s"
"WRITE";"2366.0";"";"4644341853";"32.252374 s"
"WRITE";"2364.0";"";"4644629835";"32.254374 s"
"WRITE";"2362.0";"";"4644917816";"32.256374 s"
"WRITE";"2361.0";"";"4645205797";"32.258374 s"
"WRITE";"2359.0";"";"4645493779";"32.260373 s"
"WRITE";"2358.0";"";"4645781760";"32.262373 s"
"WRITE";"2356.0";"";"4646069742";"32.264373 s"
"WRITE";"2355.0";"";"4646357723";"32.266373 s"
"WRITE";"2353.0";"";"4646645705";"32.268373 s"
"WRITE";"2352.0";"";"4646933686";"32.270373 s"
"WRITE";"2350.0";"";"4647221667";"32.272373 s"
"WRITE";"2349.0";"";"4647509649";"32.274373 s"
"WRITE";"2348.0";"";"4647797630";"32.276372 s"
"WRITE";"2347.0";"";"4648085612";"32.278372 s"
"WRITE";"2346.0";"";"4648373593";"32.280372 s"
"WRITE";"2345.0";"";"4648661574";"32.282372 s"
"WRITE";"2344.0";"";"4648949556";"32.284372 s"
"WRITE";"2343.0";"";"4649237537";"32.286372 s"
"WRITE";"2342.0";"";"4649525519";"32.288372 s"
"WRITE";"2341.0";"";"4649813500";"32.290372 s"
"WRITE";"2340.0";"";"4650101482";"32.292371 s"
"WRITE";"2339.0";"";"4650389463";"32.294371 s"
"WRITE";"2339.0";"";"4650677444";"32.296371 s"
"WRITE";"2338.0";"";"4650965426";"32.298371 s"
"WRITE";"2338.0";"";"4651253407";"32.300371 s"
"WRITE";"2338.0";"";"4651541389";"32.302371 s"
"WRITE";"2337.0";"";"4651829370";"32.304371 s"
"WRITE";"2337.0";"";"4652117352";"32.306371 s"
"WRITE";"2336.0";"";"4652405333";"32.308370 s"
"WRITE";"2336.0";"";"4652693314";"32.310370 s"
"WRITE";"2336.0";"";"4652981296";"32.312370 s"
"WRITE";"2336.0";"";"4653269277";"32.314370 s"
"WRITE";"2335.0";"";"4653557259";"32.316370 s"
"WRITE";"2335.0";"";"4653845240";"32.318370 s"
"WRITE";"2335.0";"";"4654133222";"32.320370 s"
"WRITE";"2335.0";"";"4654421203";"32.322369 s"
"WRITE";"2335.0";"";"4654709184";"32.324369 s"
"WRITE";"2335.0";"";"4654997166";"32.326369 s"
"WRITE";"2335.0";"";"4655285147";"32.328369 s"
"WRITE";"2335.0";"";"4655573129";"32.330369 s"
"WRITE";"2335.0";"";"4655861110";"32.332369 s"
"WRITE";"2335.0";"";"4656149091";"32.334369 s"
"WRITE";"2335.0";"";"4656437073";"32.336369 s"
"WRITE";"2335.0";"";"4656725054";"32.338368 s"
"WRITE";"2335.0";"";"4657013036";"32.340368 s"
"WRITE";"2336.0";"";"4657301017";"32.342368 s"
"WRITE";"2336.0";"";"4657588999";"32.344368 s"
"WRITE";"2337.0";"";"4657876980";"32.346368 s"
"WRITE";"2338.0";"";"4658164961";"32.348368 s"
"WRITE";"2339.0";"";"4658452943";"32.350368 s"
"WRITE";"2340.0";"";"4658740924";"32.352368 s"
"WRITE";"2341.0";"";"4659028906";"32.354367 s"
"WRITE";"2342.0";"";"4659316887";"32.356367 s"
"WRITE";"2343.0";"";"4659604869";"32.358367 s"
"WRITE";"2344.0";"";"4659892850";"32.360367 s"
"WRITE";"2346.0";"";"4660180831";"32.362367 s"
"WRITE";"2347.0";"";"4660468813";"32.364367 s"
"WRITE";"2348.0";"";"4660756794";"32.366367 s"
"WRITE";"2350.0";"";"4661044776";"32.368367 s"
"WRITE";"2351.0";"";"4661332757";"32.370366 s"
"WRITE";"2353.0";"";"4661620738";"32.372366 s"
"WRITE";"2355.0";"";"4661908720";"32.374366 s"
"WRITE";"2357.0";"";"4662196701";"32.376366 s"
"WRITE";"2359.0";"";"4662484683";"32.378366 s"
"WRITE";"2362.0";"";"4662772664";"32.380366 s"
"WRITE";"2364.0";"";"4663060646";"32.382366 s"
"WRITE";"2367.0";"";"4663348627";"32.384365 s"
"WRITE";"2370.0";"";"4663636608";"32.386365 s"
"WRITE";"2372.0";"";"4663924590";"32.388365 s"
"WRITE";"2375.0";"";"4664212571";"32.390365 s"
"WRITE";"2378.0";"";"4664500553";"32.392365 s"
"WRITE";"2381.0";"";"4664788534";"32.394365 s"
"WRITE";"2384.0";"";"4665076516";"32.396365 s"
"WRITE";"2387.0";"";"4665364497";"32.398365 s"
"WRITE";"2390.0";"";"4665652478";"32.400364 s"
"WRITE";"2393.0";"";"4665940460";"32.402364 s"
"WRITE";"2396.0";"";"4666228441";"32.404364 s"
"WRITE";"2400.0";"";"4666516423";"32.406364 s"
"WRITE";"2403.0";"";"4666804404";"32.408364 s"
"WRITE";"2406.0";"";"4667092385";"32.410364 s"
"WRITE";"2410.0";"";"4667380367";"32.412364 s"
"WRITE";"2413.0";"";"4667668348";"32.414364 s"
"WRITE";"2416.0";"";"4667956330";"32.416363 s"
"WRITE";"2419.0";"";"4668244311";"32.418363 s"
"WRITE";"2422.0";"";"4668532293";"32.420363 s"
"WRITE";"2425.0";"";"4668820274";"32.422363 s"
"WRITE";"2429.0";"";"4669108255";"32.424363 s"
"WRITE";"2432.0";"";"4669396237";"32.426363 s"
"WRITE";"2436.0";"";"4669684218";"32.428363 s"
"WRITE";"2439.0";"";"4669972200";"32.430363 s"
"WRITE";"2443.0";"";"4670260181";"32.432362 s"
"WRITE";"2447.0";"";"4670548163";"32.434362 s"
"WRITE";"2452.0";"";"4670836144";"32.436362 s"
"WRITE";"2456.0";"";"4671124125";"32.438362 s"
"WRITE";"2461.0";"";"4671412107";"32.440362 s"
"WRITE";"2466.0";"";"4671700088";"32.442362 s"
"WRITE";"2472.0";"";"4671988070";"32.444362 s"
"WRITE";"2477.0";"";"4672276051";"32.446361 s"
"WRITE";"2482.0";"";"4672564033";"32.448361 s"
"WRITE";"2488.0";"";"4672852014";"32.450361 s"
"WRITE";"2493.0";"";"4673139995";"32.452361 s"
"WRITE";"2499.0";"";"4673427977";"32.454361 s"
"WRITE";"2504.0";"";"4673715958";"32.456361 s"
"WRITE";"2510.0";"";"4674003940";"32.458361 s"
"WRITE";"2515.0";"";"4674291921";"32.460361 s"
"WRITE";"2521.0";"";"4674579902";"32.462360 s"
"WRITE";"2527.0";"";"4674867884";"32.464360 s"
"WRITE";"2533.0";"";"4675155865";"32.466360 s"
"WRITE";"2539.0";"";"4675443847";"32.468360 s"
"WRITE";"2546.0";"";"4675731828";"32.470360 s"
"WRITE";"2552.0";"";"4676019810";"32.472360 s"
"WRITE";"2558.0";"";"4676307791";"32.474360 s"
"WRITE";"2565.0";"";"4676595772";"32.476360 s"
"WRITE";"2571.0";"";"4676883754";"32.478359 s"
"WRITE";"2578.0";"";"4677171735";"32.480359 s"
"WRITE";"2585.0";"";"4677459717";"32.482359 s"
"WRITE";"2592.0";"";"4677747698";"32.484359 s"
"WRITE";"2599.0";"";"4678035680";"32.486359 s"
"WRITE";"2606.0";"";"4678323661";"32.488359 s"
"WRITE";"2613.0";"";"4678611642";"32.490359 s"
"WRITE";"2621.0";"";"4678899624";"32.492359 s"
"WRITE";"2629.0";"";"4679187605";"32.494358 s"
"WRITE";"2636.0";"";"4679475587";"32.496358 s"
"WRITE";"2644.0";"";"4679763568";"32.498358 s"
"WRITE";"2652.0";"";"4680051549";"32.500358 s"
"WRITE";"2660.0";"";"4680339531";"32.502358 s"
"WRITE";"2668.0";"";"4680627512";"32.504358 s"
"WRITE";"2675.0";"";"4680915494";"32.506358 s"
"WRITE";"2682.0";"";"4681206083";"32.508376 s"
"WRITE";"2689.0";"";"4681491457";"32.510357 s"
"WRITE";"2696.0";"";"4681779438";"32.512357 s"
"WRITE";"2703.0";"";"4682067419";"32.514357 s"
"WRITE";"2709.0";"";"4682355401";"32.516357 s"
"WRITE";"2715.0";"";"4682643382";"32.518357 s"
"WRITE";"2721.0";"";"4682931364";"32.520357 s"
"WRITE";"2727.0";"";"4683219345";"32.522357 s"
"WRITE";"2733.0";"";"4683507327";"32.524356 s"
"WRITE";"2739.0";"";"4683795308";"32.526356 s"
"WRITE";"2745.0";"";"4684083289";"32.528356 s"
"WRITE";"2751.0";"";"4684371271";"32.530356 s"
"WRITE";"2757.0";"";"4684659252";"32.532356 s"
"WRITE";"2763.0";"";"4684947234";"32.534356 s"
"WRITE";"2768.0";"";"4685235215";"32.536356 s"
"WRITE";"2774.0";"";"4685523196";"32.538356 s"
"WRITE";"2779.0";"";"4685811178";"32.540355 s"
"WRITE";"2785.0";"";"4686099159";"32.542355 s"
"WRITE";"2790.0";"";"4686387141";"32.544355 s"
"WRITE";"2796.0";"";"4686675122";"32.546355 s"
"WRITE";"2802.0";"";"4686963104";"32.548355 s"
"WRITE";"2808.0";"";"4687251085";"32.550355 s"
"WRITE";"2814.0";"";"4687539066";"32.552355 s"
"WRITE";"2820.0";"";"4687827048";"32.554355 s"
"WRITE";"2827.0";"";"4688115029";"32.556354 s"
"WRITE";"2833.0";"";"4688403011";"32.558354 s"
"WRITE";"2840.0";"";"4688690992";"32.560354 s"
"WRITE";"2848.0";"";"4688978974";"32.562354 s"
"WRITE";"2855.0";"";"4689266955";"32.564354 s"
"WRITE";"2863.0";"";"4689554936";"32.566354 s"
"WRITE";"2872.0";"";"4689842918";"32.568354 s"
"WRITE";"2880.0";"";"4690130899";"32.570353 s"
"WRITE";"2889.0";"";"4690418881";"32.572353 s"
"WRITE";"2898.0";"";"4690706862";"32.574353 s"
"WRITE";"2907.0";"";"4690994844";"32.576353 s"
"WRITE";"2917.0";"";"4691282825";"32.578353 s"
"WRITE";"2927.0";"";"4691570806";"32.580353 s"
"WRITE";"2936.0";"";"4691858788";"32.582353 s"
"WRITE";"2947.0";"";"4692146769";"32.584353 s"
"WRITE";"2957.0";"";"4692434751";"32.586352 s"
"WRITE";"2967.0";"";"4692722732";"32.588352 s"
"WRITE";"2977.0";"";"4693010713";"32.590352 s"
"WRITE";"2986.0";"";"4693298695";"32.592352 s"
"WRITE";"2996.0";"";"4693586676";"32.594352 s"
"WRITE";"3005.0";"";"4693874658";"32.596352 s"
"WRITE";"3015.0";"";"4694162639";"32.598352 s"
"WRITE";"3024.0";"";"4694450621";"32.600352 s"
"WRITE";"3033.0";"";"4694738602";"32.602351 s"
"WRITE";"3042.0";"";"4695026583";"32.604351 s"
"WRITE";"3051.0";"";"4695314565";"32.606351 s"
"WRITE";"3060.0";"";"4695602546";"32.608351 s"
"WRITE";"3069.0";"";"4695890528";"32.610351 s"
"WRITE";"3078.0";"";"4696178509";"32.612351 s"
"WRITE";"3087.0";"";"4696466491";"32.614351 s"
"WRITE";"3096.0";"";"4696754472";"32.616351 s"
"WRITE";"3105.0";"";"4697042453";"32.618350 s"
"WRITE";"3114.0";"";"4697330435";"32.620350 s"
"WRITE";"3123.0";"";"4697618416";"32.622350 s"
"WRITE";"3132.0";"";"4697906398";"32.624350 s"
"WRITE";"3141.0";"";"4698194379";"32.626350 s"
"WRITE";"3150.0";"";"4698482360";"32.628350 s"
"WRITE";"3159.0";"";"4698770342";"32.630350 s"
"WRITE";"3168.0";"";"4699058323";"32.632349 s"
"WRITE";"3177.0";"";"4699346305";"32.634349 s"
"WRITE";"3187.0";"";"4699634286";"32.636349 s"
"WRITE";"3196.0";"";"4699922268";"32.638349 s"
"WRITE";"3205.0";"";"4700210249";"32.640349 s"
"WRITE";"3214.0";"";"4700498230";"32.642349 s"
"WRITE";"3223.0";"";"4700786212";"32.644349 s"
"WRITE";"3232.0";"";"4701074193";"32.646349 s"
"WRITE";"3242.0";"";"4701362175";"32.648348 s"
"WRITE";"3251.0";"";"4701650156";"32.650348 s"
"WRITE";"3261.0";"";"4701938138";"32.652348 s"
"WRITE";"3271.0";"";"4702226119";"32.654348 s"
"WRITE";"3281.0";"";"4702514100";"32.656348 s"
"WRITE";"3292.0";"";"4702802082";"32.658348 s"
"WRITE";"3303.0";"";"4703090063";"32.660348 s"
"WRITE";"3314.0";"";"4703378045";"32.662348 s"
"WRITE";"3326.0";"";"4703666026";"32.664347 s"
"WRITE";"3338.0";"";"4703954007";"32.666347 s"
"WRITE";"3350.0";"";"4704241989";"32.668347 s"
"WRITE";"3363.0";"";"4704529970";"32.670347 s"
"WRITE";"3376.0";"";"4704817952";"32.672347 s"
"WRITE";"3389.0";"";"4705105933";"32.674347 s"
"WRITE";"3403.0";"";"4705393915";"32.676347 s"
"WRITE";"3416.0";"";"4705681896";"32.678347 s"
"WRITE";"3430.0";"";"4705969877";"32.680346 s"
"WRITE";"3443.0";"";"4706257859";"32.682346 s"
"WRITE";"3456.0";"";"4706545840";"32.684346 s"
"WRITE";"3469.0";"";"4706833822";"32.686346 s"
"WRITE";"3482.0";"";"4707121803";"32.688346 s"
"WRITE";"3494.0";"";"4707409785";"32.690346 s"
"WRITE";"3505.0";"";"4707697766";"32.692346 s"
"WRITE";"3516.0";"";"4707985747";"32.694345 s"
"WRITE";"3526.0";"";"4708273729";"32.696345 s"
"WRITE";"3536.0";"";"4708561710";"32.698345 s"
"WRITE";"3545.0";"";"4708849692";"32.700345 s"
"WRITE";"3553.0";"";"4709137673";"32.702345 s"
"WRITE";"3560.0";"";"4709425655";"32.704345 s"
"WRITE";"3567.0";"";"4709713636";"32.706345 s"
"WRITE";"3573.0";"";"4710001617";"32.708345 s"
"WRITE";"3579.0";"";"4710289599";"32.710344 s"
"WRITE";"3584.0";"";"4710577580";"32.712344 s"
"WRITE";"3589.0";"";"4710865562";"32.714344 s"
"WRITE";"3593.0";"";"4711153543";"32.716344 s"
"WRITE";"3597.0";"";"4711441524";"32.718344 s"
"WRITE";"3601.0";"";"4711729506";"32.720344 s"
"WRITE";"3605.0";"";"4712017487";"32.722344 s"
"WRITE";"3609.0";"";"4712305469";"32.724344 s"
"WRITE";"3613.0";"";"4712593450";"32.726343 s"
"WRITE";"3616.0";"";"4712881432";"32.728343 s"
"WRITE";"3620.0";"";"4713169413";"32.730343 s"
"WRITE";"3623.0";"";"4713457394";"32.732343 s"
"WRITE";"3627.0";"";"4713745376";"32.734343 s"
"WRITE";"3630.0";"";"4714033357";"32.736343 s"
"WRITE";"3634.0";"";"4714321339";"32.738343 s"
"WRITE";"3637.0";"";"4714609320";"32.740343 s"
"WRITE";"3641.0";"";"4714897302";"32.742342 s"
"WRITE";"3644.0";"";"4715185283";"32.744342 s"
"WRITE";"3647.0";"";"4715473264";"32.746342 s"
"WRITE";"3651.0";"";"4715761246";"32.748342 s"
"WRITE";"3654.0";"";"4716049227";"32.750342 s"
"WRITE";"3658.0";"";"4716337209";"32.752342 s"
"WRITE";"3662.0";"";"4716625190";"32.754342 s"
"WRITE";"3665.0";"";"4716913171";"32.756341 s"
"WRITE";"3669.0";"";"4717201153";"32.758341 s"
"WRITE";"3673.0";"";"4717489134";"32.760341 s"
"WRITE";"3677.0";"";"4717777116";"32.762341 s"
"WRITE";"3681.0";"";"4718065097";"32.764341 s"
"WRITE";"3686.0";"";"4718353079";"32.766341 s"
"WRITE";"3690.0";"";"4718641060";"32.768341 s"
"WRITE";"3695.0";"";"4718929041";"32.770341 s"
"WRITE";"3700.0";"";"4719217023";"32.772340 s"
"WRITE";"3704.0";"";"4719505004";"32.774340 s"
"WRITE";"3709.0";"";"4719792986";"32.776340 s"
"WRITE";"3714.0";"";"4720080967";"32.778340 s"
"WRITE";"3719.0";"";"4720368949";"32.780340 s"
"WRITE";"3724.0";"";"4720656930";"32.782340 s"
"WRITE";"3729.0";"";"4720944911";"32.784340 s"
"WRITE";"3734.0";"";"4721232893";"32.786340 s"
"WRITE";"3739.0";"";"4721520874";"32.788339 s"
"WRITE";"3744.0";"";"4721808856";"32.790339 s"
"WRITE";"3748.0";"";"4722096837";"32.792339 s"
"WRITE";"3753.0";"";"4722384818";"32.794339 s"
"WRITE";"3757.0";"";"4722672800";"32.796339 s"
"WRITE";"3761.0";"";"4722960781";"32.798339 s"
"WRITE";"3765.0";"";"4723248763";"32.800339 s"
"WRITE";"3769.0";"";"4723536744";"32.802339 s"
"WRITE";"3773.0";"";"4723824726";"32.804338 s"
"WRITE";"3777.0";"";"4724112707";"32.806338 s"
"WRITE";"3781.0";"";"4724400688";"32.808338 s"
"WRITE";"3784.0";"";"4724688670";"32.810338 s"
"WRITE";"3788.0";"";"4724976651";"32.812338 s"
"WRITE";"3791.0";"";"4725264633";"32.814338 s"
"WRITE";"3794.0";"";"4725552614";"32.816338 s"
"WRITE";"3797.0";"";"4725840596";"32.818337 s"
"WRITE";"3800.0";"";"4726128577";"32.820337 s"
"WRITE";"3803.0";"";"4726416558";"32.822337 s"
"WRITE";"3806.0";"";"4726704540";"32.824337 s"
"WRITE";"3808.0";"";"4726992521";"32.826337 s"
"WRITE";"3811.0";"";"4727280503";"32.828337 s"
"WRITE";"3814.0";"";"4727568484";"32.830337 s"
"WRITE";"3816.0";"";"4727856466";"32.832337 s"
"WRITE";"3819.0";"";"4728144447";"32.834336 s"
"WRITE";"3821.0";"";"4728432428";"32.836336 s"
"WRITE";"3823.0";"";"4728720410";"32.838336 s"
"WRITE";"3826.0";"";"4729008391";"32.840336 s"
"WRITE";"3828.0";"";"4729296373";"32.842336 s"
"WRITE";"3830.0";"";"4729584354";"32.844336 s"
"WRITE";"3832.0";"";"4729872335";"32.846336 s"
"WRITE";"3834.0";"";"4730160317";"32.848336 s"
"WRITE";"3836.0";"";"4730448298";"32.850335 s"
"WRITE";"3839.0";"";"4730736280";"32.852335 s"
"WRITE";"3842.0";"";"4731024261";"32.854335 s"
"WRITE";"3845.0";"";"4731312243";"32.856335 s"
"WRITE";"3849.0";"";"4731600224";"32.858335 s"
"WRITE";"3852.0";"";"4731888205";"32.860335 s"
"WRITE";"3856.0";"";"4732176187";"32.862335 s"
"WRITE";"3861.0";"";"4732464168";"32.864335 s"
"WRITE";"3865.0";"";"4732752150";"32.866334 s"
"WRITE";"3870.0";"";"4733040131";"32.868334 s"
"WRITE";"3875.0";"";"4733328113";"32.870334 s"
"WRITE";"3880.0";"";"4733616094";"32.872334 s"
"WRITE";"3886.0";"";"4733904075";"32.874334 s"
"WRITE";"3891.0";"";"4734192057";"32.876334 s"
"WRITE";"3897.0";"";"4734480038";"32.878334 s"
"WRITE";"3903.0";"";"4734768020";"32.880333 s"
"WRITE";"3908.0";"";"4735056001";"32.882333 s"
"WRITE";"3914.0";"";"4735343982";"32.884333 s"
"WRITE";"3920.0";"";"4735631964";"32.886333 s"
"WRITE";"3926.0";"";"4735919945";"32.888333 s"
"WRITE";"3932.0";"";"4736207927";"32.890333 s"
"WRITE";"3937.0";"";"4736495908";"32.892333 s"
"WRITE";"3943.0";"";"4736783890";"32.894333 s"
"WRITE";"3949.0";"";"4737071871";"32.896332 s"
"WRITE";"3954.0";"";"4737359852";"32.898332 s"
"WRITE";"3959.0";"";"4737647834";"32.900332 s"
"WRITE";"3965.0";"";"4737935815";"32.902332 s"
"WRITE";"3970.0";"";"4738223797";"32.904332 s"
"WRITE";"3974.0";"";"4738511778";"32.906332 s"
"WRITE";"3979.0";"";"4738799760";"32.908332 s"
"WRITE";"3983.0";"";"4739087741";"32.910332 s"
"WRITE";"3987.0";"";"4739375722";"32.912331 s"
"WRITE";"3990.0";"";"4739663704";"32.914331 s"
"WRITE";"3994.0";"";"4739951685";"32.916331 s"
"WRITE";"3997.0";"";"4740239667";"32.918331 s"
"WRITE";"4001.0";"";"4740527648";"32.920331 s"
"WRITE";"4004.0";"";"4740815629";"32.922331 s"
"WRITE";"4007.0";"";"4741103611";"32.924331 s"
"WRITE";"4009.0";"";"4741391592";"32.926331 s"
"WRITE";"4012.0";"";"4741679574";"32.928330 s"
"WRITE";"4014.0";"";"4741967555";"32.930330 s"
"WRITE";"4017.0";"";"4742255537";"32.932330 s"
"WRITE";"4019.0";"";"4742543518";"32.934330 s"
"WRITE";"4022.0";"";"4742831499";"32.936330 s"
"WRITE";"4024.0";"";"4743119481";"32.938330 s"
"WRITE";"4026.0";"";"4743407462";"32.940330 s"
"WRITE";"4029.0";"";"4743695444";"32.942329 s"
"WRITE";"4031.0";"";"4743983425";"32.944329 s"
"WRITE";"4034.0";"";"4744271407";"32.946329 s"
"WRITE";"4036.0";"";"4744559388";"32.948329 s"
"WRITE";"4039.0";"";"4744847369";"32.950329 s"
"WRITE";"4041.0";"";"4745135351";"32.952329 s"
"WRITE";"4044.0";"";"4745423332";"32.954329 s"
"WRITE";"4046.0";"";"4745711314";"32.956329 s"
"WRITE";"4049.0";"";"4745999295";"32.958328 s"
"WRITE";"4051.0";"";"4746287277";"32.960328 s"
"WRITE";"4054.0";"";"4746575258";"32.962328 s"
"WRITE";"4057.0";"";"4746863239";"32.964328 s"
"WRITE";"4060.0";"";"4747151221";"32.966328 s"
"WRITE";"4062.0";"";"4747439202";"32.968328 s"
"WRITE";"4065.0";"";"4747727184";"32.970328 s"
"WRITE";"4068.0";"";"4748015165";"32.972328 s"
"WRITE";"4071.0";"";"4748303146";"32.974327 s"
"WRITE";"4074.0";"";"4748591128";"32.976327 s"
"WRITE";"4077.0";"";"4748879109";"32.978327 s"
"WRITE";"4080.0";"";"4749167091";"32.980327 s"
"WRITE";"4084.0";"";"4749455072";"32.982327 s"
"WRITE";"4087.0";"";"4749743054";"32.984327 s"
"WRITE";"4091.0";"";"4750031035";"32.986327 s"
"WRITE";"4094.0";"";"4750319016";"32.988327 s"
"WRITE";"4098.0";"";"4750606998";"32.990326 s"
"WRITE";"4101.0";"";"4750894979";"32.992326 s"
"WRITE";"4105.0";"";"4751182961";"32.994326 s"
"WRITE";"4109.0";"";"4751470942";"32.996326 s"
"WRITE";"4113.0";"";"4751758924";"32.998326 s"
"WRITE";"4117.0";"";"4752046905";"33.000326 s"
"WRITE";"4122.0";"";"4752334886";"33.002326 s"
"WRITE";"4126.0";"";"4752622868";"33.004325 s"
"WRITE";"4131.0";"";"4752910849";"33.006325 s"
"WRITE";"4136.0";"";"4753201425";"33.008343 s"
"WRITE";"4141.0";"";"4753486812";"33.010325 s"
"WRITE";"4146.0";"";"4753774793";"33.012325 s"
"WRITE";"4151.0";"";"4754062775";"33.014325 s"
"WRITE";"4156.0";"";"4754350756";"33.016325 s"
"WRITE";"4161.0";"";"4754638738";"33.018325 s"
"WRITE";"4166.0";"";"4754926719";"33.020324 s"
"WRITE";"4172.0";"";"4755214701";"33.022324 s"
"WRITE";"4177.0";"";"4755502682";"33.024324 s"
"WRITE";"4183.0";"";"4755790663";"33.026324 s"
"WRITE";"4188.0";"";"4756078645";"33.028324 s"
"WRITE";"4194.0";"";"4756366626";"33.030324 s"
"WRITE";"4200.0";"";"4756654608";"33.032324 s"
"WRITE";"4206.0";"";"4756942589";"33.034324 s"
"WRITE";"4212.0";"";"4757230571";"33.036323 s"
"WRITE";"4218.0";"";"4757518552";"33.038323 s"
"WRITE";"4224.0";"";"4757806533";"33.040323 s"
"WRITE";"4230.0";"";"4758094515";"33.042323 s"
"WRITE";"4235.0";"";"4758382496";"33.044323 s"
"WRITE";"4241.0";"";"4758670478";"33.046323 s"
"WRITE";"4246.0";"";"4758958459";"33.048323 s"
"WRITE";"4251.0";"";"4759246440";"33.050323 s"
"WRITE";"4256.0";"";"4759534422";"33.052322 s"
"WRITE";"4260.0";"";"4759822403";"33.054322 s"
"WRITE";"4265.0";"";"4760110385";"33.056322 s"
"WRITE";"4270.0";"";"4760398366";"33.058322 s"
"WRITE";"4275.0";"";"4760686348";"33.060322 s"
"WRITE";"4279.0";"";"4760974329";"33.062322 s"
"WRITE";"4284.0";"";"4761262310";"33.064322 s"
"WRITE";"4289.0";"";"4761550292";"33.066321 s"
"WRITE";"4294.0";"";"4761838273";"33.068321 s"
"WRITE";"4299.0";"";"4762126255";"33.070321 s"
"WRITE";"4305.0";"";"4762414236";"33.072321 s"
"WRITE";"4310.0";"";"4762702218";"33.074321 s"
"WRITE";"4316.0";"";"4762990199";"33.076321 s"
"WRITE";"4322.0";"";"4763278180";"33.078321 s"
"WRITE";"4328.0";"";"4763566162";"33.080321 s"
"WRITE";"4335.0";"";"4763854143";"33.082320 s"
"WRITE";"4342.0";"";"4764142125";"33.084320 s"
"WRITE";"4349.0";"";"4764430106";"33.086320 s"
"WRITE";"4356.0";"";"4764718088";"33.088320 s"
"WRITE";"4363.0";"";"4765006069";"33.090320 s"
"WRITE";"4371.0";"";"4765294050";"33.092320 s"
"WRITE";"4379.0";"";"4765582032";"33.094320 s"
"WRITE";"4387.0";"";"4765870013";"33.096320 s"
"WRITE";"4395.0";"";"4766157995";"33.098319 s"
"WRITE";"4403.0";"";"4766445976";"33.100319 s"
"WRITE";"4410.0";"";"4766733957";"33.102319 s"
"WRITE";"4418.0";"";"4767021939";"33.104319 s"
"WRITE";"4425.0";"";"4767309920";"33.106319 s"
"WRITE";"4432.0";"";"4767597902";"33.108319 s"
"WRITE";"4439.0";"";"4767885883";"33.110319 s"
"WRITE";"4445.0";"";"4768173865";"33.112319 s"
"WRITE";"4451.0";"";"4768461846";"33.114318 s"
"WRITE";"4457.0";"";"4768749827";"33.116318 s"
"WRITE";"4463.0";"";"4769037809";"33.118318 s"
"WRITE";"4468.0";"";"4769325790";"33.120318 s"
"WRITE";"4474.0";"";"4769613772";"33.122318 s"
"WRITE";"4479.0";"";"4769901753";"33.124318 s"
"WRITE";"4484.0";"";"4770189735";"33.126318 s"
"WRITE";"4488.0";"";"4770477716";"33.128317 s"
"WRITE";"4493.0";"";"4770765697";"33.130317 s"
"WRITE";"4498.0";"";"4771053679";"33.132317 s"
"WRITE";"4502.0";"";"4771341660";"33.134317 s"
"WRITE";"4506.0";"";"4771629642";"33.136317 s"
"WRITE";"4511.0";"";"4771917623";"33.138317 s"
"WRITE";"4515.0";"";"4772205604";"33.140317 s"
"WRITE";"4519.0";"";"4772493586";"33.142317 s"
"WRITE";"4523.0";"";"4772781567";"33.144316 s"
"WRITE";"4528.0";"";"4773069549";"33.146316 s"
"WRITE";"4532.0";"";"4773357530";"33.148316 s"
"WRITE";"4536.0";"";"4773645512";"33.150316 s"
"WRITE";"4540.0";"";"4773933493";"33.152316 s"
"WRITE";"4545.0";"";"4774221474";"33.154316 s"
"WRITE";"4549.0";"";"4774509456";"33.156316 s"
"WRITE";"4553.0";"";"4774797437";"33.158316 s"
"WRITE";"4558.0";"";"4775085419";"33.160315 s"
"WRITE";"4562.0";"";"4775373400";"33.162315 s"
"WRITE";"4567.0";"";"4775661382";"33.164315 s"
"WRITE";"4572.0";"";"4775949363";"33.166315 s"
"WRITE";"4576.0";"";"4776237344";"33.168315 s"
"WRITE";"4581.0";"";"4776525326";"33.170315 s"
"WRITE";"4586.0";"";"4776813307";"33.172315 s"
"WRITE";"4591.0";"";"4777101289";"33.174315 s"
"WRITE";"4596.0";"";"4777389270";"33.176314 s"
"WRITE";"4602.0";"";"4777677251";"33.178314 s"
"WRITE";"4607.0";"";"4777965233";"33.180314 s"
"WRITE";"4613.0";"";"4778253214";"33.182314 s"
"WRITE";"4618.0";"";"4778541196";"33.184314 s"
"WRITE";"4624.0";"";"4778829177";"33.186314 s"
"WRITE";"4630.0";"";"4779117159";"33.188314 s"
"WRITE";"4636.0";"";"4779405140";"33.190313 s"
"WRITE";"4643.0";"";"4779693121";"33.192313 s"
"WRITE";"4649.0";"";"4779981103";"33.194313 s"
"WRITE";"4655.0";"";"4780269084";"33.196313 s"
"WRITE";"4662.0";"";"4780557066";"33.198313 s"
"WRITE";"4668.0";"";"4780845047";"33.200313 s"
"WRITE";"4675.0";"";"4781133029";"33.202313 s"
"WRITE";"4681.0";"";"4781421010";"33.204313 s"
"WRITE";"4687.0";"";"4781708991";"33.206312 s"
"WRITE";"4692.0";"";"4781996973";"33.208312 s"
"WRITE";"4697.0";"";"4782284954";"33.210312 s"
"WRITE";"4702.0";"";"4782572936";"33.212312 s"
"WRITE";"4707.0";"";"4782860917";"33.214312 s"
"WRITE";"4712.0";"";"4783148899";"33.216312 s"
"WRITE";"4716.0";"";"4783436880";"33.218312 s"
"WRITE";"4720.0";"";"4783724861";"33.220312 s"
"WRITE";"4724.0";"";"4784012843";"33.222311 s"
"WRITE";"4729.0";"";"4784300824";"33.224311 s"
"WRITE";"4733.0";"";"4784588806";"33.226311 s"
"WRITE";"4737.0";"";"4784876787";"33.228311 s"
"WRITE";"4741.0";"";"4785164768";"33.230311 s"
"WRITE";"4745.0";"";"4785452750";"33.232311 s"
"WRITE";"4749.0";"";"4785740731";"33.234311 s"
"WRITE";"4753.0";"";"4786028713";"33.236311 s"
"WRITE";"4757.0";"";"4786316694";"33.238310 s"
"WRITE";"4761.0";"";"4786604676";"33.240310 s"
"WRITE";"4764.0";"";"4786892657";"33.242310 s"
"WRITE";"4768.0";"";"4787180638";"33.244310 s"
"WRITE";"4772.0";"";"4787468620";"33.246310 s"
"WRITE";"4776.0";"";"4787756601";"33.248310 s"
"WRITE";"4779.0";"";"4788044583";"33.250310 s"
"WRITE";"4783.0";"";"4788332564";"33.252309 s"
"WRITE";"4786.0";"";"4788620546";"33.254309 s"
"WRITE";"4790.0";"";"4788908527";"33.256309 s"
"WRITE";"4793.0";"";"4789196508";"33.258309 s"
"WRITE";"4796.0";"";"4789484490";"33.260309 s"
"WRITE";"4799.0";"";"4789772471";"33.262309 s"
"WRITE";"4802.0";"";"4790060453";"33.264309 s"
"WRITE";"4804.0";"";"4790348434";"33.266309 s"
"WRITE";"4807.0";"";"4790636415";"33.268308 s"
"WRITE";"4810.0";"";"4790924397";"33.270308 s"
"WRITE";"4813.0";"";"4791212378";"33.272308 s"
"WRITE";"4815.0";"";"4791500360";"33.274308 s"
"WRITE";"4818.0";"";"4791788341";"33.276308 s"
"WRITE";"4820.0";"";"4792076323";"33.278308 s"
"WRITE";"4823.0";"";"4792364304";"33.280308 s"
"WRITE";"4825.0";"";"4792652285";"33.282308 s"
"WRITE";"4828.0";"";"4792940267";"33.284307 s"
"WRITE";"4831.0";"";"4793228248";"33.286307 s"
"WRITE";"4833.0";"";"4793516230";"33.288307 s"
"WRITE";"4836.0";"";"4793804211";"33.290307 s"
"WRITE";"4839.0";"";"4794092193";"33.292307 s"
"WRITE";"4842.0";"";"4794380174";"33.294307 s"
"WRITE";"4845.0";"";"4794668155";"33.296307 s"
"WRITE";"4848.0";"";"4794956137";"33.298307 s"
"WRITE";"4851.0";"";"4795244118";"33.300306 s"
"WRITE";"4855.0";"";"4795532100";"33.302306 s"
"WRITE";"4858.0";"";"4795820081";"33.304306 s"
"WRITE";"4862.0";"";"4796108062";"33.306306 s"
"WRITE";"4866.0";"";"4796396044";"33.308306 s"
"WRITE";"4869.0";"";"4796684025";"33.310306 s"
"WRITE";"4873.0";"";"4796972007";"33.312306 s"
"WRITE";"4877.0";"";"4797259988";"33.314305 s"
"WRITE";"4882.0";"";"4797547970";"33.316305 s"
"WRITE";"4886.0";"";"4797835951";"33.318305 s"
"WRITE";"4891.0";"";"4798123932";"33.320305 s"
"WRITE";"4896.0";"";"4798411914";"33.322305 s"
"WRITE";"4901.0";"";"4798699895";"33.324305 s"
"WRITE";"4906.0";"";"4798987877";"33.326305 s"
"WRITE";"4911.0";"";"4799275858";"33.328305 s"
"WRITE";"4916.0";"";"4799563840";"33.330304 s"
"WRITE";"4921.0";"";"4799851821";"33.332304 s"
"WRITE";"4927.0";"";"4800139802";"33.334304 s"
"WRITE";"4932.0";"";"4800427784";"33.336304 s"
"WRITE";"4937.0";"";"4800715765";"33.338304 s"
"WRITE";"4942.0";"";"4801003747";"33.340304 s"
"WRITE";"4947.0";"";"4801291728";"33.342304 s"
"WRITE";"4953.0";"";"4801579710";"33.344304 s"
"WRITE";"4958.0";"";"4801867691";"33.346303 s"
"WRITE";"4963.0";"";"4802155672";"33.348303 s"
"WRITE";"4968.0";"";"4802443654";"33.350303 s"
"WRITE";"4974.0";"";"4802731635";"33.352303 s"
"WRITE";"4979.0";"";"4803019617";"33.354303 s"
"WRITE";"4984.0";"";"4803307598";"33.356303 s"
"WRITE";"4989.0";"";"4803595579";"33.358303 s"
"WRITE";"4994.0";"";"4803883561";"33.360303 s"
"WRITE";"4999.0";"";"4804171542";"33.362302 s"
"WRITE";"5004.0";"";"4804459524";"33.364302 s"
"WRITE";"5009.0";"";"4804747505";"33.366302 s"
"WRITE";"5014.0";"";"4805035487";"33.368302 s"
"WRITE";"5019.0";"";"4805323468";"33.370302 s"
"WRITE";"5024.0";"";"4805611449";"33.372302 s"
"WRITE";"5029.0";"";"4805899431";"33.374302 s"
"WRITE";"5034.0";"";"4806187412";"33.376301 s"
"WRITE";"5039.0";"";"4806475394";"33.378301 s"
"WRITE";"5045.0";"";"4806763375";"33.380301 s"
"WRITE";"5050.0";"";"4807051357";"33.382301 s"
"WRITE";"5055.0";"";"4807339338";"33.384301 s"
"WRITE";"5061.0";"";"4807627319";"33.386301 s"
"WRITE";"5066.0";"";"4807915301";"33.388301 s"
"WRITE";"5071.0";"";"4808203282";"33.390301 s"
"WRITE";"5077.0";"";"4808491264";"33.392300 s"
"WRITE";"5083.0";"";"4808779245";"33.394300 s"
"WRITE";"5088.0";"";"4809067226";"33.396300 s"
"WRITE";"5094.0";"";"4809355208";"33.398300 s"
"WRITE";"5100.0";"";"4809643189";"33.400300 s"
"WRITE";"5106.0";"";"4809931171";"33.402300 s"
"WRITE";"5113.0";"";"4810219152";"33.404300 s"
"WRITE";"5119.0";"";"4810507134";"33.406300 s"
"WRITE";"5125.0";"";"4810795115";"33.408299 s"
"WRITE";"5131.0";"";"4811083096";"33.410299 s"
"WRITE";"5138.0";"";"4811371078";"33.412299 s"
"WRITE";"5144.0";"";"4811659059";"33.414299 s"
"WRITE";"5150.0";"";"4811947041";"33.416299 s"
"WRITE";"5156.0";"";"4812235022";"33.418299 s"
"WRITE";"5161.0";"";"4812523004";"33.420299 s"
"WRITE";"5167.0";"";"4812810985";"33.422299 s"
"WRITE";"5173.0";"";"4813098966";"33.424298 s"
"WRITE";"5178.0";"";"4813386948";"33.426298 s"
"WRITE";"5184.0";"";"4813674929";"33.428298 s"
"WRITE";"5190.0";"";"4813962911";"33.430298 s"
"WRITE";"5195.0";"";"4814250892";"33.432298 s"
"WRITE";"5201.0";"";"4814538873";"33.434298 s"
"WRITE";"5206.0";"";"4814826855";"33.436298 s"
"WRITE";"5211.0";"";"4815114836";"33.438297 s"
"WRITE";"5217.0";"";"4815402818";"33.440297 s"
"WRITE";"5222.0";"";"4815690799";"33.442297 s"
"WRITE";"5227.0";"";"4815978781";"33.444297 s"
"WRITE";"5231.0";"";"4816266762";"33.446297 s"
"WRITE";"5236.0";"";"4816554743";"33.448297 s"
"WRITE";"5241.0";"";"4816842725";"33.450297 s"
"WRITE";"5245.0";"";"4817130706";"33.452297 s"
"WRITE";"5250.0";"";"4817418688";"33.454296 s"
"WRITE";"5254.0";"";"4817706669";"33.456296 s"
"WRITE";"5259.0";"";"4817994651";"33.458296 s"
"WRITE";"5263.0";"";"4818282632";"33.460296 s"
"WRITE";"5267.0";"";"4818570613";"33.462296 s"
"WRITE";"5272.0";"";"4818858595";"33.464296 s"
"WRITE";"5276.0";"";"4819146576";"33.466296 s"
"WRITE";"5281.0";"";"4819434558";"33.468296 s"
"WRITE";"5285.0";"";"4819722539";"33.470295 s"
"WRITE";"5290.0";"";"4820010521";"33.472295 s"
"WRITE";"5294.0";"";"4820298502";"33.474295 s"
"WRITE";"5299.0";"";"4820586483";"33.476295 s"
"WRITE";"5303.0";"";"4820874465";"33.478295 s"
"WRITE";"5308.0";"";"4821162446";"33.480295 s"
"WRITE";"5313.0";"";"4821450428";"33.482295 s"
"WRITE";"5317.0";"";"4821738409";"33.484295 s"
"WRITE";"5322.0";"";"4822026390";"33.486294 s"
"WRITE";"5327.0";"";"4822314372";"33.488294 s"
"WRITE";"5332.0";"";"4822602353";"33.490294 s"
"WRITE";"5337.0";"";"4822890335";"33.492294 s"
"WRITE";"5342.0";"";"4823178316";"33.494294 s"
"WRITE";"5347.0";"";"4823466298";"33.496294 s"
"WRITE";"5352.0";"";"4823754279";"33.498294 s"
"WRITE";"5357.0";"";"4824042260";"33.500293 s"
"WRITE";"5362.0";"";"4824330242";"33.502293 s"
"WRITE";"5366.0";"";"4824618223";"33.504293 s"
"WRITE";"5371.0";"";"4824906205";"33.506293 s"
"WRITE";"5375.0";"";"4825196781";"33.508311 s"
"WRITE";"5379.0";"";"4825482168";"33.510293 s"
"WRITE";"5383.0";"";"4825770149";"33.512293 s"
"WRITE";"5387.0";"";"4826058130";"33.514293 s"
"WRITE";"5391.0";"";"4826346112";"33.516292 s"
"WRITE";"5395.0";"";"4826634093";"33.518292 s"
"WRITE";"5399.0";"";"4826922075";"33.520292 s"
"WRITE";"5403.0";"";"4827210056";"33.522292 s"
"WRITE";"5406.0";"";"4827498037";"33.524292 s"
"WRITE";"5410.0";"";"4827786019";"33.526292 s"
"WRITE";"5414.0";"";"4828074000";"33.528292 s"
"WRITE";"5417.0";"";"4828361982";"33.530292 s"
"WRITE";"5421.0";"";"4828649963";"33.532291 s"
"WRITE";"5424.0";"";"4828937945";"33.534291 s"
"WRITE";"5428.0";"";"4829225926";"33.536291 s"
"WRITE";"5432.0";"";"4829513907";"33.538291 s"
"WRITE";"5435.0";"";"4829801889";"33.540291 s"
"WRITE";"5439.0";"";"4830089870";"33.542291 s"
"WRITE";"5443.0";"";"4830377852";"33.544291 s"
"WRITE";"5447.0";"";"4830665833";"33.546291 s"
"WRITE";"5450.0";"";"4830953815";"33.548290 s"
"WRITE";"5454.0";"";"4831241796";"33.550290 s"
"WRITE";"5458.0";"";"4831529777";"33.552290 s"
"WRITE";"5462.0";"";"4831817759";"33.554290 s"
"WRITE";"5467.0";"";"4832105740";"33.556290 s"
"WRITE";"5471.0";"";"4832393722";"33.558290 s"
"WRITE";"5475.0";"";"4832681703";"33.560290 s"
"WRITE";"5479.0";"";"4832969684";"33.562289 s"
"WRITE";"5484.0";"";"4833257666";"33.564289 s"
"WRITE";"5488.0";"";"4833545647";"33.566289 s"
"WRITE";"5493.0";"";"4833833629";"33.568289 s"
"WRITE";"5498.0";"";"4834121610";"33.570289 s"
"WRITE";"5503.0";"";"4834409592";"33.572289 s"
"WRITE";"5508.0";"";"4834697573";"33.574289 s"
"WRITE";"5513.0";"";"4834985554";"33.576289 s"
"WRITE";"5518.0";"";"4835273536";"33.578288 s"
"WRITE";"5524.0";"";"4835561517";"33.580288 s"
"WRITE";"5530.0";"";"4835849499";"33.582288 s"
"WRITE";"5536.0";"";"4836137480";"33.584288 s"
"WRITE";"5542.0";"";"4836425462";"33.586288 s"
"WRITE";"5549.0";"";"4836713443";"33.588288 s"
"WRITE";"5555.0";"";"4837001424";"33.590288 s"
"WRITE";"5562.0";"";"4837289406";"33.592288 s"
"WRITE";"5569.0";"";"4837577387";"33.594287 s"
"WRITE";"5576.0";"";"4837865369";"33.596287 s"
"WRITE";"5584.0";"";"4838153350";"33.598287 s"
"WRITE";"5591.0";"";"4838441332";"33.600287 s"
"WRITE";"5599.0";"";"4838729313";"33.602287 s"
"WRITE";"5607.0";"";"4839017294";"33.604287 s"
"WRITE";"5616.0";"";"4839305276";"33.606287 s"
"WRITE";"5624.0";"";"4839593257";"33.608287 s"
"WRITE";"5633.0";"";"4839881239";"33.610286 s"
"WRITE";"5642.0";"";"4840169220";"33.612286 s"
"WRITE";"5651.0";"";"4840457201";"33.614286 s"
"WRITE";"5660.0";"";"4840745183";"33.616286 s"
"WRITE";"5670.0";"";"4841033164";"33.618286 s"
"WRITE";"5679.0";"";"4841321146";"33.620286 s"
"WRITE";"5688.0";"";"4841609127";"33.622286 s"
"WRITE";"5698.0";"";"4841897109";"33.624285 s"
"WRITE";"5707.0";"";"4842185090";"33.626285 s"
"WRITE";"5716.0";"";"4842473071";"33.628285 s"
"WRITE";"5725.0";"";"4842761053";"33.630285 s"
"WRITE";"5735.0";"";"4843049034";"33.632285 s"
"WRITE";"5744.0";"";"4843337016";"33.634285 s"
"WRITE";"5753.0";"";"4843624997";"33.636285 s"
"WRITE";"5762.0";"";"4843912979";"33.638285 s"
"WRITE";"5771.0";"";"4844200960";"33.640284 s"
"WRITE";"5779.0";"";"4844488941";"33.642284 s"
"WRITE";"5787.0";"";"4844776923";"33.644284 s"
"WRITE";"5796.0";"";"4845064904";"33.646284 s"
"WRITE";"5804.0";"";"4845352886";"33.648284 s"
"WRITE";"5812.0";"";"4845640867";"33.650284 s"
"WRITE";"5819.0";"";"4845928848";"33.652284 s"
"WRITE";"5827.0";"";"4846216830";"33.654284 s"
"WRITE";"5835.0";"";"4846504811";"33.656283 s"
"WRITE";"5844.0";"";"4846792793";"33.658283 s"
"WRITE";"5852.0";"";"4847080774";"33.660283 s"
"WRITE";"5860.0";"";"4847368756";"33.662283 s"
"WRITE";"5869.0";"";"4847656737";"33.664283 s"
"WRITE";"5878.0";"";"4847944718";"33.666283 s"
"WRITE";"5886.0";"";"4848232700";"33.668283 s"
"WRITE";"5895.0";"";"4848520681";"33.670283 s"
"WRITE";"5905.0";"";"4848808663";"33.672282 s"
"WRITE";"5914.0";"";"4849096644";"33.674282 s"
"WRITE";"5924.0";"";"4849384626";"33.676282 s"
"WRITE";"5934.0";"";"4849672607";"33.678282 s"
"WRITE";"5944.0";"";"4849960588";"33.680282 s"
"WRITE";"5955.0";"";"4850248570";"33.682282 s"
"WRITE";"5966.0";"";"4850536551";"33.684282 s"
"WRITE";"5978.0";"";"4850824533";"33.686281 s"
"WRITE";"5989.0";"";"4851112514";"33.688281 s"
"WRITE";"6001.0";"";"4851400495";"33.690281 s"
"WRITE";"6014.0";"";"4851688477";"33.692281 s"
"WRITE";"6027.0";"";"4851976458";"33.694281 s"
"WRITE";"6040.0";"";"4852264440";"33.696281 s"
"WRITE";"6053.0";"";"4852552421";"33.698281 s"
"WRITE";"6067.0";"";"4852840403";"33.700281 s"
"WRITE";"6081.0";"";"4853128384";"33.702280 s"
"WRITE";"6095.0";"";"4853416365";"33.704280 s"
"WRITE";"6110.0";"";"4853704347";"33.706280 s"
"WRITE";"6125.0";"";"4853992328";"33.708280 s"
"WRITE";"6140.0";"";"4854280310";"33.710280 s"
"WRITE";"6156.0";"";"4854568291";"33.712280 s"
"WRITE";"6171.0";"";"4854856273";"33.714280 s"
"WRITE";"6187.0";"";"4855144254";"33.716280 s"
"WRITE";"6203.0";"";"4855432235";"33.718279 s"
"WRITE";"6218.0";"";"4855720217";"33.720279 s"
"WRITE";"6234.0";"";"4856008198";"33.722279 s"
"WRITE";"6249.0";"";"4856296180";"33.724279 s"
"WRITE";"6265.0";"";"4856584161";"33.726279 s"
"WRITE";"6280.0";"";"4856872143";"33.728279 s"
"WRITE";"6295.0";"";"4857160124";"33.730279 s"
"WRITE";"6309.0";"";"4857448105";"33.732279 s"
"WRITE";"6323.0";"";"4857736087";"33.734278 s"
"WRITE";"6337.0";"";"4858024068";"33.736278 s"
"WRITE";"6350.0";"";"4858312050";"33.738278 s"
"WRITE";"6363.0";"";"4858600031";"33.740278 s"
"WRITE";"6375.0";"";"4858888012";"33.742278 s"
"WRITE";"6387.0";"";"4859175994";"33.744278 s"
"WRITE";"6398.0";"";"4859463975";"33.746278 s"
"WRITE";"6409.0";"";"4859751957";"33.748277 s"
"WRITE";"6419.0";"";"4860039938";"33.750277 s"
"WRITE";"6429.0";"";"4860327920";"33.752277 s"
"WRITE";"6438.0";"";"4860615901";"33.754277 s"
"WRITE";"6447.0";"";"4860903882";"33.756277 s"
"WRITE";"6456.0";"";"4861191864";"33.758277 s"
"WRITE";"6464.0";"";"4861479845";"33.760277 s"
"WRITE";"6472.0";"";"4861767827";"33.762277 s"
"WRITE";"6480.0";"";"4862055808";"33.764276 s"
"WRITE";"6487.0";"";"4862343790";"33.766276 s"
"WRITE";"6495.0";"";"4862631771";"33.768276 s"
"WRITE";"6502.0";"";"4862919752";"33.770276 s"
"WRITE";"6509.0";"";"4863207734";"33.772276 s"
"WRITE";"6516.0";"";"4863495715";"33.774276 s"
"WRITE";"6522.0";"";"4863783697";"33.776276 s"
"WRITE";"6529.0";"";"4864071678";"33.778276 s"
"WRITE";"6535.0";"";"4864359659";"33.780275 s"
"WRITE";"6542.0";"";"4864647641";"33.782275 s"
"WRITE";"6548.0";"";"4864935622";"33.784275 s"
"WRITE";"6554.0";"";"4865223604";"33.786275 s"
"WRITE";"6561.0";"";"4865511585";"33.788275 s"
"WRITE";"6567.0";"";"4865799567";"33.790275 s"
"WRITE";"6573.0";"";"4866087548";"33.792275 s"
"WRITE";"6579.0";"";"4866375529";"33.794275 s"
"WRITE";"6585.0";"";"4866663511";"33.796274 s"
"WRITE";"6591.0";"";"4866951492";"33.798274 s"
"WRITE";"6597.0";"";"4867239474";"33.800274 s"
"WRITE";"6602.0";"";"4867527455";"33.802274 s"
"WRITE";"6608.0";"";"4867815437";"33.804274 s"
"WRITE";"6614.0";"";"4868103418";"33.806274 s"
"WRITE";"6620.0";"";"4868391399";"33.808274 s"
"WRITE";"6625.0";"";"4868679381";"33.810273 s"
"WRITE";"6631.0";"";"4868967362";"33.812273 s"
"WRITE";"6637.0";"";"4869255344";"33.814273 s"
"WRITE";"6643.0";"";"4869543325";"33.816273 s"
"WRITE";"6648.0";"";"4869831306";"33.818273 s"
"WRITE";"6654.0";"";"4870119288";"33.820273 s"
"WRITE";"6660.0";"";"4870407269";"33.822273 s"
"WRITE";"6666.0";"";"4870695251";"33.824273 s"
"WRITE";"6672.0";"";"4870983232";"33.826272 s"
"WRITE";"6679.0";"";"4871271214";"33.828272 s"
"WRITE";"6685.0";"";"4871559195";"33.830272 s"
"WRITE";"6691.0";"";"4871847176";"33.832272 s"
"WRITE";"6697.0";"";"4872135158";"33.834272 s"
"WRITE";"6703.0";"";"4872423139";"33.836272 s"
"WRITE";"6710.0";"";"4872711121";"33.838272 s"
"WRITE";"6716.0";"";"4872999102";"33.840272 s"
"WRITE";"6722.0";"";"4873287084";"33.842271 s"
"WRITE";"6728.0";"";"4873575065";"33.844271 s"
"WRITE";"6734.0";"";"4873863046";"33.846271 s"
"WRITE";"6740.0";"";"4874151028";"33.848271 s"
"WRITE";"6746.0";"";"4874439009";"33.850271 s"
"WRITE";"6751.0";"";"4874726991";"33.852271 s"
"WRITE";"6757.0";"";"4875014972";"33.854271 s"
"WRITE";"6763.0";"";"4875302954";"33.856271 s"
"WRITE";"6768.0";"";"4875590935";"33.858270 s"
"WRITE";"6774.0";"";"4875878916";"33.860270 s"
"WRITE";"6779.0";"";"4876166898";"33.862270 s"
"WRITE";"6784.0";"";"4876454879";"33.864270 s"
"WRITE";"6789.0";"";"4876742861";"33.866270 s"
"WRITE";"6793.0";"";"4877030842";"33.868270 s"
"WRITE";"6798.0";"";"4877318823";"33.870270 s"
"WRITE";"6802.0";"";"4877606805";"33.872269 s"
"WRITE";"6807.0";"";"4877894786";"33.874269 s"
"WRITE";"6811.0";"";"4878182768";"33.876269 s"
"WRITE";"6815.0";"";"4878470749";"33.878269 s"
"WRITE";"6819.0";"";"4878758731";"33.880269 s"
"WRITE";"6823.0";"";"4879046712";"33.882269 s"
"WRITE";"6827.0";"";"4879334693";"33.884269 s"
"WRITE";"6831.0";"";"4879622675";"33.886269 s"
"WRITE";"6835.0";"";"4879910656";"33.888268 s"
"WRITE";"6839.0";"";"4880198638";"33.890268 s"
"WRITE";"6842.0";"";"4880486619";"33.892268 s"
"WRITE";"6846.0";"";"4880774601";"33.894268 s"
"WRITE";"6849.0";"";"4881062582";"33.896268 s"
"WRITE";"6853.0";"";"4881350563";"33.898268 s"
"WRITE";"6856.0";"";"4881638545";"33.900268 s"
"WRITE";"6859.0";"";"4881926526";"33.902268 s"
"WRITE";"6862.0";"";"4882214508";"33.904267 s"
"WRITE";"6865.0";"";"4882502489";"33.906267 s"
"WRITE";"6868.0";"";"4882790470";"33.908267 s"
"WRITE";"6871.0";"";"4883078452";"33.910267 s"
"WRITE";"6874.0";"";"4883366433";"33.912267 s"
"WRITE";"6876.0";"";"4883654415";"33.914267 s"
"WRITE";"6879.0";"";"4883942396";"33.916267 s"
"WRITE";"6881.0";"";"4884230378";"33.918267 s"
"WRITE";"6884.0";"";"4884518359";"33.920266 s"
"WRITE";"6887.0";"";"4884806340";"33.922266 s"
"WRITE";"6889.0";"";"4885094322";"33.924266 s"
"WRITE";"6892.0";"";"4885382303";"33.926266 s"
"WRITE";"6895.0";"";"4885670285";"33.928266 s"
"WRITE";"6897.0";"";"4885958266";"33.930266 s"
"WRITE";"6900.0";"";"4886246248";"33.932266 s"
"WRITE";"6903.0";"";"4886534229";"33.934265 s"
"WRITE";"6905.0";"";"4886822210";"33.936265 s"
"WRITE";"6908.0";"";"4887110192";"33.938265 s"
"WRITE";"6911.0";"";"4887398173";"33.940265 s"
"WRITE";"6914.0";"";"4887686155";"33.942265 s"
"WRITE";"6917.0";"";"4887974136";"33.944265 s"
"WRITE";"6920.0";"";"4888262117";"33.946265 s"
"WRITE";"6923.0";"";"4888550099";"33.948265 s"
"WRITE";"6925.0";"";"4888838080";"33.950264 s"
"WRITE";"6928.0";"";"4889126062";"33.952264 s"
"WRITE";"6931.0";"";"4889414043";"33.954264 s"
"WRITE";"6934.0";"";"4889702025";"33.956264 s"
"WRITE";"6937.0";"";"4889990006";"33.958264 s"
"WRITE";"6940.0";"";"4890277987";"33.960264 s"
"WRITE";"6944.0";"";"4890565969";"33.962264 s"
"WRITE";"6947.0";"";"4890853950";"33.964264 s"
"WRITE";"6950.0";"";"4891141932";"33.966263 s"
"WRITE";"6953.0";"";"4891429913";"33.968263 s"
"WRITE";"6955.0";"";"4891717895";"33.970263 s"
"WRITE";"6958.0";"";"4892005876";"33.972263 s"
"WRITE";"6961.0";"";"4892293857";"33.974263 s"
"WRITE";"6963.0";"";"4892581839";"33.976263 s"
"WRITE";"6966.0";"";"4892869820";"33.978263 s"
"WRITE";"6968.0";"";"4893157802";"33.980263 s"
"WRITE";"6971.0";"";"4893445783";"33.982262 s"
"WRITE";"6973.0";"";"4893733765";"33.984262 s"
"WRITE";"6975.0";"";"4894021746";"33.986262 s"
"WRITE";"6978.0";"";"4894309727";"33.988262 s"
"WRITE";"6980.0";"";"4894597709";"33.990262 s"
"WRITE";"6983.0";"";"4894885690";"33.992262 s"
"WRITE";"6986.0";"";"4895173672";"33.994262 s"
"WRITE";"6988.0";"";"4895461653";"33.996261 s"
"WRITE";"6991.0";"";"4895749634";"33.998261 s"
"WRITE";"6993.0";"";"4896037616";"34.000261 s"
"WRITE";"6996.0";"";"4896325597";"34.002261 s"
"WRITE";"6998.0";"";"4896613579";"34.004261 s"
"WRITE";"7001.0";"";"4896901560";"34.006261 s"
"WRITE";"7004.0";"";"4897192136";"34.008279 s"
"WRITE";"7006.0";"";"4897477523";"34.010261 s"
"WRITE";"7009.0";"";"4897765504";"34.012260 s"
"WRITE";"7012.0";"";"4898053486";"34.014260 s"
"WRITE";"7015.0";"";"4898341467";"34.016260 s"
"WRITE";"7017.0";"";"4898629449";"34.018260 s"
"WRITE";"7020.0";"";"4898917430";"34.020260 s"
"WRITE";"7024.0";"";"4899205412";"34.022260 s"
"WRITE";"7027.0";"";"4899493393";"34.024260 s"
"WRITE";"7030.0";"";"4899781374";"34.026260 s"
"WRITE";"7033.0";"";"4900069356";"34.028259 s"
"WRITE";"7037.0";"";"4900357337";"34.030259 s"
"WRITE";"7040.0";"";"4900645319";"34.032259 s"
"WRITE";"7044.0";"";"4900933300";"34.034259 s"
"WRITE";"7047.0";"";"4901221281";"34.036259 s"
"WRITE";"7050.0";"";"4901509263";"34.038259 s"
"WRITE";"7054.0";"";"4901797244";"34.040259 s"
"WRITE";"7057.0";"";"4902085226";"34.042259 s"
"WRITE";"7060.0";"";"4902373207";"34.044258 s"
"WRITE";"7063.0";"";"4902661189";"34.046258 s"
"WRITE";"7066.0";"";"4902949170";"34.048258 s"
"WRITE";"7069.0";"";"4903237151";"34.050258 s"
"WRITE";"7071.0";"";"4903525133";"34.052258 s"
"WRITE";"7074.0";"";"4903813114";"34.054258 s"
"WRITE";"7077.0";"";"4904101096";"34.056258 s"
"WRITE";"7080.0";"";"4904389077";"34.058257 s"
"WRITE";"7082.0";"";"4904677059";"34.060257 s"
"WRITE";"7085.0";"";"4904965040";"34.062257 s"
"WRITE";"7087.0";"";"4905253021";"34.064257 s"
"WRITE";"7090.0";"";"4905541003";"34.066257 s"
"WRITE";"7092.0";"";"4905828984";"34.068257 s"
"WRITE";"7095.0";"";"4906116966";"34.070257 s"
"WRITE";"7097.0";"";"4906404947";"34.072257 s"
"WRITE";"7100.0";"";"4906692928";"34.074256 s"
"WRITE";"7102.0";"";"4906980910";"34.076256 s"
"WRITE";"7105.0";"";"4907268891";"34.078256 s"
"WRITE";"7108.0";"";"4907556873";"34.080256 s"
"WRITE";"7111.0";"";"4907844854";"34.082256 s"
"WRITE";"7113.0";"";"4908132836";"34.084256 s"
"WRITE";"7116.0";"";"4908420817";"34.086256 s"
"WRITE";"7120.0";"";"4908708798";"34.088256 s"
"WRITE";"7123.0";"";"4908996780";"34.090255 s"
"WRITE";"7126.0";"";"4909284761";"34.092255 s"
"WRITE";"7130.0";"";"4909572743";"34.094255 s"
"WRITE";"7134.0";"";"4909860724";"34.096255 s"
"WRITE";"7138.0";"";"4910148706";"34.098255 s"
"WRITE";"7142.0";"";"4910436687";"34.100255 s"
"WRITE";"7146.0";"";"4910724668";"34.102255 s"
"WRITE";"7151.0";"";"4911012650";"34.104255 s"
"WRITE";"7155.0";"";"4911300631";"34.106254 s"
"WRITE";"7160.0";"";"4911588613";"34.108254 s"
"WRITE";"7164.0";"";"4911876594";"34.110254 s"
"WRITE";"7169.0";"";"4912164576";"34.112254 s"
"WRITE";"7173.0";"";"4912452557";"34.114254 s"
"WRITE";"7178.0";"";"4912740538";"34.116254 s"
"WRITE";"7182.0";"";"4913028520";"34.118254 s"
"WRITE";"7187.0";"";"4913316501";"34.120253 s"
"WRITE";"7191.0";"";"4913604483";"34.122253 s"
"WRITE";"7196.0";"";"4913892464";"34.124253 s"
"WRITE";"7200.0";"";"4914180445";"34.126253 s"
"WRITE";"7205.0";"";"4914468427";"34.128253 s"
"WRITE";"7209.0";"";"4914756408";"34.130253 s"
"WRITE";"7214.0";"";"4915044390";"34.132253 s"
"WRITE";"7218.0";"";"4915332371";"34.134253 s"
"WRITE";"7223.0";"";"4915620353";"34.136252 s"
"WRITE";"7228.0";"";"4915908334";"34.138252 s"
"WRITE";"7233.0";"";"4916196315";"34.140252 s"
"WRITE";"7238.0";"";"4916484297";"34.142252 s"
"WRITE";"7243.0";"";"4916772278";"34.144252 s"
"WRITE";"7247.0";"";"4917060260";"34.146252 s"
"WRITE";"7252.0";"";"4917348241";"34.148252 s"
"WRITE";"7258.0";"";"4917636223";"34.150252 s"
"WRITE";"7263.0";"";"4917924204";"34.152251 s"
"WRITE";"7268.0";"";"4918212185";"34.154251 s"
"WRITE";"7273.0";"";"4918500167";"34.156251 s"
"WRITE";"7278.0";"";"4918788148";"34.158251 s"
"WRITE";"7284.0";"";"4919076130";"34.160251 s"
"WRITE";"7289.0";"";"4919364111";"34.162251 s"
"WRITE";"7295.0";"";"4919652092";"34.164251 s"
"WRITE";"7300.0";"";"4919940074";"34.166251 s"
"WRITE";"7306.0";"";"4920228055";"34.168250 s"
"WRITE";"7311.0";"";"4920516037";"34.170250 s"
"WRITE";"7317.0";"";"4920804018";"34.172250 s"
"WRITE";"7323.0";"";"4921092000";"34.174250 s"
"WRITE";"7328.0";"";"4921379981";"34.176250 s"
"WRITE";"7334.0";"";"4921667962";"34.178250 s"
"WRITE";"7340.0";"";"4921955944";"34.180250 s"
"WRITE";"7346.0";"";"4922243925";"34.182249 s"
"WRITE";"7352.0";"";"4922531907";"34.184249 s"
"WRITE";"7358.0";"";"4922819888";"34.186249 s"
"WRITE";"7364.0";"";"4923107870";"34.188249 s"
"WRITE";"7371.0";"";"4923395851";"34.190249 s"
"WRITE";"7377.0";"";"4923683832";"34.192249 s"
"WRITE";"7383.0";"";"4923971814";"34.194249 s"
"WRITE";"7389.0";"";"4924259795";"34.196249 s"
"WRITE";"7395.0";"";"4924547777";"34.198248 s"
"WRITE";"7401.0";"";"4924835758";"34.200248 s"
"WRITE";"7407.0";"";"4925123739";"34.202248 s"
"WRITE";"7413.0";"";"4925411721";"34.204248 s"
"WRITE";"7419.0";"";"4925699702";"34.206248 s"
"WRITE";"7425.0";"";"4925987684";"34.208248 s"
"WRITE";"7431.0";"";"4926275665";"34.210248 s"
"WRITE";"7437.0";"";"4926563647";"34.212248 s"
"WRITE";"7443.0";"";"4926851628";"34.214247 s"
"WRITE";"7449.0";"";"4927139609";"34.216247 s"
"WRITE";"7456.0";"";"4927427591";"34.218247 s"
"WRITE";"7462.0";"";"4927715572";"34.220247 s"
"WRITE";"7469.0";"";"4928003554";"34.222247 s"
"WRITE";"7475.0";"";"4928291535";"34.224247 s"
"WRITE";"7482.0";"";"4928579517";"34.226247 s"
"WRITE";"7488.0";"";"4928867498";"34.228247 s"
"WRITE";"7493.0";"";"4929155479";"34.230246 s"
"WRITE";"7499.0";"";"4929443461";"34.232246 s"
"WRITE";"7504.0";"";"4929731442";"34.234246 s"
"WRITE";"7509.0";"";"4930019424";"34.236246 s"
"WRITE";"7514.0";"";"4930307405";"34.238246 s"
"WRITE";"7519.0";"";"4930595387";"34.240246 s"
"WRITE";"7524.0";"";"4930883368";"34.242246 s"
"WRITE";"7528.0";"";"4931171349";"34.244245 s"
"WRITE";"7532.0";"";"4931459331";"34.246245 s"
"WRITE";"7537.0";"";"4931747312";"34.248245 s"
"WRITE";"7541.0";"";"4932035294";"34.250245 s"
"WRITE";"7545.0";"";"4932323275";"34.252245 s"
"WRITE";"7549.0";"";"4932611256";"34.254245 s"
"WRITE";"7553.0";"";"4932899238";"34.256245 s"
"WRITE";"7557.0";"";"4933187219";"34.258245 s"
"WRITE";"7561.0";"";"4933475201";"34.260244 s"
"WRITE";"7565.0";"";"4933763182";"34.262244 s"
"WRITE";"7569.0";"";"4934051164";"34.264244 s"
"WRITE";"7573.0";"";"4934339145";"34.266244 s"
"WRITE";"7577.0";"";"4934627126";"34.268244 s"
"WRITE";"7581.0";"";"4934915108";"34.270244 s"
"WRITE";"7586.0";"";"4935203089";"34.272244 s"
"WRITE";"7590.0";"";"4935491071";"34.274244 s"
"WRITE";"7595.0";"";"4935779052";"34.276243 s"
"WRITE";"7599.0";"";"4936067034";"34.278243 s"
"WRITE";"7604.0";"";"4936355015";"34.280243 s"
"WRITE";"7608.0";"";"4936642996";"34.282243 s"
"WRITE";"7613.0";"";"4936930978";"34.284243 s"
"WRITE";"7617.0";"";"4937218959";"34.286243 s"
"WRITE";"7622.0";"";"4937506941";"34.288243 s"
"WRITE";"7626.0";"";"4937794922";"34.290243 s"
"WRITE";"7630.0";"";"4938082903";"34.292242 s"
"WRITE";"7635.0";"";"4938370885";"34.294242 s"
"WRITE";"7639.0";"";"4938658866";"34.296242 s"
"WRITE";"7643.0";"";"4938946848";"34.298242 s"
"WRITE";"7647.0";"";"4939234829";"34.300242 s"
"WRITE";"7651.0";"";"4939522811";"34.302242 s"
"WRITE";"7654.0";"";"4939810792";"34.304242 s"
"WRITE";"7658.0";"";"4940098773";"34.306241 s"
"WRITE";"7661.0";"";"4940386755";"34.308241 s"
"WRITE";"7664.0";"";"4940674736";"34.310241 s"
"WRITE";"7667.0";"";"4940962718";"34.312241 s"
"WRITE";"7670.0";"";"4941250699";"34.314241 s"
"WRITE";"7673.0";"";"4941538681";"34.316241 s"
"WRITE";"7676.0";"";"4941826662";"34.318241 s"
"WRITE";"7679.0";"";"4942114643";"34.320241 s"
"WRITE";"7682.0";"";"4942402625";"34.322240 s"
"WRITE";"7684.0";"";"4942690606";"34.324240 s"
"WRITE";"7687.0";"";"4942978588";"34.326240 s"
"WRITE";"7690.0";"";"4943266569";"34.328240 s"
"WRITE";"7692.0";"";"4943554550";"34.330240 s"
"WRITE";"7695.0";"";"4943842532";"34.332240 s"
"WRITE";"7698.0";"";"4944130513";"34.334240 s"
"WRITE";"7700.0";"";"4944418495";"34.336240 s"
"WRITE";"7703.0";"";"4944706476";"34.338239 s"
"WRITE";"7705.0";"";"4944994458";"34.340239 s"
"WRITE";"7708.0";"";"4945282439";"34.342239 s"
"WRITE";"7711.0";"";"4945570420";"34.344239 s"
"WRITE";"7713.0";"";"4945858402";"34.346239 s"
"WRITE";"7716.0";"";"4946146383";"34.348239 s"
"WRITE";"7718.0";"";"4946434365";"34.350239 s"
"WRITE";"7721.0";"";"4946722346";"34.352239 s"
"WRITE";"7723.0";"";"4947010328";"34.354238 s"
"WRITE";"7726.0";"";"4947298309";"34.356238 s"
"WRITE";"7729.0";"";"4947586290";"34.358238 s"
"WRITE";"7731.0";"";"4947874272";"34.360238 s"
"WRITE";"7734.0";"";"4948162253";"34.362238 s"
"WRITE";"7737.0";"";"4948450235";"34.364238 s"
"WRITE";"7739.0";"";"4948738216";"34.366238 s"
"WRITE";"7742.0";"";"4949026198";"34.368237 s"
"WRITE";"7745.0";"";"4949314179";"34.370237 s"
"WRITE";"7747.0";"";"4949602160";"34.372237 s"
"WRITE";"7750.0";"";"4949890142";"34.374237 s"
"WRITE";"7752.0";"";"4950178123";"34.376237 s"
"WRITE";"7755.0";"";"4950466105";"34.378237 s"
"WRITE";"7758.0";"";"4950754086";"34.380237 s"
"WRITE";"7760.0";"";"4951042067";"34.382237 s"
"WRITE";"7763.0";"";"4951330049";"34.384236 s"
"WRITE";"7766.0";"";"4951618030";"34.386236 s"
"WRITE";"7768.0";"";"4951906012";"34.388236 s"
"WRITE";"7771.0";"";"4952193993";"34.390236 s"
"WRITE";"7774.0";"";"4952481975";"34.392236 s"
"WRITE";"7777.0";"";"4952769956";"34.394236 s"
"WRITE";"7779.0";"";"4953057937";"34.396236 s"
"WRITE";"7782.0";"";"4953345919";"34.398236 s"
"WRITE";"7785.0";"";"4953633900";"34.400235 s"
"WRITE";"7787.0";"";"4953921882";"34.402235 s"
"WRITE";"7790.0";"";"4954209863";"34.404235 s"
"WRITE";"7792.0";"";"4954497845";"34.406235 s"
"WRITE";"7794.0";"";"4954785826";"34.408235 s"
"WRITE";"7797.0";"";"4955073807";"34.410235 s"
"WRITE";"7799.0";"";"4955361789";"34.412235 s"
"WRITE";"7801.0";"";"4955649770";"34.414235 s"
"WRITE";"7803.0";"";"4955937752";"34.416234 s"
"WRITE";"7805.0";"";"4956225733";"34.418234 s"
"WRITE";"7807.0";"";"4956513714";"34.420234 s"
"WRITE";"7810.0";"";"4956801696";"34.422234 s"
"WRITE";"7812.0";"";"4957089677";"34.424234 s"
"WRITE";"7814.0";"";"4957377659";"34.426234 s"
"WRITE";"7816.0";"";"4957665640";"34.428234 s"
"WRITE";"7818.0";"";"4957953622";"34.430233 s"
"WRITE";"7820.0";"";"4958241603";"34.432233 s"
"WRITE";"7822.0";"";"4958529584";"34.434233 s"
"WRITE";"7823.0";"";"4958817566";"34.436233 s"
"WRITE";"7825.0";"";"4959105547";"34.438233 s"
"WRITE";"7826.0";"";"4959393529";"34.440233 s"
"WRITE";"7827.0";"";"4959681510";"34.442233 s"
"WRITE";"7828.0";"";"4959969492";"34.444233 s"
"WRITE";"7830.0";"";"4960257473";"34.446232 s"
"WRITE";"7831.0";"";"4960545454";"34.448232 s"
"WRITE";"7833.0";"";"4960833436";"34.450232 s"
"WRITE";"7834.0";"";"4961121417";"34.452232 s"
"WRITE";"7836.0";"";"4961409399";"34.454232 s"
"WRITE";"7838.0";"";"4961697380";"34.456232 s"
"WRITE";"7839.0";"";"4961985361";"34.458232 s"
"WRITE";"7841.0";"";"4962273343";"34.460232 s"
"WRITE";"7842.0";"";"4962561324";"34.462231 s"
"WRITE";"7843.0";"";"4962849306";"34.464231 s"
"WRITE";"7844.0";"";"4963137287";"34.466231 s"
"WRITE";"7845.0";"";"4963425269";"34.468231 s"
"WRITE";"7846.0";"";"4963713250";"34.470231 s"
"WRITE";"7847.0";"";"4964001231";"34.472231 s"
"WRITE";"7847.0";"";"4964289213";"34.474231 s"
"WRITE";"7848.0";"";"4964577194";"34.476231 s"
"WRITE";"7849.0";"";"4964865176";"34.478230 s"
"WRITE";"7849.0";"";"4965153157";"34.480230 s"
"WRITE";"7850.0";"";"4965441139";"34.482230 s"
"WRITE";"7851.0";"";"4965729120";"34.484230 s"
"WRITE";"7851.0";"";"4966017101";"34.486230 s"
"WRITE";"7852.0";"";"4966305083";"34.488230 s"
"WRITE";"7852.0";"";"4966593064";"34.490230 s"
"WRITE";"7853.0";"";"4966881046";"34.492229 s"
"WRITE";"7853.0";"";"4967169027";"34.494229 s"
"WRITE";"7854.0";"";"4967457009";"34.496229 s"
"WRITE";"7854.0";"";"4967744990";"34.498229 s"
"WRITE";"7854.0";"";"4968032971";"34.500229 s"
"WRITE";"7855.0";"";"4968320953";"34.502229 s"
"WRITE";"7855.0";"";"4968608934";"34.504229 s"
"WRITE";"7855.0";"";"4968896916";"34.506229 s"
"WRITE";"7856.0";"";"4969187492";"34.508246 s"
"WRITE";"7856.0";"";"4969472878";"34.510228 s"
"WRITE";"7856.0";"";"4969760860";"34.512228 s"
"WRITE";"7856.0";"";"4970048841";"34.514228 s"
"WRITE";"7857.0";"";"4970336823";"34.516228 s"
"WRITE";"7857.0";"";"4970624804";"34.518228 s"
"WRITE";"7857.0";"";"4970912786";"34.520228 s"
"WRITE";"7857.0";"";"4971200767";"34.522228 s"
"WRITE";"7857.0";"";"4971488748";"34.524227 s"
"WRITE";"7857.0";"";"4971776730";"34.526227 s"
"WRITE";"7858.0";"";"4972064711";"34.528227 s"
"WRITE";"7858.0";"";"4972352693";"34.530227 s"
"WRITE";"7858.0";"";"4972640674";"34.532227 s"
"WRITE";"7858.0";"";"4972928656";"34.534227 s"
"WRITE";"7858.0";"";"4973216637";"34.536227 s"
"WRITE";"7858.0";"";"4973504618";"34.538227 s"
"WRITE";"7858.0";"";"4973792600";"34.540226 s"
"WRITE";"7858.0";"";"4974080581";"34.542226 s"
"WRITE";"7859.0";"";"4974368563";"34.544226 s"
"WRITE";"7859.0";"";"4974656544";"34.546226 s"
"WRITE";"7859.0";"";"4974944525";"34.548226 s"
"WRITE";"7859.0";"";"4975232507";"34.550226 s"
"WRITE";"7859.0";"";"4975520488";"34.552226 s"
"WRITE";"7859.0";"";"4975808470";"34.554225 s"
"WRITE";"7859.0";"";"4976096451";"34.556225 s"
"WRITE";"7859.0";"";"4976384433";"34.558225 s"
"WRITE";"7859.0";"";"4976672414";"34.560225 s"
"WRITE";"7859.0";"";"4976960395";"34.562225 s"
"WRITE";"7860.0";"";"4977248377";"34.564225 s"
"WRITE";"7860.0";"";"4977536358";"34.566225 s"
"WRITE";"7860.0";"";"4977824340";"34.568225 s"
"WRITE";"7860.0";"";"4978112321";"34.570224 s"
"WRITE";"7860.0";"";"4978400303";"34.572224 s"
"WRITE";"7860.0";"";"4978688284";"34.574224 s"
"WRITE";"7860.0";"";"4978976265";"34.576224 s"
"WRITE";"7860.0";"";"4979264247";"34.578224 s"
"WRITE";"7860.0";"";"4979552228";"34.580224 s"
"WRITE";"7860.0";"";"4979840210";"34.582224 s"
"WRITE";"7860.0";"";"4980128191";"34.584224 s"
"WRITE";"7860.0";"";"4980416172";"34.586223 s"
"WRITE";"7860.0";"";"4980704154";"34.588223 s"
"WRITE";"7860.0";"";"4980992135";"34.590223 s"
"WRITE";"7859.0";"";"4981280117";"34.592223 s"
"WRITE";"7858.0";"";"4981568098";"34.594223 s"
"WRITE";"7856.0";"";"4981856080";"34.596223 s"
"WRITE";"7853.0";"";"4982144061";"34.598223 s"
"WRITE";"7849.0";"";"4982432042";"34.600223 s"
"WRITE";"7843.0";"";"4982720024";"34.602222 s"
"WRITE";"7836.0";"";"4983008005";"34.604222 s"
"WRITE";"7827.0";"";"4983295987";"34.606222 s"
"WRITE";"7817.0";"";"4983583968";"34.608222 s"
"WRITE";"7804.0";"";"4983871950";"34.610222 s"
"WRITE";"7789.0";"";"4984159931";"34.612222 s"
"WRITE";"7772.0";"";"4984447912";"34.614222 s"
"WRITE";"7752.0";"";"4984735894";"34.616221 s"
"WRITE";"7729.0";"";"4985023875";"34.618221 s"
"WRITE";"7703.0";"";"4985311857";"34.620221 s"
"WRITE";"7674.0";"";"4985599838";"34.622221 s"
"WRITE";"7641.0";"";"4985887820";"34.624221 s"
"WRITE";"7605.0";"";"4986175801";"34.626221 s"
"WRITE";"7565.0";"";"4986463782";"34.628221 s"
"WRITE";"7521.0";"";"4986751764";"34.630221 s"
"WRITE";"7473.0";"";"4987039745";"34.632220 s"
"WRITE";"7420.0";"";"4987327727";"34.634220 s"
"WRITE";"7363.0";"";"4987615708";"34.636220 s"
"WRITE";"7301.0";"";"4987903689";"34.638220 s"
"WRITE";"7233.0";"";"4988191671";"34.640220 s"
"WRITE";"7160.0";"";"4988479652";"34.642220 s"
"WRITE";"7082.0";"";"4988767634";"34.644220 s"
"WRITE";"7003.0";"";"4989055615";"34.646220 s"
"WRITE";"6930.0";"";"4989343597";"34.648219 s"
"WRITE";"6868.0";"";"4989631578";"34.650219 s"
"WRITE";"6816.0";"";"4989919559";"34.652219 s"
"WRITE";"6774.0";"";"4990207541";"34.654219 s"
"WRITE";"6740.0";"";"4990495522";"34.656219 s"
"WRITE";"6711.0";"";"4990783504";"34.658219 s"
"WRITE";"6685.0";"";"4991071485";"34.660219 s"
"WRITE";"6660.0";"";"4991359467";"34.662219 s"
"WRITE";"6635.0";"";"4991647448";"34.664218 s"
"WRITE";"6611.0";"";"4991935429";"34.666218 s"
"WRITE";"6586.0";"";"4992223411";"34.668218 s"
"WRITE";"6561.0";"";"4992511392";"34.670218 s"
"WRITE";"6534.0";"";"4992799374";"34.672218 s"
"WRITE";"6505.0";"";"4993087355";"34.674218 s"
"WRITE";"6475.0";"";"4993375336";"34.676218 s"
"WRITE";"6442.0";"";"4993663318";"34.678217 s"
"WRITE";"6406.0";"";"4993951299";"34.680217 s"
"WRITE";"6368.0";"";"4994239281";"34.682217 s"
"WRITE";"6327.0";"";"4994527262";"34.684217 s"
"WRITE";"6283.0";"";"4994815244";"34.686217 s"
"WRITE";"6236.0";"";"4995103225";"34.688217 s"
"WRITE";"6185.0";"";"4995391206";"34.690217 s"
"WRITE";"6131.0";"";"4995679188";"34.692217 s"
"WRITE";"6074.0";"";"4995967169";"34.694216 s"
"WRITE";"6013.0";"";"4996255151";"34.696216 s"
"WRITE";"5950.0";"";"4996543132";"34.698216 s"
"WRITE";"5884.0";"";"4996831114";"34.700216 s"
"WRITE";"5816.0";"";"4997119095";"34.702216 s"
"WRITE";"5747.0";"";"4997407076";"34.704216 s"
"WRITE";"5677.0";"";"4997695058";"34.706216 s"
"WRITE";"5608.0";"";"4997983039";"34.708216 s"
"WRITE";"5540.0";"";"4998271021";"34.710215 s"
"WRITE";"5473.0";"";"4998559002";"34.712215 s"
"WRITE";"5406.0";"";"4998846983";"34.714215 s"
"WRITE";"5341.0";"";"4999134965";"34.716215 s"
"WRITE";"5277.0";"";"4999422946";"34.718215 s"
"WRITE";"5214.0";"";"4999710928";"34.720215 s"
"WRITE";"5152.0";"";"4999998909";"34.722215 s"
"WRITE";"5090.0";"";"5000286891";"34.724215 s"
"WRITE";"5026.0";"";"5000574872";"34.726214 s"
"WRITE";"4960.0";"";"5000862853";"34.728214 s"
"WRITE";"4893.0";"";"5001150835";"34.730214 s"
"WRITE";"4822.0";"";"5001438816";"34.732214 s"
"WRITE";"4747.0";"";"5001726798";"34.734214 s"
"WRITE";"4667.0";"";"5002014779";"34.736214 s"
"WRITE";"4581.0";"";"5002302761";"34.738214 s"
"WRITE";"4491.0";"";"5002590742";"34.740213 s"
"WRITE";"4402.0";"";"5002878723";"34.742213 s"
"WRITE";"4323.0";"";"5003166705";"34.744213 s"
"WRITE";"4259.0";"";"5003454686";"34.746213 s"
"WRITE";"4209.0";"";"5003742668";"34.748213 s"
"WRITE";"4173.0";"";"5004030649";"34.750213 s"
"WRITE";"4148.0";"";"5004318631";"34.752213 s"
"WRITE";"4132.0";"";"5004606612";"34.754213 s"
"WRITE";"4123.0";"";"5004894593";"34.756212 s"
"WRITE";"4117.0";"";"5005182575";"34.758212 s"
"WRITE";"4113.0";"";"5005470556";"34.760212 s"
"WRITE";"4109.0";"";"5005758538";"34.762212 s"
"WRITE";"4105.0";"";"5006046519";"34.764212 s"
"WRITE";"4102.0";"";"5006334500";"34.766212 s"
"WRITE";"4099.0";"";"5006622482";"34.768212 s"
"WRITE";"4096.0";"";"5006910463";"34.770212 s"
"WRITE";"4094.0";"";"5007198445";"34.772211 s"
"WRITE";"4092.0";"";"5007486426";"34.774211 s"
"WRITE";"4090.0";"";"5007774408";"34.776211 s"
"WRITE";"4088.0";"";"5008062389";"34.778211 s"
"WRITE";"4086.0";"";"5008350370";"34.780211 s"
"WRITE";"4085.0";"";"5008638352";"34.782211 s"
"WRITE";"4084.0";"";"5008926333";"34.784211 s"
"WRITE";"4083.0";"";"5009214315";"34.786211 s"
"WRITE";"4082.0";"";"5009502296";"34.788210 s"
"WRITE";"4082.0";"";"5009790278";"34.790210 s"
"WRITE";"4082.0";"";"5010078259";"34.792210 s"
"WRITE";"4082.0";"";"5010366240";"34.794210 s"
"WRITE";"4082.0";"";"5010654222";"34.796210 s"
"WRITE";"4083.0";"";"5010942203";"34.798210 s"
"WRITE";"4084.0";"";"5011230185";"34.800210 s"
"WRITE";"4085.0";"";"5011518166";"34.802209 s"
"WRITE";"4087.0";"";"5011806147";"34.804209 s"
"WRITE";"4089.0";"";"5012094129";"34.806209 s"
"WRITE";"4091.0";"";"5012382110";"34.808209 s"
"WRITE";"4093.0";"";"5012670092";"34.810209 s"
"WRITE";"4095.0";"";"5012958073";"34.812209 s"
"WRITE";"4097.0";"";"5013246055";"34.814209 s"
"WRITE";"4099.0";"";"5013534036";"34.816209 s"
"WRITE";"4100.0";"";"5013822017";"34.818208 s"
"WRITE";"4101.0";"";"5014109999";"34.820208 s"
"WRITE";"4103.0";"";"5014397980";"34.822208 s"
"WRITE";"4104.0";"";"5014685962";"34.824208 s"
"WRITE";"4104.0";"";"5014973943";"34.826208 s"
"WRITE";"4105.0";"";"5015261925";"34.828208 s"
"WRITE";"4106.0";"";"5015549906";"34.830208 s"
"WRITE";"4106.0";"";"5015837887";"34.832208 s"
"WRITE";"4107.0";"";"5016125869";"34.834207 s"
"WRITE";"4107.0";"";"5016413850";"34.836207 s"
"WRITE";"4107.0";"";"5016701832";"34.838207 s"
"WRITE";"4108.0";"";"5016989813";"34.840207 s"
"WRITE";"4108.0";"";"5017277794";"34.842207 s"
"WRITE";"4108.0";"";"5017565776";"34.844207 s"
"WRITE";"4108.0";"";"5017853757";"34.846207 s"
"WRITE";"4108.0";"";"5018141739";"34.848207 s"
"WRITE";"4108.0";"";"5018429720";"34.850206 s"
"WRITE";"4108.0";"";"5018717702";"34.852206 s"
"WRITE";"4108.0";"";"5019005683";"34.854206 s"
"WRITE";"4108.0";"";"5019293664";"34.856206 s"
"WRITE";"4108.0";"";"5019581646";"34.858206 s"
"WRITE";"4108.0";"";"5019869627";"34.860206 s"
"WRITE";"4108.0";"";"5020157609";"34.862206 s"
"WRITE";"4108.0";"";"5020445590";"34.864205 s"
"WRITE";"4108.0";"";"5020733572";"34.866205 s"
"WRITE";"4108.0";"";"5021021553";"34.868205 s"
"WRITE";"4108.0";"";"5021309534";"34.870205 s"
"WRITE";"4108.0";"";"5021597516";"34.872205 s"
"WRITE";"4108.0";"";"5021885497";"34.874205 s"
"WRITE";"4108.0";"";"5022173479";"34.876205 s"
"WRITE";"4108.0";"";"5022461460";"34.878205 s"
"WRITE";"4108.0";"";"5022749442";"34.880204 s"
"WRITE";"4108.0";"";"5023037423";"34.882204 s"
"WRITE";"4108.0";"";"5023325404";"34.884204 s"
"WRITE";"4108.0";"";"5023613386";"34.886204 s"
"WRITE";"4108.0";"";"5023901367";"34.888204 s"
"WRITE";"4108.0";"";"5024189349";"34.890204 s"
"WRITE";"4108.0";"";"5024477330";"34.892204 s"
"WRITE";"4108.0";"";"5024765311";"34.894204 s"
"WRITE";"4108.0";"";"5025053293";"34.896203 s"
"WRITE";"4108.0";"";"5025341274";"34.898203 s"
"WRITE";"4108.0";"";"5025629256";"34.900203 s"
"WRITE";"4108.0";"";"5025917237";"34.902203 s"
"WRITE";"4108.0";"";"5026205219";"34.904203 s"
"WRITE";"4108.0";"";"5026493200";"34.906203 s"
"WRITE";"4108.0";"";"5026781181";"34.908203 s"
"WRITE";"4108.0";"";"5027069163";"34.910203 s"
"WRITE";"4108.0";"";"5027357144";"34.912202 s"
"WRITE";"4108.0";"";"5027645126";"34.914202 s"
"WRITE";"4108.0";"";"5027933107";"34.916202 s"
"WRITE";"4108.0";"";"5028221089";"34.918202 s"
"WRITE";"4108.0";"";"5028509070";"34.920202 s"
"WRITE";"4108.0";"";"5028797051";"34.922202 s"
"WRITE";"4108.0";"";"5029085033";"34.924202 s"
"WRITE";"4108.0";"";"5029373014";"34.926201 s"
"WRITE";"4108.0";"";"5029660996";"34.928201 s"
"WRITE";"4108.0";"";"5029948977";"34.930201 s"
"WRITE";"4109.0";"";"5030236958";"34.932201 s"
"WRITE";"4109.0";"";"5030524940";"34.934201 s"
"WRITE";"4109.0";"";"5030812921";"34.936201 s"
"WRITE";"4109.0";"";"5031100903";"34.938201 s"
"WRITE";"4109.0";"";"5031388884";"34.940201 s"
"WRITE";"4109.0";"";"5031676866";"34.942200 s"
"WRITE";"4110.0";"";"5031964847";"34.944200 s"
"WRITE";"4110.0";"";"5032252828";"34.946200 s"
"WRITE";"4110.0";"";"5032540810";"34.948200 s"
"WRITE";"4110.0";"";"5032828791";"34.950200 s"
"WRITE";"4110.0";"";"5033116773";"34.952200 s"
"WRITE";"4111.0";"";"5033404754";"34.954200 s"
"WRITE";"4111.0";"";"5033692736";"34.956200 s"
"WRITE";"4111.0";"";"5033980717";"34.958199 s"
"WRITE";"4111.0";"";"5034268698";"34.960199 s"
"WRITE";"4111.0";"";"5034556680";"34.962199 s"
"WRITE";"4111.0";"";"5034844661";"34.964199 s"
"WRITE";"4111.0";"";"5035132643";"34.966199 s"
"WRITE";"4112.0";"";"5035420624";"34.968199 s"
"WRITE";"4112.0";"";"5035708605";"34.970199 s"
"WRITE";"4112.0";"";"5035996587";"34.972199 s"
"WRITE";"4112.0";"";"5036284568";"34.974198 s"
"WRITE";"4113.0";"";"5036572550";"34.976198 s"
"WRITE";"4113.0";"";"5036860531";"34.978198 s"
"WRITE";"4113.0";"";"5037148513";"34.980198 s"
"WRITE";"4113.0";"";"5037436494";"34.982198 s"
"WRITE";"4113.0";"";"5037724475";"34.984198 s"
"WRITE";"4113.0";"";"5038012457";"34.986198 s"
"WRITE";"4113.0";"";"5038300438";"34.988197 s"
"WRITE";"4113.0";"";"5038588420";"34.990197 s"
"WRITE";"4113.0";"";"5038876401";"34.992197 s"
"WRITE";"4113.0";"";"5039164383";"34.994197 s"
"WRITE";"4113.0";"";"5039452364";"34.996197 s"
"WRITE";"4113.0";"";"5039740345";"34.998197 s"
"WRITE";"4113.0";"";"5040028327";"35.000197 s"
"WRITE";"4113.0";"";"5040316308";"35.002197 s"
"WRITE";"4112.0";"";"5040604290";"35.004196 s"
"WRITE";"4112.0";"";"5040892271";"35.006196 s"
"WRITE";"4112.0";"";"5041182860";"35.008214 s"
"WRITE";"4112.0";"";"5041468234";"35.010196 s"
"WRITE";"4112.0";"";"5041756215";"35.012196 s"
"WRITE";"4112.0";"";"5042044197";"35.014196 s"
"WRITE";"4112.0";"";"5042332178";"35.016196 s"
"WRITE";"4112.0";"";"5042620160";"35.018196 s"
"WRITE";"4112.0";"";"5042908141";"35.020195 s"
"WRITE";"4112.0";"";"5043196122";"35.022195 s"
"WRITE";"4112.0";"";"5043484104";"35.024195 s"
"WRITE";"4112.0";"";"5043772085";"35.026195 s"
"WRITE";"4112.0";"";"5044060067";"35.028195 s"
"WRITE";"4112.0";"";"5044348048";"35.030195 s"
"WRITE";"4112.0";"";"5044636030";"35.032195 s"
"WRITE";"4112.0";"";"5044924011";"35.034195 s"
"WRITE";"4112.0";"";"5045211992";"35.036194 s"
"WRITE";"4112.0";"";"5045499974";"35.038194 s"
"WRITE";"4112.0";"";"5045787955";"35.040194 s"
"WRITE";"4112.0";"";"5046075937";"35.042194 s"
"WRITE";"4112.0";"";"5046363918";"35.044194 s"
"WRITE";"4112.0";"";"5046651900";"35.046194 s"
"WRITE";"4112.0";"";"5046939881";"35.048194 s"
"WRITE";"4112.0";"";"5047227862";"35.050193 s"
"WRITE";"4111.0";"";"5047515844";"35.052193 s"
"WRITE";"4111.0";"";"5047803825";"35.054193 s"
"WRITE";"4111.0";"";"5048091807";"35.056193 s"
"WRITE";"4111.0";"";"5048379788";"35.058193 s"
"WRITE";"4111.0";"";"5048667769";"35.060193 s"
"WRITE";"4111.0";"";"5048955751";"35.062193 s"
"WRITE";"4111.0";"";"5049243732";"35.064193 s"
"WRITE";"4111.0";"";"5049531714";"35.066192 s"
"WRITE";"4110.0";"";"5049819695";"35.068192 s"
"WRITE";"4110.0";"";"5050107677";"35.070192 s"
"WRITE";"4110.0";"";"5050395658";"35.072192 s"
"WRITE";"4110.0";"";"5050683639";"35.074192 s"
"WRITE";"4110.0";"";"5050971621";"35.076192 s"
"WRITE";"4110.0";"";"5051259602";"35.078192 s"
"WRITE";"4110.0";"";"5051547584";"35.080192 s"
"WRITE";"4110.0";"";"5051835565";"35.082191 s"
"WRITE";"4110.0";"";"5052123547";"35.084191 s"
"WRITE";"4110.0";"";"5052411528";"35.086191 s"
"WRITE";"4110.0";"";"5052699509";"35.088191 s"
"WRITE";"4110.0";"";"5052987491";"35.090191 s"
"WRITE";"4110.0";"";"5053275472";"35.092191 s"
"WRITE";"4110.0";"";"5053563454";"35.094191 s"
"WRITE";"4110.0";"";"5053851435";"35.096191 s"
"WRITE";"4110.0";"";"5054139416";"35.098190 s"
"WRITE";"4110.0";"";"5054427398";"35.100190 s"
"WRITE";"4110.0";"";"5054715379";"35.102190 s"
"WRITE";"4110.0";"";"5055003361";"35.104190 s"
"WRITE";"4110.0";"";"5055291342";"35.106190 s"
"WRITE";"4110.0";"";"5055579324";"35.108190 s"
"WRITE";"4110.0";"";"5055867305";"35.110190 s"
"WRITE";"4110.0";"";"5056155286";"35.112189 s"
"WRITE";"4110.0";"";"5056443268";"35.114189 s"
"WRITE";"4110.0";"";"5056731249";"35.116189 s"
"WRITE";"4109.0";"";"5057019231";"35.118189 s"
"WRITE";"4109.0";"";"5057307212";"35.120189 s"
"WRITE";"4109.0";"";"5057595194";"35.122189 s"
"WRITE";"4109.0";"";"5057883175";"35.124189 s"
"WRITE";"4109.0";"";"5058171156";"35.126189 s"
"WRITE";"4109.0";"";"5058459138";"35.128188 s"
"WRITE";"4109.0";"";"5058747119";"35.130188 s"
"WRITE";"4109.0";"";"5059035101";"35.132188 s"
"WRITE";"4108.0";"";"5059323082";"35.134188 s"
"WRITE";"4108.0";"";"5059611064";"35.136188 s"
"WRITE";"4108.0";"";"5059899045";"35.138188 s"
"WRITE";"4108.0";"";"5060187026";"35.140188 s"
"WRITE";"4108.0";"";"5060475008";"35.142188 s"
"WRITE";"4108.0";"";"5060762989";"35.144187 s"
"WRITE";"4108.0";"";"5061050971";"35.146187 s"
"WRITE";"4108.0";"";"5061338952";"35.148187 s"
"WRITE";"4108.0";"";"5061626933";"35.150187 s"
"WRITE";"4108.0";"";"5061914915";"35.152187 s"
"WRITE";"4108.0";"";"5062202896";"35.154187 s"
"WRITE";"4108.0";"";"5062490878";"35.156187 s"
"WRITE";"4108.0";"";"5062778859";"35.158187 s"
"WRITE";"4108.0";"";"5063066841";"35.160186 s"
"WRITE";"4108.0";"";"5063354822";"35.162186 s"
"WRITE";"4108.0";"";"5063642803";"35.164186 s"
"WRITE";"4108.0";"";"5063930785";"35.166186 s"
"WRITE";"4108.0";"";"5064218766";"35.168186 s"
"WRITE";"4108.0";"";"5064506748";"35.170186 s"
"WRITE";"4109.0";"";"5064794729";"35.172186 s"
"WRITE";"4109.0";"";"5065082711";"35.174185 s"
"WRITE";"4109.0";"";"5065370692";"35.176185 s"
"WRITE";"4109.0";"";"5065658673";"35.178185 s"
"WRITE";"4109.0";"";"5065946655";"35.180185 s"
"WRITE";"4109.0";"";"5066234636";"35.182185 s"
"WRITE";"4110.0";"";"5066522618";"35.184185 s"
"WRITE";"4110.0";"";"5066810599";"35.186185 s"
"WRITE";"4110.0";"";"5067098580";"35.188185 s"
"WRITE";"4110.0";"";"5067386562";"35.190184 s"
"WRITE";"4110.0";"";"5067674543";"35.192184 s"
"WRITE";"4110.0";"";"5067962525";"35.194184 s"
"WRITE";"4110.0";"";"5068250506";"35.196184 s"
"WRITE";"4110.0";"";"5068538488";"35.198184 s"
"WRITE";"4110.0";"";"5068826469";"35.200184 s"
"WRITE";"4110.0";"";"5069114450";"35.202184 s"
"WRITE";"4110.0";"";"5069402432";"35.204184 s"
"WRITE";"4110.0";"";"5069690413";"35.206183 s"
"WRITE";"4110.0";"";"5069978395";"35.208183 s"
"WRITE";"4111.0";"";"5070266376";"35.210183 s"
"WRITE";"4111.0";"";"5070554358";"35.212183 s"
"WRITE";"4111.0";"";"5070842339";"35.214183 s"
"WRITE";"4111.0";"";"5071130320";"35.216183 s"
"WRITE";"4112.0";"";"5071418302";"35.218183 s"
"WRITE";"4113.0";"";"5071706283";"35.220183 s"
"WRITE";"4114.0";"";"5071994265";"35.222182 s"
"WRITE";"4114.0";"";"5072282246";"35.224182 s"
"WRITE";"4115.0";"";"5072570227";"35.226182 s"
"WRITE";"4116.0";"";"5072858209";"35.228182 s"
"WRITE";"4116.0";"";"5073146190";"35.230182 s"
"WRITE";"4116.0";"";"5073434172";"35.232182 s"
"WRITE";"4117.0";"";"5073722153";"35.234182 s"
"WRITE";"4117.0";"";"5074010135";"35.236181 s"
"WRITE";"4117.0";"";"5074298116";"35.238181 s"
"WRITE";"4117.0";"";"5074586097";"35.240181 s"
"WRITE";"4117.0";"";"5074874079";"35.242181 s"
"WRITE";"4118.0";"";"5075162060";"35.244181 s"
"WRITE";"4118.0";"";"5075450042";"35.246181 s"
"WRITE";"4118.0";"";"5075738023";"35.248181 s"
"WRITE";"4119.0";"";"5076026005";"35.250181 s"
"WRITE";"4119.0";"";"5076313986";"35.252180 s"
"WRITE";"4119.0";"";"5076601967";"35.254180 s"
"WRITE";"4119.0";"";"5076889949";"35.256180 s"
"WRITE";"4119.0";"";"5077177930";"35.258180 s"
"WRITE";"4119.0";"";"5077465912";"35.260180 s"
"WRITE";"4119.0";"";"5077753893";"35.262180 s"
"WRITE";"4119.0";"";"5078041875";"35.264180 s"
"WRITE";"4119.0";"";"5078329856";"35.266180 s"
"WRITE";"4119.0";"";"5078617837";"35.268179 s"
"WRITE";"4119.0";"";"5078905819";"35.270179 s"
"WRITE";"4119.0";"";"5079193800";"35.272179 s"
"WRITE";"4119.0";"";"5079481782";"35.274179 s"
"WRITE";"4119.0";"";"5079769763";"35.276179 s"
"WRITE";"4119.0";"";"5080057744";"35.278179 s"
"WRITE";"4119.0";"";"5080345726";"35.280179 s"
"WRITE";"4119.0";"";"5080633707";"35.282179 s"
"WRITE";"4119.0";"";"5080921689";"35.284178 s"
"WRITE";"4119.0";"";"5081209670";"35.286178 s"
"WRITE";"4119.0";"";"5081497652";"35.288178 s"
"WRITE";"4119.0";"";"5081785633";"35.290178 s"
"WRITE";"4119.0";"";"5082073614";"35.292178 s"
"WRITE";"4119.0";"";"5082361596";"35.294178 s"
"WRITE";"4119.0";"";"5082649577";"35.296178 s"
"WRITE";"4119.0";"";"5082937559";"35.298177 s"
"WRITE";"4119.0";"";"5083225540";"35.300177 s"
"WRITE";"4119.0";"";"5083513522";"35.302177 s"
"WRITE";"4119.0";"";"5083801503";"35.304177 s"
"WRITE";"4119.0";"";"5084089484";"35.306177 s"
"WRITE";"4119.0";"";"5084377466";"35.308177 s"
"WRITE";"4119.0";"";"5084665447";"35.310177 s"
"WRITE";"4119.0";"";"5084953429";"35.312177 s"
"WRITE";"4119.0";"";"5085241410";"35.314176 s"
"WRITE";"4119.0";"";"5085529391";"35.316176 s"
"WRITE";"4119.0";"";"5085817373";"35.318176 s"
"WRITE";"4119.0";"";"5086105354";"35.320176 s"
"WRITE";"4119.0";"";"5086393336";"35.322176 s"
"WRITE";"4120.0";"";"5086681317";"35.324176 s"
"WRITE";"4120.0";"";"5086969299";"35.326176 s"
"WRITE";"4120.0";"";"5087257280";"35.328176 s"
"WRITE";"4120.0";"";"5087545261";"35.330175 s"
"WRITE";"4120.0";"";"5087833243";"35.332175 s"
"WRITE";"4120.0";"";"5088121224";"35.334175 s"
"WRITE";"4120.0";"";"5088409206";"35.336175 s"
"WRITE";"4120.0";"";"5088697187";"35.338175 s"
"WRITE";"4120.0";"";"5088985169";"35.340175 s"
"WRITE";"4120.0";"";"5089273150";"35.342175 s"
"WRITE";"4120.0";"";"5089561131";"35.344175 s"
"WRITE";"4120.0";"";"5089849113";"35.346174 s"
"WRITE";"4120.0";"";"5090137094";"35.348174 s"
"WRITE";"4120.0";"";"5090425076";"35.350174 s"
"WRITE";"4120.0";"";"5090713057";"35.352174 s"
"WRITE";"4120.0";"";"5091001038";"35.354174 s"
"WRITE";"4120.0";"";"5091289020";"35.356174 s"
"WRITE";"4120.0";"";"5091577001";"35.358174 s"
"WRITE";"4120.0";"";"5091864983";"35.360173 s"
"WRITE";"4120.0";"";"5092152964";"35.362173 s"
"WRITE";"4120.0";"";"5092440946";"35.364173 s"
"WRITE";"4120.0";"";"5092728927";"35.366173 s"
"WRITE";"4120.0";"";"5093016908";"35.368173 s"
"WRITE";"4120.0";"";"5093304890";"35.370173 s"
"WRITE";"4120.0";"";"5093592871";"35.372173 s"
"WRITE";"4120.0";"";"5093880853";"35.374173 s"
"WRITE";"4120.0";"";"5094168834";"35.376172 s"
"WRITE";"4120.0";"";"5094456816";"35.378172 s"
"WRITE";"4120.0";"";"5094744797";"35.380172 s"
"WRITE";"4120.0";"";"5095032778";"35.382172 s"
"WRITE";"4120.0";"";"5095320760";"35.384172 s"
"WRITE";"4120.0";"";"5095608741";"35.386172 s"
"WRITE";"4120.0";"";"5095896723";"35.388172 s"
"WRITE";"4120.0";"";"5096184704";"35.390172 s"
"WRITE";"4120.0";"";"5096472686";"35.392171 s"
"WRITE";"4120.0";"";"5096760667";"35.394171 s"
"WRITE";"4120.0";"";"5097048648";"35.396171 s"
"WRITE";"4120.0";"";"5097336630";"35.398171 s"
"WRITE";"4120.0";"";"5097624611";"35.400171 s"
"WRITE";"4120.0";"";"5097912593";"35.402171 s"
"WRITE";"4120.0";"";"5098200574";"35.404171 s"
"WRITE";"4120.0";"";"5098488555";"35.406171 s"
"WRITE";"4120.0";"";"5098776537";"35.408170 s"
"WRITE";"4120.0";"";"5099064518";"35.410170 s"
"WRITE";"4120.0";"";"5099352500";"35.412170 s"
"WRITE";"4120.0";"";"5099640481";"35.414170 s"
"WRITE";"4120.0";"";"5099928463";"35.416170 s"
"WRITE";"4120.0";"";"5100216444";"35.418170 s"
"WRITE";"4120.0";"";"5100504425";"35.420170 s"
"WRITE";"4120.0";"";"5100792407";"35.422169 s"
"WRITE";"4121.0";"";"5101080388";"35.424169 s"
"WRITE";"4121.0";"";"5101368370";"35.426169 s"
"WRITE";"4121.0";"";"5101656351";"35.428169 s"
"WRITE";"4122.0";"";"5101944333";"35.430169 s"
"WRITE";"4122.0";"";"5102232314";"35.432169 s"
"WRITE";"4122.0";"";"5102520295";"35.434169 s"
"WRITE";"4123.0";"";"5102808277";"35.436169 s"
"WRITE";"4123.0";"";"5103096258";"35.438168 s"
"WRITE";"4124.0";"";"5103384240";"35.440168 s"
"WRITE";"4125.0";"";"5103672221";"35.442168 s"
"WRITE";"4125.0";"";"5103960202";"35.444168 s"
"WRITE";"4126.0";"";"5104248184";"35.446168 s"
"WRITE";"4127.0";"";"5104536165";"35.448168 s"
"WRITE";"4127.0";"";"5104824147";"35.450168 s"
"WRITE";"4128.0";"";"5105112128";"35.452168 s"
"WRITE";"4128.0";"";"5105400110";"35.454167 s"
"WRITE";"4128.0";"";"5105688091";"35.456167 s"
"WRITE";"4128.0";"";"5105976072";"35.458167 s"
"WRITE";"4128.0";"";"5106264054";"35.460167 s"
"WRITE";"4128.0";"";"5106552035";"35.462167 s"
"WRITE";"4128.0";"";"5106840017";"35.464167 s"
"WRITE";"4129.0";"";"5107127998";"35.466167 s"
"WRITE";"4129.0";"";"5107415980";"35.468167 s"
"WRITE";"4129.0";"";"5107703961";"35.470166 s"
"WRITE";"4129.0";"";"5107991942";"35.472166 s"
"WRITE";"4129.0";"";"5108279924";"35.474166 s"
"WRITE";"4129.0";"";"5108567905";"35.476166 s"
"WRITE";"4129.0";"";"5108855887";"35.478166 s"
"WRITE";"4129.0";"";"5109143868";"35.480166 s"
"WRITE";"4128.0";"";"5109431849";"35.482166 s"
"WRITE";"4128.0";"";"5109719831";"35.484165 s"
"WRITE";"4128.0";"";"5110007812";"35.486165 s"
"WRITE";"4128.0";"";"5110295794";"35.488165 s"
"WRITE";"4128.0";"";"5110583775";"35.490165 s"
"WRITE";"4128.0";"";"5110871757";"35.492165 s"
"WRITE";"4128.0";"";"5111159738";"35.494165 s"
"WRITE";"4128.0";"";"5111447719";"35.496165 s"
"WRITE";"4128.0";"";"5111735701";"35.498165 s"
"WRITE";"4128.0";"";"5112023682";"35.500164 s"
"WRITE";"4128.0";"";"5112311664";"35.502164 s"
"WRITE";"4128.0";"";"5112599645";"35.504164 s"
"WRITE";"4128.0";"";"5112887627";"35.506164 s"
"WRITE";"4128.0";"";"5113178203";"35.508182 s"
"WRITE";"4128.0";"";"5113463589";"35.510164 s"
"WRITE";"4128.0";"";"5113751571";"35.512164 s"
"WRITE";"4128.0";"";"5114039552";"35.514164 s"
"WRITE";"4128.0";"";"5114327534";"35.516163 s"
"WRITE";"4128.0";"";"5114615515";"35.518163 s"
"WRITE";"4129.0";"";"5114903497";"35.520163 s"
"WRITE";"4129.0";"";"5115191478";"35.522163 s"
"WRITE";"4130.0";"";"5115479459";"35.524163 s"
"WRITE";"4130.0";"";"5115767441";"35.526163 s"
"WRITE";"4131.0";"";"5116055422";"35.528163 s"
"WRITE";"4131.0";"";"5116343404";"35.530163 s"
"WRITE";"4132.0";"";"5116631385";"35.532162 s"
"WRITE";"4133.0";"";"5116919366";"35.534162 s"
"WRITE";"4134.0";"";"5117207348";"35.536162 s"
"WRITE";"4135.0";"";"5117495329";"35.538162 s"
"WRITE";"4136.0";"";"5117783311";"35.540162 s"
"WRITE";"4137.0";"";"5118071292";"35.542162 s"
"WRITE";"4137.0";"";"5118359274";"35.544162 s"
"WRITE";"4138.0";"";"5118647255";"35.546161 s"
"WRITE";"4139.0";"";"5118935236";"35.548161 s"
"WRITE";"4140.0";"";"5119223218";"35.550161 s"
"WRITE";"4141.0";"";"5119511199";"35.552161 s"
"WRITE";"4142.0";"";"5119799181";"35.554161 s"
"WRITE";"4143.0";"";"5120087162";"35.556161 s"
"WRITE";"4144.0";"";"5120375144";"35.558161 s"
"WRITE";"4145.0";"";"5120663125";"35.560161 s"
"WRITE";"4146.0";"";"5120951106";"35.562160 s"
"WRITE";"4147.0";"";"5121239088";"35.564160 s"
"WRITE";"4148.0";"";"5121527069";"35.566160 s"
"WRITE";"4149.0";"";"5121815051";"35.568160 s"
"WRITE";"4150.0";"";"5122103032";"35.570160 s"
"WRITE";"4152.0";"";"5122391013";"35.572160 s"
"WRITE";"4153.0";"";"5122678995";"35.574160 s"
"WRITE";"4154.0";"";"5122966976";"35.576160 s"
"WRITE";"4155.0";"";"5123254958";"35.578159 s"
"WRITE";"4156.0";"";"5123542939";"35.580159 s"
"WRITE";"4158.0";"";"5123830921";"35.582159 s"
"WRITE";"4159.0";"";"5124118902";"35.584159 s"
"WRITE";"4160.0";"";"5124406883";"35.586159 s"
"WRITE";"4162.0";"";"5124694865";"35.588159 s"
"WRITE";"4164.0";"";"5124982846";"35.590159 s"
"WRITE";"4165.0";"";"5125270828";"35.592159 s"
"WRITE";"4167.0";"";"5125558809";"35.594158 s"
"WRITE";"4169.0";"";"5125846791";"35.596158 s"
"WRITE";"4171.0";"";"5126134772";"35.598158 s"
"WRITE";"4173.0";"";"5126422753";"35.600158 s"
"WRITE";"4173.0";"";"5126710735";"35.602158 s"
"WRITE";"4173.0";"";"5126998716";"35.604158 s"
"WRITE";"4173.0";"";"5127286698";"35.606158 s"
"WRITE";"4173.0";"";"5127574679";"35.608157 s"
"WRITE";"4173.0";"";"5127862660";"35.610157 s"
"WRITE";"4172.0";"";"5128150642";"35.612157 s"
"WRITE";"4172.0";"";"5128438623";"35.614157 s"
"WRITE";"4172.0";"";"5128726605";"35.616157 s"
"WRITE";"4172.0";"";"5129014586";"35.618157 s"
"WRITE";"4172.0";"";"5129302568";"35.620157 s"
"WRITE";"4172.0";"";"5129590549";"35.622157 s"
"WRITE";"4172.0";"";"5129878530";"35.624156 s"
"WRITE";"4172.0";"";"5130166512";"35.626156 s"
"WRITE";"4172.0";"";"5130454493";"35.628156 s"
"WRITE";"4172.0";"";"5130742475";"35.630156 s"
"WRITE";"4172.0";"";"5131030456";"35.632156 s"
"WRITE";"4172.0";"";"5131318438";"35.634156 s"
"WRITE";"4172.0";"";"5131606419";"35.636156 s"
"WRITE";"4172.0";"";"5131894400";"35.638156 s"
"WRITE";"4172.0";"";"5132182382";"35.640155 s"
"WRITE";"4172.0";"";"5132470363";"35.642155 s"
"WRITE";"4172.0";"";"5132758345";"35.644155 s"
"WRITE";"4172.0";"";"5133046326";"35.646155 s"
"WRITE";"4172.0";"";"5133334308";"35.648155 s"
"WRITE";"4172.0";"";"5133622289";"35.650155 s"
"WRITE";"4172.0";"";"5133910270";"35.652155 s"
"WRITE";"4172.0";"";"5134198252";"35.654155 s"
"WRITE";"4172.0";"";"5134486233";"35.656154 s"
"WRITE";"4172.0";"";"5134774215";"35.658154 s"
"WRITE";"4172.0";"";"5135062196";"35.660154 s"
"WRITE";"4172.0";"";"5135350177";"35.662154 s"
"WRITE";"4172.0";"";"5135638159";"35.664154 s"
"WRITE";"4172.0";"";"5135926140";"35.666154 s"
"WRITE";"4172.0";"";"5136214122";"35.668154 s"
"WRITE";"4172.0";"";"5136502103";"35.670153 s"
"WRITE";"4172.0";"";"5136790085";"35.672153 s"
"WRITE";"4172.0";"";"5137078066";"35.674153 s"
"WRITE";"4172.0";"";"5137366047";"35.676153 s"
"WRITE";"4172.0";"";"5137654029";"35.678153 s"
"WRITE";"4172.0";"";"5137942010";"35.680153 s"
"WRITE";"4172.0";"";"5138229992";"35.682153 s"
"WRITE";"4172.0";"";"5138517973";"35.684153 s"
"WRITE";"4172.0";"";"5138805955";"35.686152 s"
"WRITE";"4172.0";"";"5139093936";"35.688152 s"
"WRITE";"4172.0";"";"5139381917";"35.690152 s"
"WRITE";"4172.0";"";"5139669899";"35.692152 s"
"WRITE";"4172.0";"";"5139957880";"35.694152 s"
"WRITE";"4172.0";"";"5140245862";"35.696152 s"
"WRITE";"4172.0";"";"5140533843";"35.698152 s"
"WRITE";"4172.0";"";"5140821824";"35.700152 s"
"WRITE";"4172.0";"";"5141109806";"35.702151 s"
"WRITE";"4172.0";"";"5141397787";"35.704151 s"
"WRITE";"4172.0";"";"5141685769";"35.706151 s"
"WRITE";"4172.0";"";"5141973750";"35.708151 s"
"WRITE";"4172.0";"";"5142261732";"35.710151 s"
"WRITE";"4172.0";"";"5142549713";"35.712151 s"
"WRITE";"4172.0";"";"5142837694";"35.714151 s"
"WRITE";"4172.0";"";"5143125676";"35.716151 s"
"WRITE";"4172.0";"";"5143413657";"35.718150 s"
"WRITE";"4172.0";"";"5143701639";"35.720150 s"
"WRITE";"4172.0";"";"5143989620";"35.722150 s"
"WRITE";"4172.0";"";"5144277602";"35.724150 s"
"WRITE";"4172.0";"";"5144565583";"35.726150 s"
"WRITE";"4172.0";"";"5144853564";"35.728150 s"
"WRITE";"4172.0";"";"5145141546";"35.730150 s"
"WRITE";"4172.0";"";"5145429527";"35.732149 s"
"WRITE";"4172.0";"";"5145717509";"35.734149 s"
"WRITE";"4172.0";"";"5146005490";"35.736149 s"
"WRITE";"4172.0";"";"5146293471";"35.738149 s"
"WRITE";"4172.0";"";"5146581453";"35.740149 s"
"WRITE";"4172.0";"";"5146869434";"35.742149 s"
"WRITE";"4172.0";"";"5147157416";"35.744149 s"
"WRITE";"4172.0";"";"5147445397";"35.746149 s"
"WRITE";"4172.0";"";"5147733379";"35.748148 s"
"WRITE";"4172.0";"";"5148021360";"35.750148 s"
"WRITE";"4172.0";"";"5148309341";"35.752148 s"
"WRITE";"4172.0";"";"5148597323";"35.754148 s"
"WRITE";"4172.0";"";"5148885304";"35.756148 s"
"WRITE";"4172.0";"";"5149173286";"35.758148 s"
"WRITE";"4172.0";"";"5149461267";"35.760148 s"
"WRITE";"4172.0";"";"5149749249";"35.762148 s"
"WRITE";"4172.0";"";"5150037230";"35.764147 s"
"WRITE";"4172.0";"";"5150325211";"35.766147 s"
"WRITE";"4172.0";"";"5150613193";"35.768147 s"
"WRITE";"4172.0";"";"5150901174";"35.770147 s"
"WRITE";"4172.0";"";"5151189156";"35.772147 s"
"WRITE";"4172.0";"";"5151477137";"35.774147 s"
"WRITE";"4172.0";"";"5151765119";"35.776147 s"
"WRITE";"4172.0";"";"5152053100";"35.778147 s"
"WRITE";"4172.0";"";"5152341081";"35.780146 s"
"WRITE";"4172.0";"";"5152629063";"35.782146 s"
"WRITE";"4172.0";"";"5152917044";"35.784146 s"
"WRITE";"4172.0";"";"5153205026";"35.786146 s"
"WRITE";"4172.0";"";"5153493007";"35.788146 s"
"WRITE";"4172.0";"";"5153780988";"35.790146 s"
"WRITE";"4172.0";"";"5154068970";"35.792146 s"
"WRITE";"4172.0";"";"5154356951";"35.794145 s"
"WRITE";"4172.0";"";"5154644933";"35.796145 s"
"WRITE";"4172.0";"";"5154932914";"35.798145 s"
"WRITE";"4172.0";"";"5155220896";"35.800145 s"
"WRITE";"4172.0";"";"5155508877";"35.802145 s"
"WRITE";"4172.0";"";"5155796858";"35.804145 s"
"WRITE";"4172.0";"";"5156084840";"35.806145 s"
"WRITE";"4172.0";"";"5156372821";"35.808145 s"
"WRITE";"4172.0";"";"5156660803";"35.810144 s"
"WRITE";"4172.0";"";"5156948784";"35.812144 s"
"WRITE";"4171.0";"";"5157236766";"35.814144 s"
"WRITE";"4171.0";"";"5157524747";"35.816144 s"
"WRITE";"4171.0";"";"5157812728";"35.818144 s"
"WRITE";"4171.0";"";"5158100710";"35.820144 s"
"WRITE";"4171.0";"";"5158388691";"35.822144 s"
"WRITE";"4171.0";"";"5158676673";"35.824144 s"
"WRITE";"4171.0";"";"5158964654";"35.826143 s"
"WRITE";"4171.0";"";"5159252635";"35.828143 s"
"WRITE";"4171.0";"";"5159540617";"35.830143 s"
"WRITE";"4171.0";"";"5159828598";"35.832143 s"
"WRITE";"4171.0";"";"5160116580";"35.834143 s"
"WRITE";"4171.0";"";"5160404561";"35.836143 s"
"WRITE";"4171.0";"";"5160692543";"35.838143 s"
"WRITE";"4171.0";"";"5160980524";"35.840143 s"
"WRITE";"4171.0";"";"5161268505";"35.842142 s"
"WRITE";"4171.0";"";"5161556487";"35.844142 s"
"WRITE";"4171.0";"";"5161844468";"35.846142 s"
"WRITE";"4171.0";"";"5162132450";"35.848142 s"
"WRITE";"4171.0";"";"5162420431";"35.850142 s"
"WRITE";"4171.0";"";"5162708413";"35.852142 s"
"WRITE";"4171.0";"";"5162996394";"35.854142 s"
"WRITE";"4171.0";"";"5163284375";"35.856141 s"
"WRITE";"4171.0";"";"5163572357";"35.858141 s"
"WRITE";"4171.0";"";"5163860338";"35.860141 s"
"WRITE";"4171.0";"";"5164148320";"35.862141 s"
"WRITE";"4171.0";"";"5164436301";"35.864141 s"
"WRITE";"4171.0";"";"5164724282";"35.866141 s"
"WRITE";"4171.0";"";"5165012264";"35.868141 s"
"WRITE";"4171.0";"";"5165300245";"35.870141 s"
"WRITE";"4171.0";"";"5165588227";"35.872140 s"
"WRITE";"4171.0";"";"5165876208";"35.874140 s"
"WRITE";"4171.0";"";"5166164190";"35.876140 s"
"WRITE";"4171.0";"";"5166452171";"35.878140 s"
"WRITE";"4171.0";"";"5166740152";"35.880140 s"
"WRITE";"4171.0";"";"5167028134";"35.882140 s"
"WRITE";"4171.0";"";"5167316115";"35.884140 s"
"WRITE";"4171.0";"";"5167604097";"35.886140 s"
"WRITE";"4171.0";"";"5167892078";"35.888139 s"
"WRITE";"4171.0";"";"5168180060";"35.890139 s"
"WRITE";"4171.0";"";"5168468041";"35.892139 s"
"WRITE";"4171.0";"";"5168756022";"35.894139 s"
"WRITE";"4171.0";"";"5169044004";"35.896139 s"
"WRITE";"4171.0";"";"5169331985";"35.898139 s"
"WRITE";"4171.0";"";"5169619967";"35.900139 s"
"WRITE";"4171.0";"";"5169907948";"35.902139 s"
"WRITE";"4171.0";"";"5170195930";"35.904138 s"
"WRITE";"4171.0";"";"5170483911";"35.906138 s"
"WRITE";"4171.0";"";"5170771892";"35.908138 s"
"WRITE";"4171.0";"";"5171059874";"35.910138 s"
"WRITE";"4171.0";"";"5171347855";"35.912138 s"
"WRITE";"4171.0";"";"5171635837";"35.914138 s"
"WRITE";"4171.0";"";"5171923818";"35.916138 s"
"WRITE";"4171.0";"";"5172211799";"35.918137 s"
"WRITE";"4171.0";"";"5172499781";"35.920137 s"
"WRITE";"4171.0";"";"5172787762";"35.922137 s"
"WRITE";"4171.0";"";"5173075744";"35.924137 s"
"WRITE";"4171.0";"";"5173363725";"35.926137 s"
"WRITE";"4171.0";"";"5173651707";"35.928137 s"
"WRITE";"4171.0";"";"5173939688";"35.930137 s"
"WRITE";"4171.0";"";"5174227669";"35.932137 s"
"WRITE";"4171.0";"";"5174515651";"35.934136 s"
"WRITE";"4171.0";"";"5174803632";"35.936136 s"
"WRITE";"4171.0";"";"5175091614";"35.938136 s"
"WRITE";"4171.0";"";"5175379595";"35.940136 s"
"WRITE";"4171.0";"";"5175667577";"35.942136 s"
"WRITE";"4171.0";"";"5175955558";"35.944136 s"
"WRITE";"4171.0";"";"5176243539";"35.946136 s"
"WRITE";"4171.0";"";"5176531521";"35.948136 s"
"WRITE";"4171.0";"";"5176819502";"35.950135 s"
"WRITE";"4171.0";"";"5177107484";"35.952135 s"
"WRITE";"4171.0";"";"5177395465";"35.954135 s"
"WRITE";"4171.0";"";"5177683446";"35.956135 s"
"WRITE";"4171.0";"";"5177971428";"35.958135 s"
"WRITE";"4171.0";"";"5178259409";"35.960135 s"
"WRITE";"4171.0";"";"5178547391";"35.962135 s"
"WRITE";"4171.0";"";"5178835372";"35.964135 s"
"WRITE";"4171.0";"";"5179123354";"35.966134 s"
"WRITE";"4171.0";"";"5179411335";"35.968134 s"
"WRITE";"4171.0";"";"5179699316";"35.970134 s"
"WRITE";"4171.0";"";"5179987298";"35.972134 s"
"WRITE";"4171.0";"";"5180275279";"35.974134 s"
"WRITE";"4171.0";"";"5180563261";"35.976134 s"
"WRITE";"4171.0";"";"5180851242";"35.978134 s"
"WRITE";"4171.0";"";"5181139224";"35.980134 s"
"WRITE";"4171.0";"";"5181427205";"35.982133 s"
"WRITE";"4171.0";"";"5181715186";"35.984133 s"
"WRITE";"4171.0";"";"5182003168";"35.986133 s"
"WRITE";"4171.0";"";"5182291149";"35.988133 s"
"WRITE";"4171.0";"";"5182579131";"35.990133 s"
"WRITE";"4171.0";"";"5182867112";"35.992133 s"
"WRITE";"4171.0";"";"5183155093";"35.994133 s"
"WRITE";"4171.0";"";"5183443075";"35.996132 s"
"WRITE";"4171.0";"";"5183731056";"35.998132 s"
"WRITE";"4171.0";"";"5184019038";"36.000132 s"
"WRITE";"4171.0";"";"5184307019";"36.002132 s"
"WRITE";"4171.0";"";"5184595001";"36.004132 s"
"WRITE";"4171.0";"";"5184882982";"36.006132 s"
"WRITE";"4171.0";"";"5185173558";"36.008150 s"
"WRITE";"4171.0";"";"5185458945";"36.010132 s"
"WRITE";"4171.0";"";"5185746926";"36.012131 s"
"WRITE";"4171.0";"";"5186034908";"36.014131 s"
"WRITE";"4171.0";"";"5186322889";"36.016131 s"
"WRITE";"4171.0";"";"5186610871";"36.018131 s"
"WRITE";"4171.0";"";"5186898852";"36.020131 s"
"WRITE";"4171.0";"";"5187186833";"36.022131 s"
"WRITE";"4171.0";"";"5187474815";"36.024131 s"
"WRITE";"4171.0";"";"5187762796";"36.026131 s"
"WRITE";"4171.0";"";"5188050778";"36.028130 s"
"WRITE";"4171.0";"";"5188338759";"36.030130 s"
"WRITE";"4171.0";"";"5188626741";"36.032130 s"
"WRITE";"4171.0";"";"5188914722";"36.034130 s"
"WRITE";"4171.0";"";"5189202703";"36.036130 s"
"WRITE";"4171.0";"";"5189490685";"36.038130 s"
"WRITE";"4171.0";"";"5189778666";"36.040130 s"
"WRITE";"4171.0";"";"5190066648";"36.042130 s"
"WRITE";"4171.0";"";"5190354629";"36.044129 s"
"WRITE";"4171.0";"";"5190642610";"36.046129 s"
"WRITE";"4171.0";"";"5190930592";"36.048129 s"
"WRITE";"4171.0";"";"5191218573";"36.050129 s"
"WRITE";"4171.0";"";"5191506555";"36.052129 s"
"WRITE";"4171.0";"";"5191794536";"36.054129 s"
"WRITE";"4171.0";"";"5192082518";"36.056129 s"
"WRITE";"4170.0";"";"5192370499";"36.058128 s"
"WRITE";"4169.0";"";"5192658480";"36.060128 s"
"WRITE";"4169.0";"";"5192946462";"36.062128 s"
"WRITE";"4168.0";"";"5193234443";"36.064128 s"
"WRITE";"4167.0";"";"5193522425";"36.066128 s"
"WRITE";"4166.0";"";"5193810406";"36.068128 s"
"WRITE";"4164.0";"";"5194098388";"36.070128 s"
"WRITE";"4163.0";"";"5194386369";"36.072128 s"
"WRITE";"4161.0";"";"5194674350";"36.074127 s"
"WRITE";"4160.0";"";"5194962332";"36.076127 s"
"WRITE";"4158.0";"";"5195250313";"36.078127 s"
"WRITE";"4156.0";"";"5195538295";"36.080127 s"
"WRITE";"4153.0";"";"5195826276";"36.082127 s"
"WRITE";"4151.0";"";"5196114257";"36.084127 s"
"WRITE";"4148.0";"";"5196402239";"36.086127 s"
"WRITE";"4145.0";"";"5196690220";"36.088127 s"
"WRITE";"4142.0";"";"5196978202";"36.090126 s"
"WRITE";"4138.0";"";"5197266183";"36.092126 s"
"WRITE";"4135.0";"";"5197554165";"36.094126 s"
"WRITE";"4131.0";"";"5197842146";"36.096126 s"
"WRITE";"4127.0";"";"5198130127";"36.098126 s"
"WRITE";"4123.0";"";"5198418109";"36.100126 s"
"WRITE";"4119.0";"";"5198706090";"36.102126 s"
"WRITE";"4116.0";"";"5198994072";"36.104126 s"
"WRITE";"4112.0";"";"5199282053";"36.106125 s"
"WRITE";"4109.0";"";"5199570035";"36.108125 s"
"WRITE";"4106.0";"";"5199858016";"36.110125 s"
"WRITE";"4103.0";"";"5200145997";"36.112125 s"
"WRITE";"4101.0";"";"5200433978";"36.114125 s"
"WRITE";"4098.0";"";"5200721960";"36.116125 s"
"WRITE";"4096.0";"";"5201009942";"36.118125 s"
"WRITE";"4094.0";"";"5201297923";"36.120124 s"
"WRITE";"4092.0";"";"5201585904";"36.122124 s"
"WRITE";"4091.0";"";"5201873886";"36.124124 s"
"WRITE";"4089.0";"";"5202161867";"36.126124 s"
"WRITE";"4088.0";"";"5202449849";"36.128124 s"
"WRITE";"4086.0";"";"5202737830";"36.130124 s"
"WRITE";"4084.0";"";"5203025812";"36.132124 s"
"WRITE";"4083.0";"";"5203313793";"36.134124 s"
"WRITE";"4081.0";"";"5203601774";"36.136123 s"
"WRITE";"4079.0";"";"5203889756";"36.138123 s"
"WRITE";"4077.0";"";"5204177737";"36.140123 s"
"WRITE";"4076.0";"";"5204465719";"36.142123 s"
"WRITE";"4074.0";"";"5204753700";"36.144123 s"
"WRITE";"4072.0";"";"5205041682";"36.146123 s"
"WRITE";"4069.0";"";"5205329663";"36.148123 s"
"WRITE";"4067.0";"";"5205617644";"36.150123 s"
"WRITE";"4065.0";"";"5205905626";"36.152122 s"
"WRITE";"4063.0";"";"5206193607";"36.154122 s"
"WRITE";"4061.0";"";"5206481589";"36.156122 s"
"WRITE";"4059.0";"";"5206769570";"36.158122 s"
"WRITE";"4057.0";"";"5207057552";"36.160122 s"
"WRITE";"4055.0";"";"5207345533";"36.162122 s"
"WRITE";"4053.0";"";"5207633514";"36.164122 s"
"WRITE";"4050.0";"";"5207921496";"36.166122 s"
"WRITE";"4048.0";"";"5208209477";"36.168121 s"
"WRITE";"4045.0";"";"5208497459";"36.170121 s"
"WRITE";"4042.0";"";"5208785440";"36.172121 s"
"WRITE";"4039.0";"";"5209073421";"36.174121 s"
"WRITE";"4036.0";"";"5209361403";"36.176121 s"
"WRITE";"4032.0";"";"5209649384";"36.178121 s"
"WRITE";"4029.0";"";"5209937366";"36.180121 s"
"WRITE";"4025.0";"";"5210225347";"36.182120 s"
"WRITE";"4021.0";"";"5210513329";"36.184120 s"
"WRITE";"4017.0";"";"5210801310";"36.186120 s"
"WRITE";"4013.0";"";"5211089291";"36.188120 s"
"WRITE";"4009.0";"";"5211377273";"36.190120 s"
"WRITE";"4004.0";"";"5211665254";"36.192120 s"
"WRITE";"4000.0";"";"5211953236";"36.194120 s"
"WRITE";"3995.0";"";"5212241217";"36.196120 s"
"WRITE";"3991.0";"";"5212529199";"36.198119 s"
"WRITE";"3986.0";"";"5212817180";"36.200119 s"
"WRITE";"3982.0";"";"5213105161";"36.202119 s"
"WRITE";"3978.0";"";"5213393143";"36.204119 s"
"WRITE";"3973.0";"";"5213681124";"36.206119 s"
"WRITE";"3969.0";"";"5213969106";"36.208119 s"
"WRITE";"3965.0";"";"5214257087";"36.210119 s"
"WRITE";"3961.0";"";"5214545068";"36.212119 s"
"WRITE";"3957.0";"";"5214833050";"36.214118 s"
"WRITE";"3953.0";"";"5215121031";"36.216118 s"
"WRITE";"3950.0";"";"5215409013";"36.218118 s"
"WRITE";"3946.0";"";"5215696994";"36.220118 s"
"WRITE";"3942.0";"";"5215984976";"36.222118 s"
"WRITE";"3939.0";"";"5216272957";"36.224118 s"
"WRITE";"3935.0";"";"5216560938";"36.226118 s"
"WRITE";"3931.0";"";"5216848920";"36.228118 s"
"WRITE";"3928.0";"";"5217136901";"36.230117 s"
"WRITE";"3924.0";"";"5217424883";"36.232117 s"
"WRITE";"3921.0";"";"5217712864";"36.234117 s"
"WRITE";"3917.0";"";"5218000846";"36.236117 s"
"WRITE";"3914.0";"";"5218288827";"36.238117 s"
"WRITE";"3910.0";"";"5218576808";"36.240117 s"
"WRITE";"3907.0";"";"5218864790";"36.242117 s"
"WRITE";"3904.0";"";"5219152771";"36.244116 s"
"WRITE";"3900.0";"";"5219440753";"36.246116 s"
"WRITE";"3897.0";"";"5219728734";"36.248116 s"
"WRITE";"3894.0";"";"5220016715";"36.250116 s"
"WRITE";"3890.0";"";"5220304697";"36.252116 s"
"WRITE";"3887.0";"";"5220592678";"36.254116 s"
"WRITE";"3884.0";"";"5220880660";"36.256116 s"
"WRITE";"3881.0";"";"5221168641";"36.258116 s"
"WRITE";"3878.0";"";"5221456623";"36.260115 s"
"WRITE";"3874.0";"";"5221744604";"36.262115 s"
"WRITE";"3871.0";"";"5222032585";"36.264115 s"
"WRITE";"3868.0";"";"5222320567";"36.266115 s"
"WRITE";"3865.0";"";"5222608548";"36.268115 s"
"WRITE";"3862.0";"";"5222896530";"36.270115 s"
"WRITE";"3859.0";"";"5223184511";"36.272115 s"
"WRITE";"3856.0";"";"5223472493";"36.274115 s"
"WRITE";"3853.0";"";"5223760474";"36.276114 s"
"WRITE";"3850.0";"";"5224048455";"36.278114 s"
"WRITE";"3848.0";"";"5224336437";"36.280114 s"
"WRITE";"3845.0";"";"5224624418";"36.282114 s"
"WRITE";"3842.0";"";"5224912400";"36.284114 s"
"WRITE";"3840.0";"";"5225200381";"36.286114 s"
"WRITE";"3837.0";"";"5225488363";"36.288114 s"
"WRITE";"3835.0";"";"5225776344";"36.290114 s"
"WRITE";"3833.0";"";"5226064325";"36.292113 s"
"WRITE";"3831.0";"";"5226352307";"36.294113 s"
"WRITE";"3829.0";"";"5226640288";"36.296113 s"
"WRITE";"3827.0";"";"5226928270";"36.298113 s"
"WRITE";"3825.0";"";"5227216251";"36.300113 s"
"WRITE";"3824.0";"";"5227504232";"36.302113 s"
"WRITE";"3822.0";"";"5227792214";"36.304113 s"
"WRITE";"3821.0";"";"5228080195";"36.306112 s"
"WRITE";"3819.0";"";"5228368177";"36.308112 s"
"WRITE";"3818.0";"";"5228656158";"36.310112 s"
"WRITE";"3816.0";"";"5228944140";"36.312112 s"
"WRITE";"3815.0";"";"5229232121";"36.314112 s"
"WRITE";"3813.0";"";"5229520102";"36.316112 s"
"WRITE";"3812.0";"";"5229808084";"36.318112 s"
"WRITE";"3811.0";"";"5230096065";"36.320112 s"
"WRITE";"3809.0";"";"5230384047";"36.322111 s"
"WRITE";"3808.0";"";"5230672028";"36.324111 s"
"WRITE";"3807.0";"";"5230960010";"36.326111 s"
"WRITE";"3806.0";"";"5231247991";"36.328111 s"
"WRITE";"3805.0";"";"5231535972";"36.330111 s"
"WRITE";"3804.0";"";"5231823954";"36.332111 s"
"WRITE";"3803.0";"";"5232111935";"36.334111 s"
"WRITE";"3802.0";"";"5232399917";"36.336111 s"
"WRITE";"3800.0";"";"5232687898";"36.338110 s"
"WRITE";"3799.0";"";"5232975879";"36.340110 s"
"WRITE";"3798.0";"";"5233263861";"36.342110 s"
"WRITE";"3797.0";"";"5233551842";"36.344110 s"
"WRITE";"3797.0";"";"5233839824";"36.346110 s"
"WRITE";"3796.0";"";"5234127805";"36.348110 s"
"WRITE";"3795.0";"";"5234415787";"36.350110 s"
"WRITE";"3794.0";"";"5234703768";"36.352110 s"
"WRITE";"3793.0";"";"5234991749";"36.354109 s"
"WRITE";"3793.0";"";"5235279731";"36.356109 s"
"WRITE";"3792.0";"";"5235567712";"36.358109 s"
"WRITE";"3791.0";"";"5235855694";"36.360109 s"
"WRITE";"3790.0";"";"5236143675";"36.362109 s"
"WRITE";"3789.0";"";"5236431657";"36.364109 s"
"WRITE";"3788.0";"";"5236719638";"36.366109 s"
"WRITE";"3787.0";"";"5237007619";"36.368108 s"
"WRITE";"3786.0";"";"5237295601";"36.370108 s"
"WRITE";"3785.0";"";"5237583582";"36.372108 s"
"WRITE";"3785.0";"";"5237871564";"36.374108 s"
"WRITE";"3784.0";"";"5238159545";"36.376108 s"
"WRITE";"3783.0";"";"5238447526";"36.378108 s"
"WRITE";"3783.0";"";"5238735508";"36.380108 s"
"WRITE";"3782.0";"";"5239023489";"36.382108 s"
"WRITE";"3782.0";"";"5239311471";"36.384107 s"
"WRITE";"3782.0";"";"5239599452";"36.386107 s"
"WRITE";"3782.0";"";"5239887434";"36.388107 s"
"WRITE";"3782.0";"";"5240175415";"36.390107 s"
"WRITE";"3782.0";"";"5240463396";"36.392107 s"
"WRITE";"3782.0";"";"5240751378";"36.394107 s"
"WRITE";"3782.0";"";"5241039359";"36.396107 s"
"WRITE";"3782.0";"";"5241327341";"36.398107 s"
"WRITE";"3782.0";"";"5241615322";"36.400106 s"
"WRITE";"3782.0";"";"5241903304";"36.402106 s"
"WRITE";"3782.0";"";"5242191285";"36.404106 s"
"WRITE";"3782.0";"";"5242479266";"36.406106 s"
"WRITE";"3782.0";"";"5242767248";"36.408106 s"
"WRITE";"3783.0";"";"5243055229";"36.410106 s"
"WRITE";"3783.0";"";"5243343211";"36.412106 s"
"WRITE";"3784.0";"";"5243631192";"36.414106 s"
"WRITE";"3784.0";"";"5243919174";"36.416105 s"
"WRITE";"3785.0";"";"5244207155";"36.418105 s"
"WRITE";"3786.0";"";"5244495136";"36.420105 s"
"WRITE";"3787.0";"";"5244783118";"36.422105 s"
"WRITE";"3788.0";"";"5245071099";"36.424105 s"
"WRITE";"3790.0";"";"5245359081";"36.426105 s"
"WRITE";"3792.0";"";"5245647062";"36.428105 s"
"WRITE";"3794.0";"";"5245935043";"36.430104 s"
"WRITE";"3797.0";"";"5246223025";"36.432104 s"
"WRITE";"3799.0";"";"5246511006";"36.434104 s"
"WRITE";"3802.0";"";"5246798988";"36.436104 s"
"WRITE";"3805.0";"";"5247086969";"36.438104 s"
"WRITE";"3808.0";"";"5247374951";"36.440104 s"
"WRITE";"3811.0";"";"5247662932";"36.442104 s"
"WRITE";"3814.0";"";"5247950913";"36.444104 s"
"WRITE";"3817.0";"";"5248238895";"36.446103 s"
"WRITE";"3820.0";"";"5248526876";"36.448103 s"
"WRITE";"3823.0";"";"5248814858";"36.450103 s"
"WRITE";"3827.0";"";"5249102839";"36.452103 s"
"WRITE";"3830.0";"";"5249390821";"36.454103 s"
"WRITE";"3833.0";"";"5249678802";"36.456103 s"
"WRITE";"3836.0";"";"5249966783";"36.458103 s"
"WRITE";"3839.0";"";"5250254765";"36.460103 s"
"WRITE";"3842.0";"";"5250542746";"36.462102 s"
"WRITE";"3845.0";"";"5250830728";"36.464102 s"
"WRITE";"3849.0";"";"5251118709";"36.466102 s"
"WRITE";"3852.0";"";"5251406690";"36.468102 s"
"WRITE";"3856.0";"";"5251694672";"36.470102 s"
"WRITE";"3859.0";"";"5251982653";"36.472102 s"
"WRITE";"3863.0";"";"5252270635";"36.474102 s"
"WRITE";"3866.0";"";"5252558616";"36.476102 s"
"WRITE";"3869.0";"";"5252846598";"36.478101 s"
"WRITE";"3872.0";"";"5253134579";"36.480101 s"
"WRITE";"3876.0";"";"5253422560";"36.482101 s"
"WRITE";"3880.0";"";"5253710542";"36.484101 s"
"WRITE";"3883.0";"";"5253998523";"36.486101 s"
"WRITE";"3887.0";"";"5254286505";"36.488101 s"
"WRITE";"3891.0";"";"5254574486";"36.490101 s"
"WRITE";"3896.0";"";"5254862468";"36.492100 s"
"WRITE";"3900.0";"";"5255150449";"36.494100 s"
"WRITE";"3905.0";"";"5255438430";"36.496100 s"
"WRITE";"3910.0";"";"5255726412";"36.498100 s"
"WRITE";"3915.0";"";"5256014393";"36.500100 s"
"WRITE";"3921.0";"";"5256302375";"36.502100 s"
"WRITE";"3926.0";"";"5256590356";"36.504100 s"
"WRITE";"3932.0";"";"5256878337";"36.506100 s"
"WRITE";"3938.0";"";"5257168914";"36.508117 s"
"WRITE";"3945.0";"";"5257454300";"36.510099 s"
"WRITE";"3952.0";"";"5257742282";"36.512099 s"
"WRITE";"3959.0";"";"5258030263";"36.514099 s"
"WRITE";"3966.0";"";"5258318245";"36.516099 s"
"WRITE";"3974.0";"";"5258606226";"36.518099 s"
"WRITE";"3982.0";"";"5258894207";"36.520099 s"
"WRITE";"3991.0";"";"5259182189";"36.522099 s"
"WRITE";"4000.0";"";"5259470170";"36.524098 s"
"WRITE";"4009.0";"";"5259758152";"36.526098 s"
"WRITE";"4018.0";"";"5260046133";"36.528098 s"
"WRITE";"4028.0";"";"5260334115";"36.530098 s"
"WRITE";"4037.0";"";"5260622096";"36.532098 s"
"WRITE";"4048.0";"";"5260910077";"36.534098 s"
"WRITE";"4058.0";"";"5261198059";"36.536098 s"
"WRITE";"4070.0";"";"5261486040";"36.538098 s"
"WRITE";"4082.0";"";"5261774022";"36.540097 s"
"WRITE";"4095.0";"";"5262062003";"36.542097 s"
"WRITE";"4109.0";"";"5262349985";"36.544097 s"
"WRITE";"4124.0";"";"5262637966";"36.546097 s"
"WRITE";"4140.0";"";"5262925947";"36.548097 s"
"WRITE";"4158.0";"";"5263213929";"36.550097 s"
"WRITE";"4176.0";"";"5263501910";"36.552097 s"
"WRITE";"4196.0";"";"5263789892";"36.554096 s"
"WRITE";"4217.0";"";"5264077873";"36.556096 s"
"WRITE";"4240.0";"";"5264365854";"36.558096 s"
"WRITE";"4264.0";"";"5264653836";"36.560096 s"
"WRITE";"4290.0";"";"5264941817";"36.562096 s"
"WRITE";"4317.0";"";"5265229799";"36.564096 s"
"WRITE";"4346.0";"";"5265517780";"36.566096 s"
"WRITE";"4377.0";"";"5265805762";"36.568096 s"
"WRITE";"4409.0";"";"5266093743";"36.570095 s"
"WRITE";"4442.0";"";"5266381724";"36.572095 s"
"WRITE";"4475.0";"";"5266669706";"36.574095 s"
"WRITE";"4509.0";"";"5266957687";"36.576095 s"
"WRITE";"4544.0";"";"5267245669";"36.578095 s"
"WRITE";"4579.0";"";"5267533650";"36.580095 s"
"WRITE";"4615.0";"";"5267821632";"36.582095 s"
"WRITE";"4650.0";"";"5268109613";"36.584095 s"
"WRITE";"4686.0";"";"5268397594";"36.586094 s"
"WRITE";"4723.0";"";"5268685576";"36.588094 s"
"WRITE";"4758.0";"";"5268973557";"36.590094 s"
"WRITE";"4794.0";"";"5269261539";"36.592094 s"
"WRITE";"4830.0";"";"5269549520";"36.594094 s"
"WRITE";"4865.0";"";"5269837501";"36.596094 s"
"WRITE";"4899.0";"";"5270125483";"36.598094 s"
"WRITE";"4932.0";"";"5270413464";"36.600094 s"
"WRITE";"4964.0";"";"5270701446";"36.602093 s"
"WRITE";"4996.0";"";"5270989427";"36.604093 s"
"WRITE";"5028.0";"";"5271277409";"36.606093 s"
"WRITE";"5059.0";"";"5271565390";"36.608093 s"
"WRITE";"5090.0";"";"5271853371";"36.610093 s"
"WRITE";"5121.0";"";"5272141353";"36.612093 s"
"WRITE";"5152.0";"";"5272429334";"36.614093 s"
"WRITE";"5184.0";"";"5272717316";"36.616092 s"
"WRITE";"5216.0";"";"5273005297";"36.618092 s"
"WRITE";"5249.0";"";"5273293279";"36.620092 s"
"WRITE";"5282.0";"";"5273581260";"36.622092 s"
"WRITE";"5316.0";"";"5273869241";"36.624092 s"
"WRITE";"5351.0";"";"5274157223";"36.626092 s"
"WRITE";"5386.0";"";"5274445204";"36.628092 s"
"WRITE";"5423.0";"";"5274733186";"36.630092 s"
"WRITE";"5461.0";"";"5275021167";"36.632091 s"
"WRITE";"5502.0";"";"5275309148";"36.634091 s"
"WRITE";"5545.0";"";"5275597130";"36.636091 s"
"WRITE";"5591.0";"";"5275885111";"36.638091 s"
"WRITE";"5640.0";"";"5276173093";"36.640091 s"
"WRITE";"5693.0";"";"5276461074";"36.642091 s"
"WRITE";"5751.0";"";"5276749056";"36.644091 s"
"WRITE";"5814.0";"";"5277037037";"36.646091 s"
"WRITE";"5883.0";"";"5277325018";"36.648090 s"
"WRITE";"5958.0";"";"5277613000";"36.650090 s"
"WRITE";"6040.0";"";"5277900981";"36.652090 s"
"WRITE";"6129.0";"";"5278188963";"36.654090 s"
"WRITE";"6220.0";"";"5278476944";"36.656090 s"
"WRITE";"6310.0";"";"5278764926";"36.658090 s"
"WRITE";"6394.0";"";"5279052907";"36.660090 s"
"WRITE";"6468.0";"";"5279340888";"36.662090 s"
"WRITE";"6532.0";"";"5279628870";"36.664089 s"
"WRITE";"6589.0";"";"5279916851";"36.666089 s"
"WRITE";"6639.0";"";"5280204833";"36.668089 s"
"WRITE";"6685.0";"";"5280492814";"36.670089 s"
"WRITE";"6729.0";"";"5280780796";"36.672089 s"
"WRITE";"6771.0";"";"5281068777";"36.674089 s"
"WRITE";"6811.0";"";"5281356758";"36.676089 s"
"WRITE";"6850.0";"";"5281644740";"36.678088 s"
"WRITE";"6886.0";"";"5281932721";"36.680088 s"
"WRITE";"6921.0";"";"5282220703";"36.682088 s"
"WRITE";"6952.0";"";"5282508684";"36.684088 s"
"WRITE";"6981.0";"";"5282796665";"36.686088 s"
"WRITE";"7007.0";"";"5283084647";"36.688088 s"
"WRITE";"7030.0";"";"5283372628";"36.690088 s"
"WRITE";"7051.0";"";"5283660610";"36.692088 s"
"WRITE";"7069.0";"";"5283948591";"36.694087 s"
"WRITE";"7084.0";"";"5284236573";"36.696087 s"
"WRITE";"7097.0";"";"5284524554";"36.698087 s"
"WRITE";"7107.0";"";"5284812535";"36.700087 s"
"WRITE";"7117.0";"";"5285100517";"36.702087 s"
"WRITE";"7125.0";"";"5285388498";"36.704087 s"
"WRITE";"7132.0";"";"5285676480";"36.706087 s"
"WRITE";"7139.0";"";"5285964461";"36.708087 s"
"WRITE";"7146.0";"";"5286252443";"36.710086 s"
"WRITE";"7153.0";"";"5286540424";"36.712086 s"
"WRITE";"7160.0";"";"5286828405";"36.714086 s"
"WRITE";"7167.0";"";"5287116387";"36.716086 s"
"WRITE";"7175.0";"";"5287404368";"36.718086 s"
"WRITE";"7183.0";"";"5287692350";"36.720086 s"
"WRITE";"7191.0";"";"5287980331";"36.722086 s"
"WRITE";"7200.0";"";"5288268312";"36.724086 s"
"WRITE";"7210.0";"";"5288556294";"36.726085 s"
"WRITE";"7220.0";"";"5288844275";"36.728085 s"
"WRITE";"7231.0";"";"5289132257";"36.730085 s"
"WRITE";"7242.0";"";"5289420238";"36.732085 s"
"WRITE";"7253.0";"";"5289708220";"36.734085 s"
"WRITE";"7265.0";"";"5289996201";"36.736085 s"
"WRITE";"7276.0";"";"5290284182";"36.738085 s"
"WRITE";"7288.0";"";"5290572164";"36.740084 s"
"WRITE";"7300.0";"";"5290860145";"36.742084 s"
"WRITE";"7312.0";"";"5291148127";"36.744084 s"
"WRITE";"7323.0";"";"5291436108";"36.746084 s"
"WRITE";"7335.0";"";"5291724090";"36.748084 s"
"WRITE";"7347.0";"";"5292012071";"36.750084 s"
"WRITE";"7358.0";"";"5292300052";"36.752084 s"
"WRITE";"7369.0";"";"5292588034";"36.754084 s"
"WRITE";"7379.0";"";"5292876015";"36.756083 s"
"WRITE";"7389.0";"";"5293163997";"36.758083 s"
"WRITE";"7398.0";"";"5293451978";"36.760083 s"
"WRITE";"7407.0";"";"5293739959";"36.762083 s"
"WRITE";"7414.0";"";"5294027941";"36.764083 s"
"WRITE";"7421.0";"";"5294315922";"36.766083 s"
"WRITE";"7427.0";"";"5294603904";"36.768083 s"
"WRITE";"7432.0";"";"5294891885";"36.770083 s"
"WRITE";"7436.0";"";"5295179867";"36.772082 s"
"WRITE";"7439.0";"";"5295467848";"36.774082 s"
"WRITE";"7442.0";"";"5295755829";"36.776082 s"
"WRITE";"7443.0";"";"5296043811";"36.778082 s"
"WRITE";"7444.0";"";"5296331792";"36.780082 s"
"WRITE";"7445.0";"";"5296619774";"36.782082 s"
"WRITE";"7445.0";"";"5296907755";"36.784082 s"
"WRITE";"7445.0";"";"5297195737";"36.786082 s"
"WRITE";"7445.0";"";"5297483718";"36.788081 s"
"WRITE";"7445.0";"";"5297771699";"36.790081 s"
"WRITE";"7445.0";"";"5298059681";"36.792081 s"
"WRITE";"7444.0";"";"5298347662";"36.794081 s"
"WRITE";"7444.0";"";"5298635644";"36.796081 s"
"WRITE";"7443.0";"";"5298923625";"36.798081 s"
"WRITE";"7442.0";"";"5299211607";"36.800081 s"
"WRITE";"7442.0";"";"5299499588";"36.802080 s"
"WRITE";"7441.0";"";"5299787569";"36.804080 s"
"WRITE";"7440.0";"";"5300075551";"36.806080 s"
"WRITE";"7439.0";"";"5300363532";"36.808080 s"
"WRITE";"7438.0";"";"5300651514";"36.810080 s"
"WRITE";"7438.0";"";"5300939495";"36.812080 s"
"WRITE";"7438.0";"";"5301227476";"36.814080 s"
"WRITE";"7437.0";"";"5301515458";"36.816080 s"
"WRITE";"7437.0";"";"5301803439";"36.818079 s"
"WRITE";"7437.0";"";"5302091421";"36.820079 s"
"WRITE";"7437.0";"";"5302379402";"36.822079 s"
"WRITE";"7437.0";"";"5302667384";"36.824079 s"
"WRITE";"7437.0";"";"5302955365";"36.826079 s"
"WRITE";"7437.0";"";"5303243346";"36.828079 s"
"WRITE";"7437.0";"";"5303531328";"36.830079 s"
"WRITE";"7437.0";"";"5303819309";"36.832079 s"
"WRITE";"7437.0";"";"5304107291";"36.834078 s"
"WRITE";"7437.0";"";"5304395272";"36.836078 s"
"WRITE";"7438.0";"";"5304683254";"36.838078 s"
"WRITE";"7438.0";"";"5304971235";"36.840078 s"
"WRITE";"7439.0";"";"5305259216";"36.842078 s"
"WRITE";"7439.0";"";"5305547198";"36.844078 s"
"WRITE";"7440.0";"";"5305835179";"36.846078 s"
"WRITE";"7441.0";"";"5306123161";"36.848078 s"
"WRITE";"7441.0";"";"5306411142";"36.850077 s"
"WRITE";"7442.0";"";"5306699123";"36.852077 s"
"WRITE";"7442.0";"";"5306987105";"36.854077 s"
"WRITE";"7443.0";"";"5307275086";"36.856077 s"
"WRITE";"7443.0";"";"5307563068";"36.858077 s"
"WRITE";"7443.0";"";"5307851049";"36.860077 s"
"WRITE";"7443.0";"";"5308139031";"36.862077 s"
"WRITE";"7444.0";"";"5308427012";"36.864076 s"
"WRITE";"7444.0";"";"5308714993";"36.866076 s"
"WRITE";"7444.0";"";"5309002975";"36.868076 s"
"WRITE";"7444.0";"";"5309290956";"36.870076 s"
"WRITE";"7444.0";"";"5309578938";"36.872076 s"
"WRITE";"7444.0";"";"5309866919";"36.874076 s"
"WRITE";"7444.0";"";"5310154901";"36.876076 s"
"WRITE";"7444.0";"";"5310442882";"36.878076 s"
"WRITE";"7444.0";"";"5310730863";"36.880075 s"
"WRITE";"7444.0";"";"5311018845";"36.882075 s"
"WRITE";"7444.0";"";"5311306826";"36.884075 s"
"WRITE";"7444.0";"";"5311594808";"36.886075 s"
"WRITE";"7444.0";"";"5311882789";"36.888075 s"
"WRITE";"7443.0";"";"5312170770";"36.890075 s"
"WRITE";"7443.0";"";"5312458752";"36.892075 s"
"WRITE";"7443.0";"";"5312746733";"36.894075 s"
"WRITE";"7443.0";"";"5313034715";"36.896074 s"
"WRITE";"7442.0";"";"5313322696";"36.898074 s"
"WRITE";"7442.0";"";"5313610678";"36.900074 s"
"WRITE";"7442.0";"";"5313898659";"36.902074 s"
"WRITE";"7442.0";"";"5314186640";"36.904074 s"
"WRITE";"7442.0";"";"5314474622";"36.906074 s"
"WRITE";"7442.0";"";"5314762603";"36.908074 s"
"WRITE";"7442.0";"";"5315050585";"36.910074 s"
"WRITE";"7442.0";"";"5315338566";"36.912073 s"
"WRITE";"7442.0";"";"5315626548";"36.914073 s"
"WRITE";"7442.0";"";"5315914529";"36.916073 s"
"WRITE";"7442.0";"";"5316202510";"36.918073 s"
"WRITE";"7442.0";"";"5316490492";"36.920073 s"
"WRITE";"7442.0";"";"5316778473";"36.922073 s"
"WRITE";"7442.0";"";"5317066455";"36.924073 s"
"WRITE";"7442.0";"";"5317354436";"36.926072 s"
"WRITE";"7442.0";"";"5317642418";"36.928072 s"
"WRITE";"7442.0";"";"5317930399";"36.930072 s"
"WRITE";"7442.0";"";"5318218380";"36.932072 s"
"WRITE";"7442.0";"";"5318506362";"36.934072 s"
"WRITE";"7442.0";"";"5318794343";"36.936072 s"
"WRITE";"7442.0";"";"5319082325";"36.938072 s"
"WRITE";"7442.0";"";"5319370306";"36.940072 s"
"WRITE";"7442.0";"";"5319658287";"36.942071 s"
"WRITE";"7442.0";"";"5319946269";"36.944071 s"
"WRITE";"7442.0";"";"5320234250";"36.946071 s"
"WRITE";"7442.0";"";"5320522232";"36.948071 s"
"WRITE";"7442.0";"";"5320810213";"36.950071 s"
"WRITE";"7442.0";"";"5321098195";"36.952071 s"
"WRITE";"7442.0";"";"5321386176";"36.954071 s"
"WRITE";"7442.0";"";"5321674157";"36.956071 s"
"WRITE";"7442.0";"";"5321962139";"36.958070 s"
"WRITE";"7442.0";"";"5322250120";"36.960070 s"
"WRITE";"7442.0";"";"5322538102";"36.962070 s"
"WRITE";"7442.0";"";"5322826083";"36.964070 s"
"WRITE";"7442.0";"";"5323114065";"36.966070 s"
"WRITE";"7441.0";"";"5323402046";"36.968070 s"
"WRITE";"7441.0";"";"5323690027";"36.970070 s"
"WRITE";"7440.0";"";"5323978009";"36.972070 s"
"WRITE";"7440.0";"";"5324265990";"36.974069 s"
"WRITE";"7439.0";"";"5324553972";"36.976069 s"
"WRITE";"7438.0";"";"5324841953";"36.978069 s"
"WRITE";"7437.0";"";"5325129934";"36.980069 s"
"WRITE";"7435.0";"";"5325417916";"36.982069 s"
"WRITE";"7434.0";"";"5325705897";"36.984069 s"
"WRITE";"7432.0";"";"5325993879";"36.986069 s"
"WRITE";"7429.0";"";"5326281860";"36.988068 s"
"WRITE";"7426.0";"";"5326569842";"36.990068 s"
"WRITE";"7423.0";"";"5326857823";"36.992068 s"
"WRITE";"7419.0";"";"5327145804";"36.994068 s"
"WRITE";"7414.0";"";"5327433786";"36.996068 s"
"WRITE";"7409.0";"";"5327721767";"36.998068 s"
"WRITE";"7403.0";"";"5328009749";"37.000068 s"
"WRITE";"7396.0";"";"5328297730";"37.002068 s"
"WRITE";"7387.0";"";"5328585712";"37.004067 s"
"WRITE";"7378.0";"";"5328873693";"37.006067 s"
"WRITE";"7367.0";"";"5329164269";"37.008085 s"
"WRITE";"7355.0";"";"5329449656";"37.010067 s"
"WRITE";"7341.0";"";"5329737637";"37.012067 s"
"WRITE";"7325.0";"";"5330025619";"37.014067 s"
"WRITE";"7307.0";"";"5330313600";"37.016067 s"
"WRITE";"7286.0";"";"5330601581";"37.018067 s"
"WRITE";"7262.0";"";"5330889563";"37.020066 s"
"WRITE";"7234.0";"";"5331177544";"37.022066 s"
"WRITE";"7203.0";"";"5331465526";"37.024066 s"
"WRITE";"7166.0";"";"5331753507";"37.026066 s"
"WRITE";"7124.0";"";"5332041489";"37.028066 s"
"WRITE";"7076.0";"";"5332329470";"37.030066 s"
"WRITE";"7021.0";"";"5332617451";"37.032066 s"
"WRITE";"6958.0";"";"5332905433";"37.034066 s"
"WRITE";"6887.0";"";"5333193414";"37.036065 s"
"WRITE";"6810.0";"";"5333481396";"37.038065 s"
"WRITE";"6733.0";"";"5333769377";"37.040065 s"
"WRITE";"6663.0";"";"5334057359";"37.042065 s"
"WRITE";"6600.0";"";"5334345340";"37.044065 s"
"WRITE";"6545.0";"";"5334633321";"37.046065 s"
"WRITE";"6496.0";"";"5334921303";"37.048065 s"
"WRITE";"6453.0";"";"5335209284";"37.050064 s"
"WRITE";"6412.0";"";"5335497266";"37.052064 s"
"WRITE";"6371.0";"";"5335785247";"37.054064 s"
"WRITE";"6330.0";"";"5336073229";"37.056064 s"
"WRITE";"6287.0";"";"5336361210";"37.058064 s"
"WRITE";"6241.0";"";"5336649191";"37.060064 s"
"WRITE";"6191.0";"";"5336937173";"37.062064 s"
"WRITE";"6136.0";"";"5337225154";"37.064064 s"
"WRITE";"6076.0";"";"5337513136";"37.066063 s"
"WRITE";"6008.0";"";"5337801117";"37.068063 s"
"WRITE";"5934.0";"";"5338089098";"37.070063 s"
"WRITE";"5853.0";"";"5338377080";"37.072063 s"
"WRITE";"5765.0";"";"5338665061";"37.074063 s"
"WRITE";"5672.0";"";"5338953043";"37.076063 s"
"WRITE";"5575.0";"";"5339241024";"37.078063 s"
"WRITE";"5475.0";"";"5339529006";"37.080063 s"
"WRITE";"5375.0";"";"5339816987";"37.082062 s"
"WRITE";"5277.0";"";"5340104968";"37.084062 s"
"WRITE";"5180.0";"";"5340392950";"37.086062 s"
"WRITE";"5086.0";"";"5340680931";"37.088062 s"
"WRITE";"4998.0";"";"5340968913";"37.090062 s"
"WRITE";"4914.0";"";"5341256894";"37.092062 s"
"WRITE";"4836.0";"";"5341544876";"37.094062 s"
"WRITE";"4763.0";"";"5341832857";"37.096062 s"
"WRITE";"4696.0";"";"5342120838";"37.098061 s"
"WRITE";"4634.0";"";"5342408820";"37.100061 s"
"WRITE";"4575.0";"";"5342696801";"37.102061 s"
"WRITE";"4521.0";"";"5342984783";"37.104061 s"
"WRITE";"4470.0";"";"5343272764";"37.106061 s"
"WRITE";"4420.0";"";"5343560745";"37.108061 s"
"WRITE";"4373.0";"";"5343848727";"37.110061 s"
"WRITE";"4326.0";"";"5344136708";"37.112060 s"
"WRITE";"4280.0";"";"5344424690";"37.114060 s"
"WRITE";"4234.0";"";"5344712671";"37.116060 s"
"WRITE";"4190.0";"";"5345000653";"37.118060 s"
"WRITE";"4148.0";"";"5345288634";"37.120060 s"
"WRITE";"4109.0";"";"5345576615";"37.122060 s"
"WRITE";"4075.0";"";"5345864597";"37.124060 s"
"WRITE";"4046.0";"";"5346152578";"37.126060 s"
"WRITE";"4022.0";"";"5346440560";"37.128059 s"
"WRITE";"4003.0";"";"5346728541";"37.130059 s"
"WRITE";"3988.0";"";"5347016523";"37.132059 s"
"WRITE";"3977.0";"";"5347304504";"37.134059 s"
"WRITE";"3969.0";"";"5347592485";"37.136059 s"
"WRITE";"3963.0";"";"5347880467";"37.138059 s"
"WRITE";"3958.0";"";"5348168448";"37.140059 s"
"WRITE";"3954.0";"";"5348456430";"37.142059 s"
"WRITE";"3952.0";"";"5348744411";"37.144058 s"
"WRITE";"3950.0";"";"5349032392";"37.146058 s"
"WRITE";"3948.0";"";"5349320374";"37.148058 s"
"WRITE";"3948.0";"";"5349608355";"37.150058 s"
"WRITE";"3948.0";"";"5349896337";"37.152058 s"
"WRITE";"3948.0";"";"5350184318";"37.154058 s"
"WRITE";"3948.0";"";"5350472300";"37.156058 s"
"WRITE";"3949.0";"";"5350760281";"37.158058 s"
"WRITE";"3950.0";"";"5351048262";"37.160057 s"
"WRITE";"3950.0";"";"5351336244";"37.162057 s"
"WRITE";"3951.0";"";"5351624225";"37.164057 s"
"WRITE";"3952.0";"";"5351912207";"37.166057 s"
"WRITE";"3953.0";"";"5352200188";"37.168057 s"
"WRITE";"3954.0";"";"5352488170";"37.170057 s"
"WRITE";"3955.0";"";"5352776151";"37.172057 s"
"WRITE";"3956.0";"";"5353064132";"37.174056 s"
"WRITE";"3956.0";"";"5353352114";"37.176056 s"
"WRITE";"3957.0";"";"5353640095";"37.178056 s"
"WRITE";"3957.0";"";"5353928077";"37.180056 s"
"WRITE";"3957.0";"";"5354216058";"37.182056 s"
"WRITE";"3957.0";"";"5354504040";"37.184056 s"
"WRITE";"3957.0";"";"5354792021";"37.186056 s"
"WRITE";"3957.0";"";"5355080002";"37.188056 s"
"WRITE";"3957.0";"";"5355367984";"37.190055 s"
"WRITE";"3957.0";"";"5355655965";"37.192055 s"
"WRITE";"3957.0";"";"5355943947";"37.194055 s"
"WRITE";"3957.0";"";"5356231928";"37.196055 s"
"WRITE";"3957.0";"";"5356519909";"37.198055 s"
"WRITE";"3956.0";"";"5356807891";"37.200055 s"
"WRITE";"3956.0";"";"5357095872";"37.202055 s"
"WRITE";"3955.0";"";"5357383854";"37.204055 s"
"WRITE";"3955.0";"";"5357671835";"37.206054 s"
"WRITE";"3954.0";"";"5357959817";"37.208054 s"
"WRITE";"3954.0";"";"5358247798";"37.210054 s"
"WRITE";"3953.0";"";"5358535779";"37.212054 s"
"WRITE";"3953.0";"";"5358823761";"37.214054 s"
"WRITE";"3952.0";"";"5359111742";"37.216054 s"
"WRITE";"3952.0";"";"5359399724";"37.218054 s"
"WRITE";"3951.0";"";"5359687705";"37.220054 s"
"WRITE";"3951.0";"";"5359975687";"37.222053 s"
"WRITE";"3951.0";"";"5360263668";"37.224053 s"
"WRITE";"3951.0";"";"5360551649";"37.226053 s"
"WRITE";"3950.0";"";"5360839631";"37.228053 s"
"WRITE";"3950.0";"";"5361127612";"37.230053 s"
"WRITE";"3950.0";"";"5361415594";"37.232053 s"
"WRITE";"3950.0";"";"5361703575";"37.234053 s"
"WRITE";"3949.0";"";"5361991556";"37.236052 s"
"WRITE";"3948.0";"";"5362279538";"37.238052 s"
"WRITE";"3948.0";"";"5362567519";"37.240052 s"
"WRITE";"3947.0";"";"5362855501";"37.242052 s"
"WRITE";"3946.0";"";"5363143482";"37.244052 s"
"WRITE";"3945.0";"";"5363431464";"37.246052 s"
"WRITE";"3944.0";"";"5363719445";"37.248052 s"
"WRITE";"3943.0";"";"5364007426";"37.250052 s"
"WRITE";"3942.0";"";"5364295408";"37.252051 s"
"WRITE";"3941.0";"";"5364583389";"37.254051 s"
"WRITE";"3940.0";"";"5364871371";"37.256051 s"
"WRITE";"3940.0";"";"5365159352";"37.258051 s"
"WRITE";"3939.0";"";"5365447334";"37.260051 s"
"WRITE";"3939.0";"";"5365735315";"37.262051 s"
"WRITE";"3938.0";"";"5366023296";"37.264051 s"
"WRITE";"3938.0";"";"5366311278";"37.266051 s"
"WRITE";"3938.0";"";"5366599259";"37.268050 s"
"WRITE";"3938.0";"";"5366887241";"37.270050 s"
"WRITE";"3938.0";"";"5367175222";"37.272050 s"
"WRITE";"3938.0";"";"5367463203";"37.274050 s"
"WRITE";"3938.0";"";"5367751185";"37.276050 s"
"WRITE";"3938.0";"";"5368039166";"37.278050 s"
"WRITE";"3938.0";"";"5368327148";"37.280050 s"
"WRITE";"3938.0";"";"5368615129";"37.282050 s"
"WRITE";"3938.0";"";"5368903111";"37.284049 s"
"WRITE";"3938.0";"";"5369191092";"37.286049 s"
"WRITE";"3938.0";"";"5369479073";"37.288049 s"
"WRITE";"3937.0";"";"5369767055";"37.290049 s"
"WRITE";"3937.0";"";"5370055036";"37.292049 s"
"WRITE";"3937.0";"";"5370343018";"37.294049 s"
"WRITE";"3936.0";"";"5370630999";"37.296049 s"
"WRITE";"3936.0";"";"5370918981";"37.298048 s"
"WRITE";"3936.0";"";"5371206962";"37.300048 s"
"WRITE";"3935.0";"";"5371494943";"37.302048 s"
"WRITE";"3935.0";"";"5371782925";"37.304048 s"
"WRITE";"3935.0";"";"5372070906";"37.306048 s"
"WRITE";"3935.0";"";"5372358888";"37.308048 s"
"WRITE";"3934.0";"";"5372646869";"37.310048 s"
"WRITE";"3934.0";"";"5372934851";"37.312048 s"
"WRITE";"3934.0";"";"5373222832";"37.314047 s"
"WRITE";"3934.0";"";"5373510813";"37.316047 s"
"WRITE";"3934.0";"";"5373798795";"37.318047 s"
"WRITE";"3933.0";"";"5374086776";"37.320047 s"
"WRITE";"3933.0";"";"5374374758";"37.322047 s"
"WRITE";"3933.0";"";"5374662739";"37.324047 s"
"WRITE";"3933.0";"";"5374950720";"37.326047 s"
"WRITE";"3933.0";"";"5375238702";"37.328047 s"
"WRITE";"3933.0";"";"5375526683";"37.330046 s"
"WRITE";"3933.0";"";"5375814665";"37.332046 s"
"WRITE";"3933.0";"";"5376102646";"37.334046 s"
"WRITE";"3933.0";"";"5376390628";"37.336046 s"
"WRITE";"3933.0";"";"5376678609";"37.338046 s"
"WRITE";"3933.0";"";"5376966590";"37.340046 s"
"WRITE";"3933.0";"";"5377254572";"37.342046 s"
"WRITE";"3933.0";"";"5377542553";"37.344046 s"
"WRITE";"3933.0";"";"5377830535";"37.346045 s"
"WRITE";"3933.0";"";"5378118516";"37.348045 s"
"WRITE";"3933.0";"";"5378406498";"37.350045 s"
"WRITE";"3933.0";"";"5378694479";"37.352045 s"
"WRITE";"3933.0";"";"5378982460";"37.354045 s"
"WRITE";"3933.0";"";"5379270442";"37.356045 s"
"WRITE";"3933.0";"";"5379558423";"37.358045 s"
"WRITE";"3933.0";"";"5379846405";"37.360044 s"
"WRITE";"3933.0";"";"5380134386";"37.362044 s"
"WRITE";"3933.0";"";"5380422367";"37.364044 s"
"WRITE";"3933.0";"";"5380710349";"37.366044 s"
"WRITE";"3933.0";"";"5380998330";"37.368044 s"
"WRITE";"3933.0";"";"5381286312";"37.370044 s"
"WRITE";"3933.0";"";"5381574293";"37.372044 s"
"WRITE";"3933.0";"";"5381862275";"37.374044 s"
"WRITE";"3933.0";"";"5382150256";"37.376043 s"
"WRITE";"3933.0";"";"5382438237";"37.378043 s"
"WRITE";"3933.0";"";"5382726219";"37.380043 s"
"WRITE";"3933.0";"";"5383014200";"37.382043 s"
"WRITE";"3933.0";"";"5383302182";"37.384043 s"
"WRITE";"3933.0";"";"5383590163";"37.386043 s"
"WRITE";"3933.0";"";"5383878145";"37.388043 s"
"WRITE";"3934.0";"";"5384166126";"37.390043 s"
"WRITE";"3934.0";"";"5384454107";"37.392042 s"
"WRITE";"3935.0";"";"5384742089";"37.394042 s"
"WRITE";"3935.0";"";"5385030070";"37.396042 s"
"WRITE";"3936.0";"";"5385318052";"37.398042 s"
"WRITE";"3937.0";"";"5385606033";"37.400042 s"
"WRITE";"3938.0";"";"5385894014";"37.402042 s"
"WRITE";"3940.0";"";"5386181996";"37.404042 s"
"WRITE";"3941.0";"";"5386469977";"37.406042 s"
"WRITE";"3942.0";"";"5386757959";"37.408041 s"
"WRITE";"3943.0";"";"5387045940";"37.410041 s"
"WRITE";"3943.0";"";"5387333922";"37.412041 s"
"WRITE";"3943.0";"";"5387621903";"37.414041 s"
"WRITE";"3943.0";"";"5387909884";"37.416041 s"
"WRITE";"3944.0";"";"5388197866";"37.418041 s"
"WRITE";"3944.0";"";"5388485847";"37.420041 s"
"WRITE";"3944.0";"";"5388773829";"37.422040 s"
"WRITE";"3944.0";"";"5389061810";"37.424040 s"
"WRITE";"3944.0";"";"5389349792";"37.426040 s"
"WRITE";"3944.0";"";"5389637773";"37.428040 s"
"WRITE";"3944.0";"";"5389925754";"37.430040 s"
"WRITE";"3944.0";"";"5390213736";"37.432040 s"
"WRITE";"3944.0";"";"5390501717";"37.434040 s"
"WRITE";"3944.0";"";"5390789699";"37.436040 s"
"WRITE";"3944.0";"";"5391077680";"37.438039 s"
"WRITE";"3944.0";"";"5391365662";"37.440039 s"
"WRITE";"3943.0";"";"5391653643";"37.442039 s"
"WRITE";"3943.0";"";"5391941624";"37.444039 s"
"WRITE";"3943.0";"";"5392229606";"37.446039 s"
"WRITE";"3943.0";"";"5392517587";"37.448039 s"
"WRITE";"3943.0";"";"5392805569";"37.450039 s"
"WRITE";"3943.0";"";"5393093550";"37.452039 s"
"WRITE";"3943.0";"";"5393381531";"37.454038 s"
"WRITE";"3943.0";"";"5393669513";"37.456038 s"
"WRITE";"3943.0";"";"5393957494";"37.458038 s"
"WRITE";"3943.0";"";"5394245476";"37.460038 s"
"WRITE";"3943.0";"";"5394533457";"37.462038 s"
"WRITE";"3943.0";"";"5394821439";"37.464038 s"
"WRITE";"3943.0";"";"5395109420";"37.466038 s"
"WRITE";"3943.0";"";"5395397401";"37.468038 s"
"WRITE";"3943.0";"";"5395685383";"37.470037 s"
"WRITE";"3943.0";"";"5395973364";"37.472037 s"
"WRITE";"3943.0";"";"5396261346";"37.474037 s"
"WRITE";"3943.0";"";"5396549327";"37.476037 s"
"WRITE";"3943.0";"";"5396837309";"37.478037 s"
"WRITE";"3943.0";"";"5397125290";"37.480037 s"
"WRITE";"3943.0";"";"5397413271";"37.482037 s"
"WRITE";"3943.0";"";"5397701253";"37.484036 s"
"WRITE";"3943.0";"";"5397989234";"37.486036 s"
"WRITE";"3943.0";"";"5398277216";"37.488036 s"
"WRITE";"3943.0";"";"5398565197";"37.490036 s"
"WRITE";"3943.0";"";"5398853178";"37.492036 s"
"WRITE";"3943.0";"";"5399141160";"37.494036 s"
"WRITE";"3943.0";"";"5399429141";"37.496036 s"
"WRITE";"3943.0";"";"5399717123";"37.498036 s"
"WRITE";"3943.0";"";"5400005104";"37.500035 s"
"WRITE";"3943.0";"";"5400293086";"37.502035 s"
"WRITE";"3943.0";"";"5400581067";"37.504035 s"
"WRITE";"3943.0";"";"5400869048";"37.506035 s"
"WRITE";"3943.0";"";"5401159625";"37.508053 s"
"WRITE";"3943.0";"";"5401445011";"37.510035 s"
"WRITE";"3943.0";"";"5401732993";"37.512035 s"
"WRITE";"3943.0";"";"5402020974";"37.514035 s"
"WRITE";"3943.0";"";"5402308956";"37.516034 s"
"WRITE";"3943.0";"";"5402596937";"37.518034 s"
"WRITE";"3943.0";"";"5402884918";"37.520034 s"
"WRITE";"3943.0";"";"5403172900";"37.522034 s"
"WRITE";"3943.0";"";"5403460881";"37.524034 s"
"WRITE";"3943.0";"";"5403748863";"37.526034 s"
"WRITE";"3943.0";"";"5404036844";"37.528034 s"
"WRITE";"3943.0";"";"5404324825";"37.530034 s"
"WRITE";"3943.0";"";"5404612807";"37.532033 s"
"WRITE";"3943.0";"";"5404900788";"37.534033 s"
"WRITE";"3943.0";"";"5405188770";"37.536033 s"
"WRITE";"3943.0";"";"5405476751";"37.538033 s"
"WRITE";"3943.0";"";"5405764733";"37.540033 s"
"WRITE";"3943.0";"";"5406052714";"37.542033 s"
"WRITE";"3943.0";"";"5406340695";"37.544033 s"
"WRITE";"3943.0";"";"5406628677";"37.546032 s"
"WRITE";"3943.0";"";"5406916658";"37.548032 s"
"WRITE";"3943.0";"";"5407204640";"37.550032 s"
"WRITE";"3943.0";"";"5407492621";"37.552032 s"
"WRITE";"3943.0";"";"5407780603";"37.554032 s"
"WRITE";"3943.0";"";"5408068584";"37.556032 s"
"WRITE";"3943.0";"";"5408356565";"37.558032 s"
"WRITE";"3943.0";"";"5408644547";"37.560032 s"
"WRITE";"3943.0";"";"5408932528";"37.562031 s"
"WRITE";"3943.0";"";"5409220510";"37.564031 s"
"WRITE";"3943.0";"";"5409508491";"37.566031 s"
"WRITE";"3943.0";"";"5409796473";"37.568031 s"
"WRITE";"3943.0";"";"5410084454";"37.570031 s"
"WRITE";"3943.0";"";"5410372435";"37.572031 s"
"WRITE";"3943.0";"";"5410660417";"37.574031 s"
"WRITE";"3943.0";"";"5410948398";"37.576031 s"
"WRITE";"3943.0";"";"5411236380";"37.578030 s"
"WRITE";"3943.0";"";"5411524361";"37.580030 s"
"WRITE";"3943.0";"";"5411812342";"37.582030 s"
"WRITE";"3943.0";"";"5412100324";"37.584030 s"
"WRITE";"3943.0";"";"5412388305";"37.586030 s"
"WRITE";"3943.0";"";"5412676287";"37.588030 s"
"WRITE";"3943.0";"";"5412964268";"37.590030 s"
"WRITE";"3943.0";"";"5413252250";"37.592030 s"
"WRITE";"3943.0";"";"5413540231";"37.594029 s"
"WRITE";"3943.0";"";"5413828212";"37.596029 s"
"WRITE";"3943.0";"";"5414116194";"37.598029 s"
"WRITE";"3943.0";"";"5414404175";"37.600029 s"
"WRITE";"3943.0";"";"5414692157";"37.602029 s"
"WRITE";"3943.0";"";"5414980138";"37.604029 s"
"WRITE";"3943.0";"";"5415268120";"37.606029 s"
"WRITE";"3943.0";"";"5415556101";"37.608028 s"
"WRITE";"3943.0";"";"5415844082";"37.610028 s"
"WRITE";"3943.0";"";"5416132064";"37.612028 s"
"WRITE";"3943.0";"";"5416420045";"37.614028 s"
"WRITE";"3943.0";"";"5416708027";"37.616028 s"
"WRITE";"3943.0";"";"5416996008";"37.618028 s"
"WRITE";"3943.0";"";"5417283989";"37.620028 s"
"WRITE";"3943.0";"";"5417571971";"37.622028 s"
"WRITE";"3943.0";"";"5417859952";"37.624027 s"
"WRITE";"3943.0";"";"5418147934";"37.626027 s"
"WRITE";"3943.0";"";"5418435915";"37.628027 s"
"WRITE";"3943.0";"";"5418723897";"37.630027 s"
"WRITE";"3943.0";"";"5419011878";"37.632027 s"
"WRITE";"3943.0";"";"5419299859";"37.634027 s"
"WRITE";"3943.0";"";"5419587841";"37.636027 s"
"WRITE";"3943.0";"";"5419875822";"37.638027 s"
"WRITE";"3943.0";"";"5420163804";"37.640026 s"
"WRITE";"3943.0";"";"5420451785";"37.642026 s"
"WRITE";"3943.0";"";"5420739767";"37.644026 s"
"WRITE";"3943.0";"";"5421027748";"37.646026 s"
"WRITE";"3943.0";"";"5421315729";"37.648026 s"
"WRITE";"3943.0";"";"5421603711";"37.650026 s"
"WRITE";"3943.0";"";"5421891692";"37.652026 s"
"WRITE";"3943.0";"";"5422179674";"37.654026 s"
"WRITE";"3943.0";"";"5422467655";"37.656025 s"
"WRITE";"3943.0";"";"5422755636";"37.658025 s"
"WRITE";"3943.0";"";"5423043618";"37.660025 s"
"WRITE";"3943.0";"";"5423331599";"37.662025 s"
"WRITE";"3943.0";"";"5423619581";"37.664025 s"
"WRITE";"3943.0";"";"5423907562";"37.666025 s"
"WRITE";"3943.0";"";"5424195544";"37.668025 s"
"WRITE";"3943.0";"";"5424483525";"37.670024 s"
"WRITE";"3943.0";"";"5424771506";"37.672024 s"
"WRITE";"3943.0";"";"5425059488";"37.674024 s"
"WRITE";"3943.0";"";"5425347469";"37.676024 s"
"WRITE";"3943.0";"";"5425635451";"37.678024 s"
"WRITE";"3943.0";"";"5425923432";"37.680024 s"
"WRITE";"3943.0";"";"5426211414";"37.682024 s"
"WRITE";"3943.0";"";"5426499395";"37.684024 s"
"WRITE";"3943.0";"";"5426787376";"37.686023 s"
"WRITE";"3943.0";"";"5427075358";"37.688023 s"
"WRITE";"3943.0";"";"5427363339";"37.690023 s"
"WRITE";"3943.0";"";"5427651321";"37.692023 s"
"WRITE";"3943.0";"";"5427939302";"37.694023 s"
"WRITE";"3943.0";"";"5428227284";"37.696023 s"
"WRITE";"3943.0";"";"5428515265";"37.698023 s"
"WRITE";"3943.0";"";"5428803246";"37.700023 s"
"WRITE";"3943.0";"";"5429091228";"37.702022 s"
"WRITE";"3943.0";"";"5429379209";"37.704022 s"
"WRITE";"3943.0";"";"5429667191";"37.706022 s"
"WRITE";"3943.0";"";"5429955172";"37.708022 s"
"WRITE";"3943.0";"";"5430243153";"37.710022 s"
"WRITE";"3943.0";"";"5430531135";"37.712022 s"
"WRITE";"3943.0";"";"5430819116";"37.714022 s"
"WRITE";"3943.0";"";"5431107098";"37.716022 s"
"WRITE";"3943.0";"";"5431395079";"37.718021 s"
"WRITE";"3943.0";"";"5431683061";"37.720021 s"
"WRITE";"3943.0";"";"5431971042";"37.722021 s"
"WRITE";"3943.0";"";"5432259023";"37.724021 s"
"WRITE";"3943.0";"";"5432547005";"37.726021 s"
"WRITE";"3943.0";"";"5432834986";"37.728021 s"
"WRITE";"3943.0";"";"5433122968";"37.730021 s"
"WRITE";"3943.0";"";"5433410949";"37.732020 s"
"WRITE";"3943.0";"";"5433698931";"37.734020 s"
"WRITE";"3943.0";"";"5433986912";"37.736020 s"
"WRITE";"3943.0";"";"5434274893";"37.738020 s"
"WRITE";"3943.0";"";"5434562875";"37.740020 s"
"WRITE";"3943.0";"";"5434850856";"37.742020 s"
"WRITE";"3943.0";"";"5435138838";"37.744020 s"
"WRITE";"3943.0";"";"5435426819";"37.746020 s"
"WRITE";"3943.0";"";"5435714800";"37.748019 s"
"WRITE";"3943.0";"";"5436002782";"37.750019 s"
"WRITE";"3943.0";"";"5436290763";"37.752019 s"
"WRITE";"3943.0";"";"5436578745";"37.754019 s"
"WRITE";"3943.0";"";"5436866726";"37.756019 s"
"WRITE";"3943.0";"";"5437154708";"37.758019 s"
"WRITE";"3943.0";"";"5437442689";"37.760019 s"
"WRITE";"3943.0";"";"5437730670";"37.762019 s"
"WRITE";"3943.0";"";"5438018652";"37.764018 s"
"WRITE";"3943.0";"";"5438306633";"37.766018 s"
"WRITE";"3943.0";"";"5438594615";"37.768018 s"
"WRITE";"3943.0";"";"5438882596";"37.770018 s"
"WRITE";"3943.0";"";"5439170578";"37.772018 s"
"WRITE";"3943.0";"";"5439458559";"37.774018 s"
"WRITE";"3943.0";"";"5439746540";"37.776018 s"
"WRITE";"3943.0";"";"5440034522";"37.778018 s"
"WRITE";"3943.0";"";"5440322503";"37.780017 s"
"WRITE";"3943.0";"";"5440610485";"37.782017 s"
"WRITE";"3943.0";"";"5440898466";"37.784017 s"
"WRITE";"3943.0";"";"5441186447";"37.786017 s"
"WRITE";"3943.0";"";"5441474429";"37.788017 s"
"WRITE";"3943.0";"";"5441762410";"37.790017 s"
"WRITE";"3943.0";"";"5442050392";"37.792017 s"
"WRITE";"3943.0";"";"5442338373";"37.794016 s"
"WRITE";"3943.0";"";"5442626355";"37.796016 s"
"WRITE";"3943.0";"";"5442914336";"37.798016 s"
"WRITE";"3943.0";"";"5443202317";"37.800016 s"
"WRITE";"3943.0";"";"5443490299";"37.802016 s"
"WRITE";"3943.0";"";"5443778280";"37.804016 s"
"WRITE";"3943.0";"";"5444066262";"37.806016 s"
"WRITE";"3943.0";"";"5444354243";"37.808016 s"
"WRITE";"3943.0";"";"5444642225";"37.810015 s"
"WRITE";"3943.0";"";"5444930206";"37.812015 s"
"WRITE";"3943.0";"";"5445218187";"37.814015 s"
"WRITE";"3943.0";"";"5445506169";"37.816015 s"
"WRITE";"3943.0";"";"5445794150";"37.818015 s"
"WRITE";"3943.0";"";"5446082132";"37.820015 s"
"WRITE";"3943.0";"";"5446370113";"37.822015 s"
"WRITE";"3943.0";"";"5446658095";"37.824015 s"
"WRITE";"3943.0";"";"5446946076";"37.826014 s"
"WRITE";"3943.0";"";"5447234057";"37.828014 s"
"WRITE";"3943.0";"";"5447522039";"37.830014 s"
"WRITE";"3943.0";"";"5447810020";"37.832014 s"
"WRITE";"3943.0";"";"5448098002";"37.834014 s"
"WRITE";"3943.0";"";"5448385983";"37.836014 s"
"WRITE";"3943.0";"";"5448673964";"37.838014 s"
"WRITE";"3943.0";"";"5448961946";"37.840014 s"
"WRITE";"3943.0";"";"5449249927";"37.842013 s"
"WRITE";"3943.0";"";"5449537909";"37.844013 s"
"WRITE";"3943.0";"";"5449825890";"37.846013 s"
"WRITE";"3943.0";"";"5450113872";"37.848013 s"
"WRITE";"3943.0";"";"5450401853";"37.850013 s"
"WRITE";"3943.0";"";"5450689834";"37.852013 s"
"WRITE";"3943.0";"";"5450977816";"37.854013 s"
"WRITE";"3943.0";"";"5451265797";"37.856012 s"
"WRITE";"3943.0";"";"5451553779";"37.858012 s"
"WRITE";"3943.0";"";"5451841760";"37.860012 s"
"WRITE";"3943.0";"";"5452129742";"37.862012 s"
"WRITE";"3943.0";"";"5452417723";"37.864012 s"
"WRITE";"3943.0";"";"5452705704";"37.866012 s"
"WRITE";"3943.0";"";"5452993686";"37.868012 s"
"WRITE";"3943.0";"";"5453281667";"37.870012 s"
"WRITE";"3943.0";"";"5453569649";"37.872011 s"
"WRITE";"3943.0";"";"5453857630";"37.874011 s"
"WRITE";"3943.0";"";"5454145611";"37.876011 s"
"WRITE";"3943.0";"";"5454433593";"37.878011 s"
"WRITE";"3943.0";"";"5454721574";"37.880011 s"
"WRITE";"3943.0";"";"5455009556";"37.882011 s"
"WRITE";"3943.0";"";"5455297537";"37.884011 s"
"WRITE";"3943.0";"";"5455585519";"37.886011 s"
"WRITE";"3943.0";"";"5455873500";"37.888010 s"
"WRITE";"3943.0";"";"5456161481";"37.890010 s"
"WRITE";"3943.0";"";"5456449463";"37.892010 s"
"WRITE";"3943.0";"";"5456737444";"37.894010 s"
"WRITE";"3943.0";"";"5457025426";"37.896010 s"
"WRITE";"3943.0";"";"5457313407";"37.898010 s"
"WRITE";"3943.0";"";"5457601389";"37.900010 s"
"WRITE";"3943.0";"";"5457889370";"37.902010 s"
"WRITE";"3943.0";"";"5458177351";"37.904009 s"
"WRITE";"3943.0";"";"5458465333";"37.906009 s"
"WRITE";"3943.0";"";"5458753314";"37.908009 s"
"WRITE";"3943.0";"";"5459041296";"37.910009 s"
"WRITE";"3943.0";"";"5459329277";"37.912009 s"
"WRITE";"3943.0";"";"5459617258";"37.914009 s"
"WRITE";"3943.0";"";"5459905240";"37.916009 s"
"WRITE";"3943.0";"";"5460193221";"37.918008 s"
"WRITE";"3943.0";"";"5460481203";"37.920008 s"
"WRITE";"3943.0";"";"5460769184";"37.922008 s"
"WRITE";"3943.0";"";"5461057166";"37.924008 s"
"WRITE";"3943.0";"";"5461345147";"37.926008 s"
"WRITE";"3943.0";"";"5461633128";"37.928008 s"
"WRITE";"3943.0";"";"5461921110";"37.930008 s"
"WRITE";"3943.0";"";"5462209091";"37.932008 s"
"WRITE";"3943.0";"";"5462497073";"37.934007 s"
"WRITE";"3943.0";"";"5462785054";"37.936007 s"
"WRITE";"3943.0";"";"5463073036";"37.938007 s"
"WRITE";"3943.0";"";"5463361017";"37.940007 s"
"WRITE";"3943.0";"";"5463648998";"37.942007 s"
"WRITE";"3943.0";"";"5463936980";"37.944007 s"
"WRITE";"3943.0";"";"5464224961";"37.946007 s"
"WRITE";"3943.0";"";"5464512943";"37.948007 s"
"WRITE";"3943.0";"";"5464800924";"37.950006 s"
"WRITE";"3943.0";"";"5465088906";"37.952006 s"
"WRITE";"3943.0";"";"5465376887";"37.954006 s"
"WRITE";"3943.0";"";"5465664868";"37.956006 s"
"WRITE";"3943.0";"";"5465952850";"37.958006 s"
"WRITE";"3943.0";"";"5466240831";"37.960006 s"
"WRITE";"3943.0";"";"5466528813";"37.962006 s"
"WRITE";"3943.0";"";"5466816794";"37.964006 s"
"WRITE";"3943.0";"";"5467104775";"37.966005 s"
"WRITE";"3943.0";"";"5467392757";"37.968005 s"
"WRITE";"3943.0";"";"5467680738";"37.970005 s"
"WRITE";"3943.0";"";"5467968720";"37.972005 s"
"WRITE";"3943.0";"";"5468256701";"37.974005 s"
"WRITE";"3943.0";"";"5468544683";"37.976005 s"
"WRITE";"3943.0";"";"5468832664";"37.978005 s"
"WRITE";"3943.0";"";"5469120645";"37.980004 s"
"WRITE";"3943.0";"";"5469408627";"37.982004 s"
"WRITE";"3943.0";"";"5469696608";"37.984004 s"
"WRITE";"3943.0";"";"5469984590";"37.986004 s"
"WRITE";"3943.0";"";"5470272571";"37.988004 s"
"WRITE";"3943.0";"";"5470560553";"37.990004 s"
"WRITE";"3943.0";"";"5470848534";"37.992004 s"
"WRITE";"3943.0";"";"5471136515";"37.994004 s"
"WRITE";"3943.0";"";"5471424497";"37.996003 s"
"WRITE";"3943.0";"";"5471712478";"37.998003 s"
"WRITE";"3943.0";"";"5472000460";"38.000003 s"
"WRITE";"3943.0";"";"5472288441";"38.002003 s"
"WRITE";"3943.0";"";"5472576422";"38.004003 s"
"WRITE";"3943.0";"";"5472864404";"38.006003 s"
"WRITE";"3943.0";"";"5473154980";"38.008021 s"
"WRITE";"3943.0";"";"5473440367";"38.010003 s"
"WRITE";"3943.0";"";"5473728348";"38.012002 s"
"WRITE";"3943.0";"";"5474016330";"38.014002 s"
"WRITE";"3943.0";"";"5474304311";"38.016002 s"
"WRITE";"3943.0";"";"5474592292";"38.018002 s"
"WRITE";"3943.0";"";"5474880274";"38.020002 s"
"WRITE";"3943.0";"";"5475168255";"38.022002 s"
"WRITE";"3943.0";"";"5475456237";"38.024002 s"
"WRITE";"3943.0";"";"5475744218";"38.026002 s"
"WRITE";"3943.0";"";"5476032200";"38.028001 s"
"WRITE";"3943.0";"";"5476320181";"38.030001 s"
"WRITE";"3943.0";"";"5476608162";"38.032001 s"
"WRITE";"3943.0";"";"5476896144";"38.034001 s"
"WRITE";"3943.0";"";"5477184125";"38.036001 s"
"WRITE";"3943.0";"";"5477472107";"38.038001 s"
"WRITE";"3943.0";"";"5477760088";"38.040001 s"
"WRITE";"3943.0";"";"5478048069";"38.042000 s"
"WRITE";"3943.0";"";"5478336051";"38.044000 s"
"WRITE";"3943.0";"";"5478624032";"38.046000 s"
"WRITE";"3943.0";"";"5478912014";"38.048000 s"
"WRITE";"3943.0";"";"5479199995";"38.050000 s"
"WRITE";"3943.0";"";"5479487977";"38.052000 s"
"WRITE";"3943.0";"";"5479775958";"38.054000 s"
"WRITE";"3943.0";"";"5480063939";"38.056000 s"
"WRITE";"3943.0";"";"5480351921";"38.057999 s"
"WRITE";"3943.0";"";"5480639902";"38.059999 s"
"WRITE";"3943.0";"";"5480927884";"38.061999 s"
"WRITE";"3943.0";"";"5481215865";"38.063999 s"
"WRITE";"3943.0";"";"5481503847";"38.065999 s"
"WRITE";"3943.0";"";"5481791828";"38.067999 s"
"WRITE";"3943.0";"";"5482079809";"38.069999 s"
"WRITE";"3943.0";"";"5482367791";"38.071999 s"
"WRITE";"3943.0";"";"5482655772";"38.073998 s"
"WRITE";"3943.0";"";"5482943754";"38.075998 s"
"WRITE";"3943.0";"";"5483231735";"38.077998 s"
"WRITE";"3943.0";"";"5483519717";"38.079998 s"
"WRITE";"3943.0";"";"5483807698";"38.081998 s"
"WRITE";"3943.0";"";"5484095679";"38.083998 s"
"WRITE";"3943.0";"";"5484383661";"38.085998 s"
"WRITE";"3943.0";"";"5484671642";"38.087998 s"
"WRITE";"3943.0";"";"5484959624";"38.089997 s"
"WRITE";"3943.0";"";"5485247605";"38.091997 s"
"WRITE";"3943.0";"";"5485535586";"38.093997 s"
"WRITE";"3943.0";"";"5485823568";"38.095997 s"
"WRITE";"3943.0";"";"5486111549";"38.097997 s"
"WRITE";"3943.0";"";"5486399531";"38.099997 s"
"WRITE";"3943.0";"";"5486687512";"38.101997 s"
"WRITE";"3943.0";"";"5486975494";"38.103996 s"
"WRITE";"3943.0";"";"5487263475";"38.105996 s"
"WRITE";"3943.0";"";"5487551456";"38.107996 s"
"WRITE";"3943.0";"";"5487839438";"38.109996 s"
"WRITE";"3943.0";"";"5488127419";"38.111996 s"
"WRITE";"3943.0";"";"5488415401";"38.113996 s"
"WRITE";"3943.0";"";"5488703382";"38.115996 s"
"WRITE";"3943.0";"";"5488991364";"38.117996 s"
"WRITE";"3943.0";"";"5489279345";"38.119995 s"
"WRITE";"3943.0";"";"5489567326";"38.121995 s"
"WRITE";"3943.0";"";"5489855308";"38.123995 s"
"WRITE";"3943.0";"";"5490143289";"38.125995 s"
"WRITE";"3943.0";"";"5490431271";"38.127995 s"
"WRITE";"3943.0";"";"5490719252";"38.129995 s"
"WRITE";"3943.0";"";"5491007233";"38.131995 s"
"WRITE";"3943.0";"";"5491295215";"38.133995 s"
"WRITE";"3943.0";"";"5491583196";"38.135994 s"
"WRITE";"3943.0";"";"5491871178";"38.137994 s"
"WRITE";"3943.0";"";"5492159159";"38.139994 s"
"WRITE";"3943.0";"";"5492447141";"38.141994 s"
"WRITE";"3943.0";"";"5492735122";"38.143994 s"
"WRITE";"3943.0";"";"5493023103";"38.145994 s"
"WRITE";"3943.0";"";"5493311085";"38.147994 s"
"WRITE";"3943.0";"";"5493599066";"38.149994 s"
"WRITE";"3943.0";"";"5493887048";"38.151993 s"
"WRITE";"3943.0";"";"5494175029";"38.153993 s"
"WRITE";"3943.0";"";"5494463011";"38.155993 s"
"WRITE";"3943.0";"";"5494750992";"38.157993 s"
"WRITE";"3943.0";"";"5495038973";"38.159993 s"
"WRITE";"3943.0";"";"5495326955";"38.161993 s"
"WRITE";"3943.0";"";"5495614936";"38.163993 s"
"WRITE";"3943.0";"";"5495902918";"38.165992 s"
"WRITE";"3943.0";"";"5496190899";"38.167992 s"
"WRITE";"3943.0";"";"5496478880";"38.169992 s"
"WRITE";"3943.0";"";"5496766862";"38.171992 s"
"WRITE";"3943.0";"";"5497054843";"38.173992 s"
"WRITE";"3943.0";"";"5497342825";"38.175992 s"
"WRITE";"3943.0";"";"5497630806";"38.177992 s"
"WRITE";"3943.0";"";"5497918788";"38.179992 s"
"WRITE";"3943.0";"";"5498206769";"38.181991 s"
"WRITE";"3943.0";"";"5498494750";"38.183991 s"
"WRITE";"3943.0";"";"5498782732";"38.185991 s"
"WRITE";"3943.0";"";"5499070713";"38.187991 s"
"WRITE";"3943.0";"";"5499358695";"38.189991 s"
"WRITE";"3943.0";"";"5499646676";"38.191991 s"
"WRITE";"3943.0";"";"5499934658";"38.193991 s"
"WRITE";"3943.0";"";"5500222639";"38.195991 s"
"WRITE";"3943.0";"";"5500510620";"38.197990 s"
"WRITE";"3943.0";"";"5500798602";"38.199990 s"
"WRITE";"3943.0";"";"5501086583";"38.201990 s"
"WRITE";"3943.0";"";"5501374565";"38.203990 s"
"WRITE";"3943.0";"";"5501662546";"38.205990 s"
"WRITE";"3943.0";"";"5501950528";"38.207990 s"
"WRITE";"3943.0";"";"5502238509";"38.209990 s"
"WRITE";"3943.0";"";"5502526490";"38.211990 s"
"WRITE";"3943.0";"";"5502814472";"38.213989 s"
"WRITE";"3943.0";"";"5503102453";"38.215989 s"
"WRITE";"3943.0";"";"5503390435";"38.217989 s"
"WRITE";"3943.0";"";"5503678416";"38.219989 s"
"WRITE";"3943.0";"";"5503966397";"38.221989 s"
"WRITE";"3943.0";"";"5504254379";"38.223989 s"
"WRITE";"3943.0";"";"5504542360";"38.225989 s"
"WRITE";"3943.0";"";"5504830342";"38.227988 s"
"WRITE";"3943.0";"";"5505118323";"38.229988 s"
"WRITE";"3943.0";"";"5505406305";"38.231988 s"
"WRITE";"3943.0";"";"5505694286";"38.233988 s"
"WRITE";"3943.0";"";"5505982267";"38.235988 s"
"WRITE";"3943.0";"";"5506270249";"38.237988 s"
"WRITE";"3943.0";"";"5506558230";"38.239988 s"
"WRITE";"3943.0";"";"5506846212";"38.241988 s"
"WRITE";"3943.0";"";"5507134193";"38.243987 s"
"WRITE";"3943.0";"";"5507422175";"38.245987 s"
"WRITE";"3943.0";"";"5507710156";"38.247987 s"
"WRITE";"3943.0";"";"5507998137";"38.249987 s"
"WRITE";"3943.0";"";"5508286119";"38.251987 s"
"WRITE";"3943.0";"";"5508574100";"38.253987 s"
"WRITE";"3943.0";"";"5508862082";"38.255987 s"
"WRITE";"3943.0";"";"5509150063";"38.257987 s"
"WRITE";"3943.0";"";"5509438044";"38.259986 s"
"WRITE";"3943.0";"";"5509726026";"38.261986 s"
"WRITE";"3943.0";"";"5510014007";"38.263986 s"
"WRITE";"3943.0";"";"5510301989";"38.265986 s"
"WRITE";"3943.0";"";"5510589970";"38.267986 s"
"WRITE";"3943.0";"";"5510877952";"38.269986 s"
"WRITE";"3943.0";"";"5511165933";"38.271986 s"
"WRITE";"3943.0";"";"5511453914";"38.273986 s"
"WRITE";"3943.0";"";"5511741896";"38.275985 s"
"WRITE";"3943.0";"";"5512029877";"38.277985 s"
"WRITE";"3943.0";"";"5512317859";"38.279985 s"
"WRITE";"3943.0";"";"5512605840";"38.281985 s"
"WRITE";"3943.0";"";"5512893822";"38.283985 s"
"WRITE";"3943.0";"";"5513181803";"38.285985 s"
"WRITE";"3943.0";"";"5513469784";"38.287985 s"
"WRITE";"3943.0";"";"5513757766";"38.289984 s"
"WRITE";"3943.0";"";"5514045747";"38.291984 s"
"WRITE";"3943.0";"";"5514333729";"38.293984 s"
"WRITE";"3943.0";"";"5514621710";"38.295984 s"
"WRITE";"3943.0";"";"5514909691";"38.297984 s"
"WRITE";"3943.0";"";"5515197673";"38.299984 s"
"WRITE";"3943.0";"";"5515485654";"38.301984 s"
"WRITE";"3943.0";"";"5515773636";"38.303984 s"
"WRITE";"3943.0";"";"5516061617";"38.305983 s"
"WRITE";"3943.0";"";"5516349599";"38.307983 s"
"WRITE";"3943.0";"";"5516637580";"38.309983 s"
"WRITE";"3943.0";"";"5516925561";"38.311983 s"
"WRITE";"3943.0";"";"5517213543";"38.313983 s"
"WRITE";"3943.0";"";"5517501524";"38.315983 s"
"WRITE";"3943.0";"";"5517789506";"38.317983 s"
"WRITE";"3943.0";"";"5518077487";"38.319983 s"
"WRITE";"3943.0";"";"5518365469";"38.321982 s"
"WRITE";"3943.0";"";"5518653450";"38.323982 s"
"WRITE";"3943.0";"";"5518941431";"38.325982 s"
"WRITE";"3943.0";"";"5519229413";"38.327982 s"
"WRITE";"3943.0";"";"5519517394";"38.329982 s"
"WRITE";"3943.0";"";"5519805376";"38.331982 s"
"WRITE";"3943.0";"";"5520093357";"38.333982 s"
"WRITE";"3943.0";"";"5520381339";"38.335982 s"
"WRITE";"3943.0";"";"5520669320";"38.337981 s"
"WRITE";"3943.0";"";"5520957301";"38.339981 s"
"WRITE";"3943.0";"";"5521245283";"38.341981 s"
"WRITE";"3943.0";"";"5521533264";"38.343981 s"
"WRITE";"3943.0";"";"5521821246";"38.345981 s"
"WRITE";"3943.0";"";"5522109227";"38.347981 s"
"WRITE";"3943.0";"";"5522397208";"38.349981 s"
"WRITE";"3943.0";"";"5522685190";"38.351980 s"
"WRITE";"3943.0";"";"5522973171";"38.353980 s"
"WRITE";"3943.0";"";"5523261153";"38.355980 s"
"WRITE";"3943.0";"";"5523549134";"38.357980 s"
"WRITE";"3943.0";"";"5523837116";"38.359980 s"
"WRITE";"3943.0";"";"5524125097";"38.361980 s"
"WRITE";"3943.0";"";"5524413078";"38.363980 s"
"WRITE";"3943.0";"";"5524701060";"38.365980 s"
"WRITE";"3943.0";"";"5524989041";"38.367979 s"
"WRITE";"3943.0";"";"5525277023";"38.369979 s"
"WRITE";"3943.0";"";"5525565004";"38.371979 s"
"WRITE";"3943.0";"";"5525852986";"38.373979 s"
"WRITE";"3943.0";"";"5526140967";"38.375979 s"
"WRITE";"3943.0";"";"5526428948";"38.377979 s"
"WRITE";"3943.0";"";"5526716930";"38.379979 s"
"WRITE";"3943.0";"";"5527004911";"38.381979 s"
"WRITE";"3943.0";"";"5527292893";"38.383978 s"
"WRITE";"3943.0";"";"5527580874";"38.385978 s"
"WRITE";"3943.0";"";"5527868855";"38.387978 s"
"WRITE";"3943.0";"";"5528156837";"38.389978 s"
"WRITE";"3943.0";"";"5528444818";"38.391978 s"
"WRITE";"3943.0";"";"5528732800";"38.393978 s"
"WRITE";"3943.0";"";"5529020781";"38.395978 s"
"WRITE";"3943.0";"";"5529308763";"38.397978 s"
"WRITE";"3943.0";"";"5529596744";"38.399977 s"
"WRITE";"3943.0";"";"5529884725";"38.401977 s"
"WRITE";"3943.0";"";"5530172707";"38.403977 s"
"WRITE";"3943.0";"";"5530460688";"38.405977 s"
"WRITE";"3943.0";"";"5530748670";"38.407977 s"
"WRITE";"3943.0";"";"5531036651";"38.409977 s"
"WRITE";"3943.0";"";"5531324633";"38.411977 s"
"WRITE";"3943.0";"";"5531612614";"38.413976 s"
"WRITE";"3943.0";"";"5531900595";"38.415976 s"
"WRITE";"3943.0";"";"5532188577";"38.417976 s"
"WRITE";"3943.0";"";"5532476558";"38.419976 s"
"WRITE";"3943.0";"";"5532764540";"38.421976 s"
"WRITE";"3943.0";"";"5533052521";"38.423976 s"
"WRITE";"3943.0";"";"5533340502";"38.425976 s"
"WRITE";"3943.0";"";"5533628484";"38.427976 s"
"WRITE";"3943.0";"";"5533916465";"38.429975 s"
"WRITE";"3943.0";"";"5534204447";"38.431975 s"
"WRITE";"3943.0";"";"5534492428";"38.433975 s"
"WRITE";"3943.0";"";"5534780410";"38.435975 s"
"WRITE";"3943.0";"";"5535068391";"38.437975 s"
"WRITE";"3943.0";"";"5535356372";"38.439975 s"
"WRITE";"3943.0";"";"5535644354";"38.441975 s"
"WRITE";"3943.0";"";"5535932335";"38.443975 s"
"WRITE";"3943.0";"";"5536220317";"38.445974 s"
"WRITE";"3943.0";"";"5536508298";"38.447974 s"
"WRITE";"3943.0";"";"5536796280";"38.449974 s"
"WRITE";"3943.0";"";"5537084261";"38.451974 s"
"WRITE";"3943.0";"";"5537372242";"38.453974 s"
"WRITE";"3943.0";"";"5537660224";"38.455974 s"
"WRITE";"3943.0";"";"5537948205";"38.457974 s"
"WRITE";"3943.0";"";"5538236187";"38.459974 s"
"WRITE";"3943.0";"";"5538524168";"38.461973 s"
"WRITE";"3943.0";"";"5538812150";"38.463973 s"
"WRITE";"3943.0";"";"5539100131";"38.465973 s"
"WRITE";"3943.0";"";"5539388112";"38.467973 s"
"WRITE";"3943.0";"";"5539676094";"38.469973 s"
"WRITE";"3943.0";"";"5539964075";"38.471973 s"
"WRITE";"3943.0";"";"5540252057";"38.473973 s"
"WRITE";"3943.0";"";"5540540038";"38.475972 s"
"WRITE";"3943.0";"";"5540828019";"38.477972 s"
"WRITE";"3943.0";"";"5541116001";"38.479972 s"
"WRITE";"3943.0";"";"5541403982";"38.481972 s"
"WRITE";"3943.0";"";"5541691964";"38.483972 s"
"WRITE";"3943.0";"";"5541979945";"38.485972 s"
"WRITE";"3943.0";"";"5542267927";"38.487972 s"
"WRITE";"3943.0";"";"5542555908";"38.489972 s"
"WRITE";"3943.0";"";"5542843889";"38.491971 s"
"WRITE";"3943.0";"";"5543131871";"38.493971 s"
"WRITE";"3943.0";"";"5543419852";"38.495971 s"
"WRITE";"3943.0";"";"5543707834";"38.497971 s"
"WRITE";"3943.0";"";"5543995815";"38.499971 s"
"WRITE";"3943.0";"";"5544283797";"38.501971 s"
"WRITE";"3943.0";"";"5544571778";"38.503971 s"
"WRITE";"3943.0";"";"5544859759";"38.505971 s"
"WRITE";"3943.0";"";"5545150336";"38.507988 s"
"WRITE";"3943.0";"";"5545435722";"38.509970 s"
"WRITE";"3943.0";"";"5545723704";"38.511970 s"
"WRITE";"3943.0";"";"5546011685";"38.513970 s"
"WRITE";"3943.0";"";"5546299666";"38.515970 s"
"WRITE";"3943.0";"";"5546587648";"38.517970 s"
"WRITE";"3943.0";"";"5546875629";"38.519970 s"
"WRITE";"3943.0";"";"5547163611";"38.521970 s"
"WRITE";"3943.0";"";"5547451592";"38.523969 s"
"WRITE";"3943.0";"";"5547739574";"38.525969 s"
"WRITE";"3943.0";"";"5548027555";"38.527969 s"
"WRITE";"3943.0";"";"5548315536";"38.529969 s"
"WRITE";"3943.0";"";"5548603518";"38.531969 s"
"WRITE";"3943.0";"";"5548891499";"38.533969 s"
"WRITE";"3943.0";"";"5549179481";"38.535969 s"
"WRITE";"3943.0";"";"5549467462";"38.537968 s"
"WRITE";"3943.0";"";"5549755444";"38.539968 s"
"WRITE";"3943.0";"";"5550043425";"38.541968 s"
"WRITE";"3943.0";"";"5550331406";"38.543968 s"
"WRITE";"3943.0";"";"5550619388";"38.545968 s"
"WRITE";"3943.0";"";"5550907369";"38.547968 s"
"WRITE";"3943.0";"";"5551195351";"38.549968 s"
"WRITE";"3943.0";"";"5551483332";"38.551968 s"
"WRITE";"3943.0";"";"5551771313";"38.553967 s"
"WRITE";"3943.0";"";"5552059295";"38.555967 s"
"WRITE";"3943.0";"";"5552347276";"38.557967 s"
"WRITE";"3943.0";"";"5552635258";"38.559967 s"
"WRITE";"3943.0";"";"5552923239";"38.561967 s"
"WRITE";"3943.0";"";"5553211221";"38.563967 s"
"WRITE";"3943.0";"";"5553499202";"38.565967 s"
"WRITE";"3943.0";"";"5553787183";"38.567967 s"
"WRITE";"3943.0";"";"5554075165";"38.569966 s"
"WRITE";"3943.0";"";"5554363146";"38.571966 s"
"WRITE";"3943.0";"";"5554651128";"38.573966 s"
"WRITE";"3943.0";"";"5554939109";"38.575966 s"
"WRITE";"3943.0";"";"5555227091";"38.577966 s"
"WRITE";"3943.0";"";"5555515072";"38.579966 s"
"WRITE";"3943.0";"";"5555803053";"38.581966 s"
"WRITE";"3943.0";"";"5556091035";"38.583966 s"
"WRITE";"3943.0";"";"5556379016";"38.585965 s"
"WRITE";"3943.0";"";"5556666998";"38.587965 s"
"WRITE";"3943.0";"";"5556954979";"38.589965 s"
"WRITE";"3943.0";"";"5557242961";"38.591965 s"
"WRITE";"3943.0";"";"5557530942";"38.593965 s"
"WRITE";"3943.0";"";"5557818923";"38.595965 s"
"WRITE";"3943.0";"";"5558106905";"38.597965 s"
"WRITE";"3943.0";"";"5558394886";"38.599964 s"
"WRITE";"3943.0";"";"5558682868";"38.601964 s"
"WRITE";"3943.0";"";"5558970849";"38.603964 s"
"WRITE";"3943.0";"";"5559258830";"38.605964 s"
"WRITE";"3943.0";"";"5559546812";"38.607964 s"
"WRITE";"3943.0";"";"5559834793";"38.609964 s"
"WRITE";"3943.0";"";"5560122775";"38.611964 s"
"WRITE";"3943.0";"";"5560410756";"38.613964 s"
"WRITE";"3943.0";"";"5560698738";"38.615963 s"
"WRITE";"3943.0";"";"5560986719";"38.617963 s"
"WRITE";"3943.0";"";"5561274700";"38.619963 s"
"WRITE";"3943.0";"";"5561562682";"38.621963 s"
"WRITE";"3943.0";"";"5561850663";"38.623963 s"
"WRITE";"3943.0";"";"5562138645";"38.625963 s"
"WRITE";"3943.0";"";"5562426626";"38.627963 s"
"WRITE";"3943.0";"";"5562714608";"38.629963 s"
"WRITE";"3943.0";"";"5563002589";"38.631962 s"
"WRITE";"3943.0";"";"5563290570";"38.633962 s"
"WRITE";"3943.0";"";"5563578552";"38.635962 s"
"WRITE";"3943.0";"";"5563866533";"38.637962 s"
"WRITE";"3943.0";"";"5564154515";"38.639962 s"
"WRITE";"3943.0";"";"5564442496";"38.641962 s"
"WRITE";"3943.0";"";"5564730477";"38.643962 s"
"WRITE";"3943.0";"";"5565018459";"38.645962 s"
"WRITE";"3943.0";"";"5565306440";"38.647961 s"
"WRITE";"3943.0";"";"5565594422";"38.649961 s"
"WRITE";"3943.0";"";"5565882403";"38.651961 s"
"WRITE";"3943.0";"";"5566170385";"38.653961 s"
"WRITE";"3943.0";"";"5566458366";"38.655961 s"
"WRITE";"3943.0";"";"5566746347";"38.657961 s"
"WRITE";"3943.0";"";"5567034329";"38.659961 s"
"WRITE";"3943.0";"";"5567322310";"38.661960 s"
"WRITE";"3943.0";"";"5567610292";"38.663960 s"
"WRITE";"3943.0";"";"5567898273";"38.665960 s"
"WRITE";"3943.0";"";"5568186255";"38.667960 s"
"WRITE";"3943.0";"";"5568474236";"38.669960 s"
"WRITE";"3943.0";"";"5568762217";"38.671960 s"
"WRITE";"3943.0";"";"5569050199";"38.673960 s"
"WRITE";"3943.0";"";"5569338180";"38.675960 s"
"WRITE";"3943.0";"";"5569626162";"38.677959 s"
"WRITE";"3943.0";"";"5569914143";"38.679959 s"
"WRITE";"3943.0";"";"5570202124";"38.681959 s"
"WRITE";"3943.0";"";"5570490106";"38.683959 s"
"WRITE";"3943.0";"";"5570778087";"38.685959 s"
"WRITE";"3943.0";"";"5571066069";"38.687959 s"
"WRITE";"3943.0";"";"5571354050";"38.689959 s"
"WRITE";"3943.0";"";"5571642032";"38.691959 s"
"WRITE";"3943.0";"";"5571930013";"38.693958 s"
"WRITE";"3943.0";"";"5572217994";"38.695958 s"
"WRITE";"3943.0";"";"5572505976";"38.697958 s"
"WRITE";"3943.0";"";"5572793957";"38.699958 s"
"WRITE";"3943.0";"";"5573081939";"38.701958 s"
"WRITE";"3943.0";"";"5573369920";"38.703958 s"
"WRITE";"3943.0";"";"5573657902";"38.705958 s"
"WRITE";"3943.0";"";"5573945883";"38.707958 s"
"WRITE";"3943.0";"";"5574233864";"38.709957 s"
"WRITE";"3943.0";"";"5574521846";"38.711957 s"
"WRITE";"3943.0";"";"5574809827";"38.713957 s"
"WRITE";"3943.0";"";"5575097809";"38.715957 s"
"WRITE";"3943.0";"";"5575385790";"38.717957 s"
"WRITE";"3943.0";"";"5575673772";"38.719957 s"
"WRITE";"3943.0";"";"5575961753";"38.721957 s"
"WRITE";"3943.0";"";"5576249734";"38.723956 s"
"WRITE";"3943.0";"";"5576537716";"38.725956 s"
"WRITE";"3943.0";"";"5576825697";"38.727956 s"
"WRITE";"3943.0";"";"5577113679";"38.729956 s"
"WRITE";"3943.0";"";"5577401660";"38.731956 s"
"WRITE";"3943.0";"";"5577689641";"38.733956 s"
"WRITE";"3943.0";"";"5577977623";"38.735956 s"
"WRITE";"3943.0";"";"5578265604";"38.737956 s"
"WRITE";"3943.0";"";"5578553586";"38.739955 s"
"WRITE";"3943.0";"";"5578841567";"38.741955 s"
"WRITE";"3943.0";"";"5579129549";"38.743955 s"
"WRITE";"3943.0";"";"5579417530";"38.745955 s"
"WRITE";"3943.0";"";"5579705511";"38.747955 s"
"WRITE";"3943.0";"";"5579993493";"38.749955 s"
"WRITE";"3943.0";"";"5580281474";"38.751955 s"
"WRITE";"3943.0";"";"5580569456";"38.753955 s"
"WRITE";"3943.0";"";"5580857437";"38.755954 s"
"WRITE";"3943.0";"";"5581145419";"38.757954 s"
"WRITE";"3943.0";"";"5581433400";"38.759954 s"
"WRITE";"3943.0";"";"5581721381";"38.761954 s"
"WRITE";"3943.0";"";"5582009363";"38.763954 s"
"WRITE";"3943.0";"";"5582297344";"38.765954 s"
"WRITE";"3943.0";"";"5582585326";"38.767954 s"
"WRITE";"3943.0";"";"5582873307";"38.769954 s"
"WRITE";"3943.0";"";"5583161288";"38.771953 s"
"WRITE";"3943.0";"";"5583449270";"38.773953 s"
"WRITE";"3943.0";"";"5583737251";"38.775953 s"
"WRITE";"3943.0";"";"5584025233";"38.777953 s"
"WRITE";"3943.0";"";"5584313214";"38.779953 s"
"WRITE";"3943.0";"";"5584601196";"38.781953 s"
"WRITE";"3943.0";"";"5584889177";"38.783953 s"
"WRITE";"3943.0";"";"5585177158";"38.785952 s"
"WRITE";"3943.0";"";"5585465140";"38.787952 s"
"WRITE";"3943.0";"";"5585753121";"38.789952 s"
"WRITE";"3943.0";"";"5586041103";"38.791952 s"
"WRITE";"3943.0";"";"5586329084";"38.793952 s"
"WRITE";"3943.0";"";"5586617066";"38.795952 s"
"WRITE";"3943.0";"";"5586905047";"38.797952 s"
"WRITE";"3943.0";"";"5587193028";"38.799952 s"
"WRITE";"3943.0";"";"5587481010";"38.801951 s"
"WRITE";"3943.0";"";"5587768991";"38.803951 s"
"WRITE";"3943.0";"";"5588056973";"38.805951 s"
"WRITE";"3943.0";"";"5588344954";"38.807951 s"
"WRITE";"3943.0";"";"5588632935";"38.809951 s"
"WRITE";"3943.0";"";"5588920917";"38.811951 s"
"WRITE";"3943.0";"";"5589208898";"38.813951 s"
"WRITE";"3943.0";"";"5589496880";"38.815951 s"
"WRITE";"3943.0";"";"5589784861";"38.817950 s"
"WRITE";"3943.0";"";"5590072843";"38.819950 s"
"WRITE";"3943.0";"";"5590360824";"38.821950 s"
"WRITE";"3943.0";"";"5590648805";"38.823950 s"
"WRITE";"3943.0";"";"5590936787";"38.825950 s"
"WRITE";"3943.0";"";"5591224768";"38.827950 s"
"WRITE";"3943.0";"";"5591512750";"38.829950 s"
"WRITE";"3943.0";"";"5591800731";"38.831950 s"
"WRITE";"3943.0";"";"5592088713";"38.833949 s"
"WRITE";"3943.0";"";"5592376694";"38.835949 s"
"WRITE";"3943.0";"";"5592664675";"38.837949 s"
"WRITE";"3943.0";"";"5592952657";"38.839949 s"
"WRITE";"3943.0";"";"5593240638";"38.841949 s"
"WRITE";"3943.0";"";"5593528620";"38.843949 s"
"WRITE";"3943.0";"";"5593816601";"38.845949 s"
"WRITE";"3943.0";"";"5594104583";"38.847948 s"
"WRITE";"3943.0";"";"5594392564";"38.849948 s"
"WRITE";"3943.0";"";"5594680545";"38.851948 s"
"WRITE";"3943.0";"";"5594968527";"38.853948 s"
"WRITE";"3943.0";"";"5595256508";"38.855948 s"
"WRITE";"3943.0";"";"5595544490";"38.857948 s"
"WRITE";"3943.0";"";"5595832471";"38.859948 s"
"WRITE";"3943.0";"";"5596120452";"38.861948 s"
"WRITE";"3943.0";"";"5596408434";"38.863947 s"
"WRITE";"3943.0";"";"5596696415";"38.865947 s"
"WRITE";"3943.0";"";"5596984397";"38.867947 s"
"WRITE";"3943.0";"";"5597272378";"38.869947 s"
"WRITE";"3943.0";"";"5597560360";"38.871947 s"
"WRITE";"3943.0";"";"5597848341";"38.873947 s"
"WRITE";"3943.0";"";"5598136322";"38.875947 s"
"WRITE";"3943.0";"";"5598424304";"38.877947 s"
"WRITE";"3943.0";"";"5598712285";"38.879946 s"
"WRITE";"3943.0";"";"5599000267";"38.881946 s"
"WRITE";"3943.0";"";"5599288248";"38.883946 s"
"WRITE";"3943.0";"";"5599576230";"38.885946 s"
"WRITE";"3943.0";"";"5599864211";"38.887946 s"
"WRITE";"3943.0";"";"5600152192";"38.889946 s"
"WRITE";"3943.0";"";"5600440174";"38.891946 s"
"WRITE";"3943.0";"";"5600728155";"38.893946 s"
"WRITE";"3943.0";"";"5601016137";"38.895945 s"
"WRITE";"3943.0";"";"5601304118";"38.897945 s"
"WRITE";"3943.0";"";"5601592099";"38.899945 s"
"WRITE";"3943.0";"";"5601880081";"38.901945 s"
"WRITE";"3943.0";"";"5602168062";"38.903945 s"
"WRITE";"3943.0";"";"5602456044";"38.905945 s"
"WRITE";"3943.0";"";"5602744025";"38.907945 s"
"WRITE";"3943.0";"";"5603032007";"38.909944 s"
"WRITE";"3943.0";"";"5603319988";"38.911944 s"
"WRITE";"3943.0";"";"5603607969";"38.913944 s"
"WRITE";"3943.0";"";"5603895951";"38.915944 s"
"WRITE";"3943.0";"";"5604183932";"38.917944 s"
"WRITE";"3943.0";"";"5604471914";"38.919944 s"
"WRITE";"3943.0";"";"5604759895";"38.921944 s"
"WRITE";"3943.0";"";"5605047877";"38.923944 s"
"WRITE";"3943.0";"";"5605335858";"38.925943 s"
"WRITE";"3943.0";"";"5605623839";"38.927943 s"
"WRITE";"3943.0";"";"5605911821";"38.929943 s"
"WRITE";"3943.0";"";"5606199802";"38.931943 s"
"WRITE";"3943.0";"";"5606487784";"38.933943 s"
"WRITE";"3943.0";"";"5606775765";"38.935943 s"
"WRITE";"3943.0";"";"5607063746";"38.937943 s"
"WRITE";"3943.0";"";"5607351728";"38.939943 s"
"WRITE";"3943.0";"";"5607639709";"38.941942 s"
"WRITE";"3943.0";"";"5607927691";"38.943942 s"
"WRITE";"3943.0";"";"5608215672";"38.945942 s"
"WRITE";"3943.0";"";"5608503654";"38.947942 s"
"WRITE";"3943.0";"";"5608791635";"38.949942 s"
"WRITE";"3943.0";"";"5609079616";"38.951942 s"
"WRITE";"3943.0";"";"5609367598";"38.953942 s"
"WRITE";"3943.0";"";"5609655579";"38.955942 s"
"WRITE";"3943.0";"";"5609943561";"38.957941 s"
"WRITE";"3943.0";"";"5610231542";"38.959941 s"
"WRITE";"3943.0";"";"5610519524";"38.961941 s"
"WRITE";"3943.0";"";"5610807505";"38.963941 s"
"WRITE";"3943.0";"";"5611095486";"38.965941 s"
"WRITE";"3943.0";"";"5611383468";"38.967941 s"
"WRITE";"3943.0";"";"5611671449";"38.969941 s"
"WRITE";"3943.0";"";"5611959431";"38.971940 s"
"WRITE";"3943.0";"";"5612247412";"38.973940 s"
"WRITE";"3943.0";"";"5612535394";"38.975940 s"
"WRITE";"3943.0";"";"5612823375";"38.977940 s"
"WRITE";"3943.0";"";"5613111356";"38.979940 s"
"WRITE";"3943.0";"";"5613399338";"38.981940 s"
"WRITE";"3943.0";"";"5613687319";"38.983940 s"
"WRITE";"3943.0";"";"5613975301";"38.985940 s"
"WRITE";"3943.0";"";"5614263282";"38.987939 s"
"WRITE";"3943.0";"";"5614551263";"38.989939 s"
"WRITE";"3943.0";"";"5614839245";"38.991939 s"
"WRITE";"3943.0";"";"5615127226";"38.993939 s"
"WRITE";"3943.0";"";"5615415208";"38.995939 s"
"WRITE";"3943.0";"";"5615703189";"38.997939 s"
"WRITE";"3943.0";"";"5615991171";"38.999939 s"
"WRITE";"3943.0";"";"5616279152";"39.001939 s"
"WRITE";"3943.0";"";"5616567133";"39.003938 s"
"WRITE";"3943.0";"";"5616855115";"39.005938 s"
"WRITE";"3943.0";"";"5617145691";"39.007956 s"
"WRITE";"3943.0";"";"5617431078";"39.009938 s"
"WRITE";"3943.0";"";"5617719059";"39.011938 s"
"WRITE";"3943.0";"";"5618007041";"39.013938 s"
"WRITE";"3943.0";"";"5618295022";"39.015938 s"
"WRITE";"3943.0";"";"5618583003";"39.017938 s"
"WRITE";"3943.0";"";"5618870985";"39.019937 s"
"WRITE";"3943.0";"";"5619158966";"39.021937 s"
"WRITE";"3943.0";"";"5619446948";"39.023937 s"
"WRITE";"3943.0";"";"5619734929";"39.025937 s"
"WRITE";"3943.0";"";"5620022910";"39.027937 s"
"WRITE";"3943.0";"";"5620310892";"39.029937 s"
"WRITE";"3943.0";"";"5620598873";"39.031937 s"
"WRITE";"3943.0";"";"5620886855";"39.033936 s"
"WRITE";"3943.0";"";"5621174836";"39.035936 s"
"WRITE";"3943.0";"";"5621462818";"39.037936 s"
"WRITE";"3943.0";"";"5621750799";"39.039936 s"
"WRITE";"3943.0";"";"5622038780";"39.041936 s"
"WRITE";"3943.0";"";"5622326762";"39.043936 s"
"WRITE";"3943.0";"";"5622614743";"39.045936 s"
"WRITE";"3943.0";"";"5622902725";"39.047936 s"
"WRITE";"3943.0";"";"5623190706";"39.049935 s"
"WRITE";"3943.0";"";"5623478688";"39.051935 s"
"WRITE";"3943.0";"";"5623766669";"39.053935 s"
"WRITE";"3943.0";"";"5624054650";"39.055935 s"
"WRITE";"3943.0";"";"5624342632";"39.057935 s"
"WRITE";"3943.0";"";"5624630613";"39.059935 s"
"WRITE";"3943.0";"";"5624918595";"39.061935 s"
"WRITE";"3943.0";"";"5625206576";"39.063935 s"
"WRITE";"3943.0";"";"5625494557";"39.065934 s"
"WRITE";"3943.0";"";"5625782539";"39.067934 s"
"WRITE";"3943.0";"";"5626070520";"39.069934 s"
"WRITE";"3943.0";"";"5626358502";"39.071934 s"
"WRITE";"3943.0";"";"5626646483";"39.073934 s"
"WRITE";"3943.0";"";"5626934465";"39.075934 s"
"WRITE";"3943.0";"";"5627222446";"39.077934 s"
"WRITE";"3943.0";"";"5627510427";"39.079934 s"
"WRITE";"3943.0";"";"5627798409";"39.081933 s"
"WRITE";"3943.0";"";"5628086390";"39.083933 s"
"WRITE";"3943.0";"";"5628374372";"39.085933 s"
"WRITE";"3943.0";"";"5628662353";"39.087933 s"
"WRITE";"3943.0";"";"5628950335";"39.089933 s"
"WRITE";"3943.0";"";"5629238316";"39.091933 s"
"WRITE";"3943.0";"";"5629526297";"39.093933 s"
"WRITE";"3943.0";"";"5629814279";"39.095932 s"
"WRITE";"3943.0";"";"5630102260";"39.097932 s"
"WRITE";"3943.0";"";"5630390242";"39.099932 s"
"WRITE";"3943.0";"";"5630678223";"39.101932 s"
"WRITE";"3943.0";"";"5630966205";"39.103932 s"
"WRITE";"3943.0";"";"5631254186";"39.105932 s"
"WRITE";"3943.0";"";"5631542167";"39.107932 s"
"WRITE";"3943.0";"";"5631830149";"39.109932 s"
"WRITE";"3943.0";"";"5632118130";"39.111931 s"
"WRITE";"3943.0";"";"5632406112";"39.113931 s"
"WRITE";"3943.0";"";"5632694093";"39.115931 s"
"WRITE";"3943.0";"";"5632982074";"39.117931 s"
"WRITE";"3943.0";"";"5633270056";"39.119931 s"
"WRITE";"3943.0";"";"5633558037";"39.121931 s"
"WRITE";"3943.0";"";"5633846019";"39.123931 s"
"WRITE";"3943.0";"";"5634134000";"39.125931 s"
"WRITE";"3943.0";"";"5634421982";"39.127930 s"
"WRITE";"3943.0";"";"5634709963";"39.129930 s"
"WRITE";"3943.0";"";"5634997944";"39.131930 s"
"WRITE";"3943.0";"";"5635285926";"39.133930 s"
"WRITE";"3943.0";"";"5635573907";"39.135930 s"
"WRITE";"3943.0";"";"5635861889";"39.137930 s"
"WRITE";"3943.0";"";"5636149870";"39.139930 s"
"WRITE";"3943.0";"";"5636437852";"39.141930 s"
"WRITE";"3943.0";"";"5636725833";"39.143929 s"
"WRITE";"3943.0";"";"5637013814";"39.145929 s"
"WRITE";"3943.0";"";"5637301796";"39.147929 s"
"WRITE";"3943.0";"";"5637589777";"39.149929 s"
"WRITE";"3943.0";"";"5637877759";"39.151929 s"
"WRITE";"3943.0";"";"5638165740";"39.153929 s"
"WRITE";"3943.0";"";"5638453721";"39.155929 s"
"WRITE";"3943.0";"";"5638741703";"39.157928 s"
"WRITE";"3943.0";"";"5639029684";"39.159928 s"
"WRITE";"3943.0";"";"5639317666";"39.161928 s"
"WRITE";"3943.0";"";"5639605647";"39.163928 s"
"WRITE";"3943.0";"";"5639893629";"39.165928 s"
"WRITE";"3943.0";"";"5640181610";"39.167928 s"
"WRITE";"3943.0";"";"5640469591";"39.169928 s"
"WRITE";"3943.0";"";"5640757573";"39.171928 s"
"WRITE";"3943.0";"";"5641045554";"39.173927 s"
"WRITE";"3943.0";"";"5641333536";"39.175927 s"
"WRITE";"3943.0";"";"5641621517";"39.177927 s"
"WRITE";"3943.0";"";"5641909499";"39.179927 s"
"WRITE";"3943.0";"";"5642197480";"39.181927 s"
"WRITE";"3943.0";"";"5642485461";"39.183927 s"
"WRITE";"3943.0";"";"5642773443";"39.185927 s"
"WRITE";"3943.0";"";"5643061424";"39.187927 s"
"WRITE";"3943.0";"";"5643349406";"39.189926 s"
"WRITE";"3943.0";"";"5643637387";"39.191926 s"
"WRITE";"3943.0";"";"5643925368";"39.193926 s"
"WRITE";"3943.0";"";"5644213350";"39.195926 s"
"WRITE";"3943.0";"";"5644501331";"39.197926 s"
"WRITE";"3943.0";"";"5644789313";"39.199926 s"
"WRITE";"3943.0";"";"5645077294";"39.201926 s"
"WRITE";"3943.0";"";"5645365276";"39.203926 s"
"WRITE";"3943.0";"";"5645653257";"39.205925 s"
"WRITE";"3943.0";"";"5645941238";"39.207925 s"
"WRITE";"3943.0";"";"5646229220";"39.209925 s"
"WRITE";"3943.0";"";"5646517201";"39.211925 s"
"WRITE";"3943.0";"";"5646805183";"39.213925 s"
"WRITE";"3943.0";"";"5647093164";"39.215925 s"
"WRITE";"3943.0";"";"5647381146";"39.217925 s"
"WRITE";"3943.0";"";"5647669127";"39.219924 s"
"WRITE";"3943.0";"";"5647957108";"39.221924 s"
"WRITE";"3943.0";"";"5648245090";"39.223924 s"
"WRITE";"3943.0";"";"5648533071";"39.225924 s"
"WRITE";"3943.0";"";"5648821053";"39.227924 s"
"WRITE";"3943.0";"";"5649109034";"39.229924 s"
"WRITE";"3943.0";"";"5649397016";"39.231924 s"
"WRITE";"3943.0";"";"5649684997";"39.233924 s"
"WRITE";"3943.0";"";"5649972978";"39.235923 s"
"WRITE";"3943.0";"";"5650260960";"39.237923 s"
"WRITE";"3943.0";"";"5650548941";"39.239923 s"
"WRITE";"3943.0";"";"5650836923";"39.241923 s"
"WRITE";"3943.0";"";"5651124904";"39.243923 s"
"WRITE";"3943.0";"";"5651412885";"39.245923 s"
"WRITE";"3943.0";"";"5651700867";"39.247923 s"
"WRITE";"3943.0";"";"5651988848";"39.249923 s"
"WRITE";"3943.0";"";"5652276830";"39.251922 s"
"WRITE";"3943.0";"";"5652564811";"39.253922 s"
"WRITE";"3943.0";"";"5652852793";"39.255922 s"
"WRITE";"3943.0";"";"5653140774";"39.257922 s"
"WRITE";"3943.0";"";"5653428755";"39.259922 s"
"WRITE";"3943.0";"";"5653716737";"39.261922 s"
"WRITE";"3943.0";"";"5654004718";"39.263922 s"
"WRITE";"3943.0";"";"5654292700";"39.265922 s"
"WRITE";"3943.0";"";"5654580681";"39.267921 s"
"WRITE";"3943.0";"";"5654868663";"39.269921 s"
"WRITE";"3943.0";"";"5655156644";"39.271921 s"
"WRITE";"3943.0";"";"5655444625";"39.273921 s"
"WRITE";"3943.0";"";"5655732607";"39.275921 s"
"WRITE";"3943.0";"";"5656020588";"39.277921 s"
"WRITE";"3943.0";"";"5656308570";"39.279921 s"
"WRITE";"3943.0";"";"5656596551";"39.281920 s"
"WRITE";"3943.0";"";"5656884532";"39.283920 s"
"WRITE";"3943.0";"";"5657172514";"39.285920 s"
"WRITE";"3943.0";"";"5657460495";"39.287920 s"
"WRITE";"3943.0";"";"5657748477";"39.289920 s"
"WRITE";"3943.0";"";"5658036458";"39.291920 s"
"WRITE";"3943.0";"";"5658324440";"39.293920 s"
"WRITE";"3943.0";"";"5658612421";"39.295920 s"
"WRITE";"3943.0";"";"5658900402";"39.297919 s"
"WRITE";"3943.0";"";"5659188384";"39.299919 s"
"WRITE";"3943.0";"";"5659476365";"39.301919 s"
"WRITE";"3943.0";"";"5659764347";"39.303919 s"
"WRITE";"3943.0";"";"5660052328";"39.305919 s"
"WRITE";"3943.0";"";"5660340310";"39.307919 s"
"WRITE";"3943.0";"";"5660628291";"39.309919 s"
"WRITE";"3943.0";"";"5660916272";"39.311919 s"
"WRITE";"3943.0";"";"5661204254";"39.313918 s"
"WRITE";"3943.0";"";"5661492235";"39.315918 s"
"WRITE";"3943.0";"";"5661780217";"39.317918 s"
"WRITE";"3943.0";"";"5662068198";"39.319918 s"
"WRITE";"3943.0";"";"5662356179";"39.321918 s"
"WRITE";"3943.0";"";"5662644161";"39.323918 s"
"WRITE";"3943.0";"";"5662932142";"39.325918 s"
"WRITE";"3943.0";"";"5663220124";"39.327918 s"
"WRITE";"3943.0";"";"5663508105";"39.329917 s"
"WRITE";"3943.0";"";"5663796087";"39.331917 s"
"WRITE";"3943.0";"";"5664084068";"39.333917 s"
"WRITE";"3943.0";"";"5664372049";"39.335917 s"
"WRITE";"3943.0";"";"5664660031";"39.337917 s"
"WRITE";"3943.0";"";"5664948012";"39.339917 s"
"WRITE";"3943.0";"";"5665235994";"39.341917 s"
"WRITE";"3943.0";"";"5665523975";"39.343916 s"
"WRITE";"3943.0";"";"5665811957";"39.345916 s"
"WRITE";"3943.0";"";"5666099938";"39.347916 s"
"WRITE";"3943.0";"";"5666387919";"39.349916 s"
"WRITE";"3943.0";"";"5666675901";"39.351916 s"
"WRITE";"3943.0";"";"5666963882";"39.353916 s"
"WRITE";"3943.0";"";"5667251864";"39.355916 s"
"WRITE";"3943.0";"";"5667539845";"39.357916 s"
"WRITE";"3943.0";"";"5667827827";"39.359915 s"
"WRITE";"3943.0";"";"5668115808";"39.361915 s"
"WRITE";"3943.0";"";"5668403789";"39.363915 s"
"WRITE";"3943.0";"";"5668691771";"39.365915 s"
"WRITE";"3943.0";"";"5668979752";"39.367915 s"
"WRITE";"3943.0";"";"5669267734";"39.369915 s"
"WRITE";"3943.0";"";"5669555715";"39.371915 s"
"WRITE";"3943.0";"";"5669843696";"39.373915 s"
"WRITE";"3943.0";"";"5670131678";"39.375914 s"
"WRITE";"3943.0";"";"5670419659";"39.377914 s"
"WRITE";"3943.0";"";"5670707641";"39.379914 s"
"WRITE";"3943.0";"";"5670995622";"39.381914 s"
"WRITE";"3943.0";"";"5671283604";"39.383914 s"
"WRITE";"3943.0";"";"5671571585";"39.385914 s"
"WRITE";"3943.0";"";"5671859566";"39.387914 s"
"WRITE";"3943.0";"";"5672147548";"39.389914 s"
"WRITE";"3943.0";"";"5672435529";"39.391913 s"
"WRITE";"3943.0";"";"5672723511";"39.393913 s"
"WRITE";"3943.0";"";"5673011492";"39.395913 s"
"WRITE";"3943.0";"";"5673299474";"39.397913 s"
"WRITE";"3943.0";"";"5673587455";"39.399913 s"
"WRITE";"3943.0";"";"5673875436";"39.401913 s"
"WRITE";"3943.0";"";"5674163418";"39.403913 s"
"WRITE";"3943.0";"";"5674451399";"39.405912 s"
"WRITE";"3943.0";"";"5674739381";"39.407912 s"
"WRITE";"3943.0";"";"5675027362";"39.409912 s"
"WRITE";"3943.0";"";"5675315343";"39.411912 s"
"WRITE";"3943.0";"";"5675603325";"39.413912 s"
"WRITE";"3943.0";"";"5675891306";"39.415912 s"
"WRITE";"3943.0";"";"5676179288";"39.417912 s"
"WRITE";"3943.0";"";"5676467269";"39.419912 s"
"WRITE";"3943.0";"";"5676755251";"39.421911 s"
"WRITE";"3943.0";"";"5677043232";"39.423911 s"
"WRITE";"3943.0";"";"5677331213";"39.425911 s"
"WRITE";"3943.0";"";"5677619195";"39.427911 s"
"WRITE";"3943.0";"";"5677907176";"39.429911 s"
"WRITE";"3943.0";"";"5678195158";"39.431911 s"
"WRITE";"3943.0";"";"5678483139";"39.433911 s"
"WRITE";"3943.0";"";"5678771121";"39.435911 s"
"WRITE";"3943.0";"";"5679059102";"39.437910 s"
"WRITE";"3943.0";"";"5679347083";"39.439910 s"
"WRITE";"3943.0";"";"5679635065";"39.441910 s"
"WRITE";"3943.0";"";"5679923046";"39.443910 s"
"WRITE";"3943.0";"";"5680211028";"39.445910 s"
"WRITE";"3943.0";"";"5680499009";"39.447910 s"
"WRITE";"3943.0";"";"5680786990";"39.449910 s"
"WRITE";"3943.0";"";"5681074972";"39.451910 s"
"WRITE";"3943.0";"";"5681362953";"39.453909 s"
"WRITE";"3943.0";"";"5681650935";"39.455909 s"
"WRITE";"3943.0";"";"5681938916";"39.457909 s"
"WRITE";"3943.0";"";"5682226898";"39.459909 s"
"WRITE";"3943.0";"";"5682514879";"39.461909 s"
"WRITE";"3943.0";"";"5682802860";"39.463909 s"
"WRITE";"3943.0";"";"5683090842";"39.465909 s"
"WRITE";"3943.0";"";"5683378823";"39.467908 s"
"WRITE";"3943.0";"";"5683666805";"39.469908 s"
"WRITE";"3943.0";"";"5683954786";"39.471908 s"
"WRITE";"3943.0";"";"5684242768";"39.473908 s"
"WRITE";"3943.0";"";"5684530749";"39.475908 s"
"WRITE";"3943.0";"";"5684818730";"39.477908 s"
"WRITE";"3943.0";"";"5685106712";"39.479908 s"
"WRITE";"3943.0";"";"5685394693";"39.481908 s"
"WRITE";"3943.0";"";"5685682675";"39.483907 s"
"WRITE";"3943.0";"";"5685970656";"39.485907 s"
"WRITE";"3943.0";"";"5686258638";"39.487907 s"
"WRITE";"3943.0";"";"5686546619";"39.489907 s"
"WRITE";"3943.0";"";"5686834600";"39.491907 s"
"WRITE";"3943.0";"";"5687122582";"39.493907 s"
"WRITE";"3943.0";"";"5687410563";"39.495907 s"
"WRITE";"3943.0";"";"5687698545";"39.497907 s"
"WRITE";"3943.0";"";"5687986526";"39.499906 s"
"WRITE";"3943.0";"";"5688274507";"39.501906 s"
"WRITE";"3943.0";"";"5688562489";"39.503906 s"
"WRITE";"3943.0";"";"5688850470";"39.505906 s"
"WRITE";"3943.0";"";"5689141047";"39.507924 s"
"WRITE";"3943.0";"";"5689426433";"39.509906 s"
"WRITE";"3943.0";"";"5689714415";"39.511906 s"
"WRITE";"3943.0";"";"5690002396";"39.513906 s"
"WRITE";"3943.0";"";"5690290377";"39.515905 s"
"WRITE";"3943.0";"";"5690578359";"39.517905 s"
"WRITE";"3943.0";"";"5690866340";"39.519905 s"
"WRITE";"3943.0";"";"5691154322";"39.521905 s"
"WRITE";"3943.0";"";"5691442303";"39.523905 s"
"WRITE";"3943.0";"";"5691730285";"39.525905 s"
"WRITE";"3943.0";"";"5692018266";"39.527905 s"
"WRITE";"3943.0";"";"5692306247";"39.529904 s"
"WRITE";"3943.0";"";"5692594229";"39.531904 s"
"WRITE";"3943.0";"";"5692882210";"39.533904 s"
"WRITE";"3943.0";"";"5693170192";"39.535904 s"
"WRITE";"3943.0";"";"5693458173";"39.537904 s"
"WRITE";"3943.0";"";"5693746154";"39.539904 s"
"WRITE";"3943.0";"";"5694034136";"39.541904 s"
"WRITE";"3943.0";"";"5694322117";"39.543904 s"
"WRITE";"3943.0";"";"5694610099";"39.545903 s"
"WRITE";"3943.0";"";"5694898080";"39.547903 s"
"WRITE";"3943.0";"";"5695186062";"39.549903 s"
"WRITE";"3943.0";"";"5695474043";"39.551903 s"
"WRITE";"3943.0";"";"5695762024";"39.553903 s"
"WRITE";"3943.0";"";"5696050006";"39.555903 s"
"WRITE";"3943.0";"";"5696337987";"39.557903 s"
"WRITE";"3943.0";"";"5696625969";"39.559903 s"
"WRITE";"3943.0";"";"5696913950";"39.561902 s"
"WRITE";"3943.0";"";"5697201932";"39.563902 s"
"WRITE";"3943.0";"";"5697489913";"39.565902 s"
"WRITE";"3943.0";"";"5697777894";"39.567902 s"
"WRITE";"3943.0";"";"5698065876";"39.569902 s"
"WRITE";"3943.0";"";"5698353857";"39.571902 s"
"WRITE";"3943.0";"";"5698641839";"39.573902 s"
"WRITE";"3943.0";"";"5698929820";"39.575902 s"
"WRITE";"3943.0";"";"5699217801";"39.577901 s"
"WRITE";"3943.0";"";"5699505783";"39.579901 s"
"WRITE";"3943.0";"";"5699793764";"39.581901 s"
"WRITE";"3943.0";"";"5700081746";"39.583901 s"
"WRITE";"3943.0";"";"5700369727";"39.585901 s"
"WRITE";"3943.0";"";"5700657709";"39.587901 s"
"WRITE";"3943.0";"";"5700945690";"39.589901 s"
"WRITE";"3943.0";"";"5701233671";"39.591900 s"
"WRITE";"3943.0";"";"5701521653";"39.593900 s"
"WRITE";"3943.0";"";"5701809634";"39.595900 s"
"WRITE";"3943.0";"";"5702097616";"39.597900 s"
"WRITE";"3943.0";"";"5702385597";"39.599900 s"
"WRITE";"3943.0";"";"5702673579";"39.601900 s"
"WRITE";"3943.0";"";"5702961560";"39.603900 s"
"WRITE";"3943.0";"";"5703249541";"39.605900 s"
"WRITE";"3943.0";"";"5703537523";"39.607899 s"
"WRITE";"3943.0";"";"5703825504";"39.609899 s"
"WRITE";"3943.0";"";"5704113486";"39.611899 s"
"WRITE";"3943.0";"";"5704401467";"39.613899 s"
"WRITE";"3943.0";"";"5704689449";"39.615899 s"
"WRITE";"3943.0";"";"5704977430";"39.617899 s"
"WRITE";"3943.0";"";"5705265411";"39.619899 s"
"WRITE";"3943.0";"";"5705553393";"39.621899 s"
"WRITE";"3943.0";"";"5705841374";"39.623898 s"
"WRITE";"3943.0";"";"5706129356";"39.625898 s"
"WRITE";"3943.0";"";"5706417337";"39.627898 s"
"WRITE";"3943.0";"";"5706705318";"39.629898 s"
"WRITE";"3943.0";"";"5706993300";"39.631898 s"
"WRITE";"3943.0";"";"5707281281";"39.633898 s"
"WRITE";"3943.0";"";"5707569263";"39.635898 s"
"WRITE";"3943.0";"";"5707857244";"39.637898 s"
"WRITE";"3943.0";"";"5708145226";"39.639897 s"
"WRITE";"3943.0";"";"5708433207";"39.641897 s"
"WRITE";"3943.0";"";"5708721188";"39.643897 s"
"WRITE";"3943.0";"";"5709009170";"39.645897 s"
"WRITE";"3943.0";"";"5709297151";"39.647897 s"
"WRITE";"3943.0";"";"5709585133";"39.649897 s"
"WRITE";"3943.0";"";"5709873114";"39.651897 s"
"WRITE";"3943.0";"";"5710161096";"39.653897 s"
"WRITE";"3943.0";"";"5710449077";"39.655896 s"
"WRITE";"3943.0";"";"5710737058";"39.657896 s"
"WRITE";"3943.0";"";"5711025040";"39.659896 s"
"WRITE";"3943.0";"";"5711313021";"39.661896 s"
"WRITE";"3943.0";"";"5711601003";"39.663896 s"
"WRITE";"3943.0";"";"5711888984";"39.665896 s"
"WRITE";"3943.0";"";"5712176965";"39.667896 s"
"WRITE";"3943.0";"";"5712464947";"39.669895 s"
"WRITE";"3943.0";"";"5712752928";"39.671895 s"
"WRITE";"3943.0";"";"5713040910";"39.673895 s"
"WRITE";"3943.0";"";"5713328891";"39.675895 s"
"WRITE";"3943.0";"";"5713616873";"39.677895 s"
"WRITE";"3943.0";"";"5713904854";"39.679895 s"
"WRITE";"3943.0";"";"5714192835";"39.681895 s"
"WRITE";"3943.0";"";"5714480817";"39.683895 s"
"WRITE";"3943.0";"";"5714768798";"39.685894 s"
"WRITE";"3943.0";"";"5715056780";"39.687894 s"
"WRITE";"3943.0";"";"5715344761";"39.689894 s"
"WRITE";"3943.0";"";"5715632743";"39.691894 s"
"WRITE";"3943.0";"";"5715920724";"39.693894 s"
"WRITE";"3943.0";"";"5716208705";"39.695894 s"
"WRITE";"3943.0";"";"5716496687";"39.697894 s"
"WRITE";"3943.0";"";"5716784668";"39.699894 s"
"WRITE";"3943.0";"";"5717072650";"39.701893 s"
"WRITE";"3943.0";"";"5717360631";"39.703893 s"
"WRITE";"3943.0";"";"5717648612";"39.705893 s"
"WRITE";"3943.0";"";"5717936594";"39.707893 s"
"WRITE";"3943.0";"";"5718224575";"39.709893 s"
"WRITE";"3943.0";"";"5718512557";"39.711893 s"
"WRITE";"3943.0";"";"5718800538";"39.713893 s"
"WRITE";"3943.0";"";"5719088520";"39.715893 s"
"WRITE";"3943.0";"";"5719376501";"39.717892 s"
"WRITE";"3943.0";"";"5719664482";"39.719892 s"
"WRITE";"3943.0";"";"5719952464";"39.721892 s"
"WRITE";"3943.0";"";"5720240445";"39.723892 s"
"WRITE";"3943.0";"";"5720528427";"39.725892 s"
"WRITE";"3943.0";"";"5720816408";"39.727892 s"
"WRITE";"3943.0";"";"5721104390";"39.729892 s"
"WRITE";"3943.0";"";"5721392371";"39.731891 s"
"WRITE";"3943.0";"";"5721680352";"39.733891 s"
"WRITE";"3943.0";"";"5721968334";"39.735891 s"
"WRITE";"3943.0";"";"5722256315";"39.737891 s"
"WRITE";"3943.0";"";"5722544297";"39.739891 s"
"WRITE";"3943.0";"";"5722832278";"39.741891 s"
"WRITE";"3943.0";"";"5723120260";"39.743891 s"
"WRITE";"3943.0";"";"5723408241";"39.745891 s"
"WRITE";"3943.0";"";"5723696222";"39.747890 s"
"WRITE";"3943.0";"";"5723984204";"39.749890 s"
"WRITE";"3943.0";"";"5724272185";"39.751890 s"
"WRITE";"3943.0";"";"5724560167";"39.753890 s"
"WRITE";"3943.0";"";"5724848148";"39.755890 s"
"WRITE";"3943.0";"";"5725136129";"39.757890 s"
"WRITE";"3943.0";"";"5725424111";"39.759890 s"
"WRITE";"3943.0";"";"5725712092";"39.761890 s"
"WRITE";"3943.0";"";"5726000074";"39.763889 s"
"WRITE";"3943.0";"";"5726288055";"39.765889 s"
"WRITE";"3943.0";"";"5726576037";"39.767889 s"
"WRITE";"3943.0";"";"5726864018";"39.769889 s"
"WRITE";"3943.0";"";"5727151999";"39.771889 s"
"WRITE";"3943.0";"";"5727439981";"39.773889 s"
"WRITE";"3943.0";"";"5727727962";"39.775889 s"
"WRITE";"3943.0";"";"5728015944";"39.777889 s"
"WRITE";"3943.0";"";"5728303925";"39.779888 s"
"WRITE";"3943.0";"";"5728591907";"39.781888 s"
"WRITE";"3943.0";"";"5728879888";"39.783888 s"
"WRITE";"3943.0";"";"5729167869";"39.785888 s"
"WRITE";"3943.0";"";"5729455851";"39.787888 s"
"WRITE";"3943.0";"";"5729743832";"39.789888 s"
"WRITE";"3943.0";"";"5730031814";"39.791888 s"
"WRITE";"3943.0";"";"5730319795";"39.793887 s"
"WRITE";"3943.0";"";"5730607776";"39.795887 s"
"WRITE";"3943.0";"";"5730895758";"39.797887 s"
"WRITE";"3943.0";"";"5731183739";"39.799887 s"
"WRITE";"3943.0";"";"5731471721";"39.801887 s"
"WRITE";"3943.0";"";"5731759702";"39.803887 s"
"WRITE";"3943.0";"";"5732047684";"39.805887 s"
"WRITE";"3943.0";"";"5732335665";"39.807887 s"
"WRITE";"3943.0";"";"5732623646";"39.809886 s"
"WRITE";"3943.0";"";"5732911628";"39.811886 s"
"WRITE";"3943.0";"";"5733199609";"39.813886 s"
"WRITE";"3943.0";"";"5733487591";"39.815886 s"
"WRITE";"3943.0";"";"5733775572";"39.817886 s"
"WRITE";"3943.0";"";"5734063554";"39.819886 s"
"WRITE";"3943.0";"";"5734351535";"39.821886 s"
"WRITE";"3943.0";"";"5734639516";"39.823886 s"
"WRITE";"3943.0";"";"5734927498";"39.825885 s"
"WRITE";"3943.0";"";"5735215479";"39.827885 s"
"WRITE";"3943.0";"";"5735503461";"39.829885 s"
"WRITE";"3943.0";"";"5735791442";"39.831885 s"
"WRITE";"3943.0";"";"5736079423";"39.833885 s"
"WRITE";"3943.0";"";"5736367405";"39.835885 s"
"WRITE";"3943.0";"";"5736655386";"39.837885 s"
"WRITE";"3943.0";"";"5736943368";"39.839885 s"
"WRITE";"3943.0";"";"5737231349";"39.841884 s"
"WRITE";"3943.0";"";"5737519331";"39.843884 s"
"WRITE";"3943.0";"";"5737807312";"39.845884 s"
"WRITE";"3943.0";"";"5738095293";"39.847884 s"
"WRITE";"3943.0";"";"5738383275";"39.849884 s"
"WRITE";"3943.0";"";"5738671256";"39.851884 s"
"WRITE";"3943.0";"";"5738959238";"39.853884 s"
"WRITE";"3943.0";"";"5739247219";"39.855883 s"
"WRITE";"3943.0";"";"5739535201";"39.857883 s"
"WRITE";"3943.0";"";"5739823182";"39.859883 s"
"WRITE";"3943.0";"";"5740111163";"39.861883 s"
"WRITE";"3943.0";"";"5740399145";"39.863883 s"
"WRITE";"3943.0";"";"5740687126";"39.865883 s"
"WRITE";"3943.0";"";"5740975108";"39.867883 s"
"WRITE";"3943.0";"";"5741263089";"39.869883 s"
"WRITE";"3943.0";"";"5741551071";"39.871882 s"
"WRITE";"3943.0";"";"5741839052";"39.873882 s"
"WRITE";"3943.0";"";"5742127033";"39.875882 s"
"WRITE";"3943.0";"";"5742415015";"39.877882 s"
"WRITE";"3943.0";"";"5742702996";"39.879882 s"
"WRITE";"3943.0";"";"5742990978";"39.881882 s"
"WRITE";"3943.0";"";"5743278959";"39.883882 s"
"WRITE";"3943.0";"";"5743566940";"39.885882 s"
"WRITE";"3943.0";"";"5743854922";"39.887881 s"
"WRITE";"3943.0";"";"5744142903";"39.889881 s"
"WRITE";"3943.0";"";"5744430885";"39.891881 s"
"WRITE";"3943.0";"";"5744718866";"39.893881 s"
"WRITE";"3943.0";"";"5745006848";"39.895881 s"
"WRITE";"3943.0";"";"5745294829";"39.897881 s"
"WRITE";"3943.0";"";"5745582810";"39.899881 s"
"WRITE";"3943.0";"";"5745870792";"39.901881 s"
"WRITE";"3943.0";"";"5746158773";"39.903880 s"
"WRITE";"3943.0";"";"5746446755";"39.905880 s"
"WRITE";"3943.0";"";"5746734736";"39.907880 s"
"WRITE";"3943.0";"";"5747022718";"39.909880 s"
"WRITE";"3943.0";"";"5747310699";"39.911880 s"
"WRITE";"3943.0";"";"5747598680";"39.913880 s"
"WRITE";"3943.0";"";"5747886662";"39.915880 s"
"WRITE";"3943.0";"";"5748174643";"39.917879 s"
"WRITE";"3943.0";"";"5748462625";"39.919879 s"
"WRITE";"3943.0";"";"5748750606";"39.921879 s"
"WRITE";"3943.0";"";"5749038587";"39.923879 s"
"WRITE";"3943.0";"";"5749326569";"39.925879 s"
"WRITE";"3943.0";"";"5749614550";"39.927879 s"
"WRITE";"3943.0";"";"5749902532";"39.929879 s"
"WRITE";"3943.0";"";"5750190513";"39.931879 s"
"WRITE";"3943.0";"";"5750478495";"39.933878 s"
"WRITE";"3943.0";"";"5750766476";"39.935878 s"
"WRITE";"3943.0";"";"5751054457";"39.937878 s"
"WRITE";"3943.0";"";"5751342439";"39.939878 s"
"WRITE";"3943.0";"";"5751630420";"39.941878 s"
"WRITE";"3943.0";"";"5751918402";"39.943878 s"
"WRITE";"3943.0";"";"5752206383";"39.945878 s"
"WRITE";"3943.0";"";"5752494365";"39.947878 s"
"WRITE";"3943.0";"";"5752782346";"39.949877 s"
"WRITE";"3943.0";"";"5753070327";"39.951877 s"
"WRITE";"3943.0";"";"5753358309";"39.953877 s"
"WRITE";"3943.0";"";"5753646290";"39.955877 s"
"WRITE";"3943.0";"";"5753934272";"39.957877 s"
"WRITE";"3943.0";"";"5754222253";"39.959877 s"
"WRITE";"3943.0";"";"5754510234";"39.961877 s"
"WRITE";"3943.0";"";"5754798216";"39.963877 s"
"WRITE";"3943.0";"";"5755086197";"39.965876 s"
"WRITE";"3943.0";"";"5755374179";"39.967876 s"
"WRITE";"3943.0";"";"5755662160";"39.969876 s"
"WRITE";"3943.0";"";"5755950142";"39.971876 s"
"WRITE";"3943.0";"";"5756238123";"39.973876 s"
"WRITE";"3943.0";"";"5756526104";"39.975876 s"
"WRITE";"3943.0";"";"5756814086";"39.977876 s"
"WRITE";"3943.0";"";"5757102067";"39.979875 s"
"WRITE";"3943.0";"";"5757390049";"39.981875 s"
"WRITE";"3943.0";"";"5757678030";"39.983875 s"
"WRITE";"3943.0";"";"5757966012";"39.985875 s"
"WRITE";"3943.0";"";"5758253993";"39.987875 s"
"WRITE";"3943.0";"";"5758541974";"39.989875 s"
"WRITE";"3943.0";"";"5758829956";"39.991875 s"
"WRITE";"3943.0";"";"5759117937";"39.993875 s"
"WRITE";"3943.0";"";"5759405919";"39.995874 s"
"WRITE";"3943.0";"";"5759693900";"39.997874 s"
"WRITE";"3943.0";"";"5759981882";"39.999874 s"
"WRITE";"3943.0";"";"5760269863";"40.001874 s"
"WRITE";"3943.0";"";"5760557844";"40.003874 s"
"WRITE";"3943.0";"";"5760845826";"40.005874 s"
"WRITE";"3943.0";"";"5761136415";"40.007892 s"
"WRITE";"3943.0";"";"5761421789";"40.009874 s"
"WRITE";"3943.0";"";"5761709770";"40.011873 s"
"WRITE";"3943.0";"";"5761997751";"40.013873 s"
"WRITE";"3943.0";"";"5762285733";"40.015873 s"
"WRITE";"3943.0";"";"5762573714";"40.017873 s"
"WRITE";"3943.0";"";"5762861696";"40.019873 s"
"WRITE";"3943.0";"";"5763149677";"40.021873 s"
"WRITE";"3943.0";"";"5763437659";"40.023873 s"
"WRITE";"3943.0";"";"5763725640";"40.025873 s"
"WRITE";"3943.0";"";"5764013621";"40.027872 s"
"WRITE";"3943.0";"";"5764301603";"40.029872 s"
"WRITE";"3943.0";"";"5764589584";"40.031872 s"
"WRITE";"3943.0";"";"5764877566";"40.033872 s"
"WRITE";"3943.0";"";"5765165547";"40.035872 s"
"WRITE";"3943.0";"";"5765453529";"40.037872 s"
"WRITE";"3943.0";"";"5765741510";"40.039872 s"
"WRITE";"3943.0";"";"5766029491";"40.041871 s"
"WRITE";"3943.0";"";"5766317473";"40.043871 s"
"WRITE";"3943.0";"";"5766605454";"40.045871 s"
"WRITE";"3943.0";"";"5766893436";"40.047871 s"
"WRITE";"3943.0";"";"5767181417";"40.049871 s"
"WRITE";"3943.0";"";"5767469398";"40.051871 s"
"WRITE";"3943.0";"";"5767757380";"40.053871 s"
"WRITE";"3943.0";"";"5768045361";"40.055871 s"
"WRITE";"3943.0";"";"5768333343";"40.057870 s"
"WRITE";"3943.0";"";"5768621324";"40.059870 s"
"WRITE";"3943.0";"";"5768909306";"40.061870 s"
"WRITE";"3943.0";"";"5769197287";"40.063870 s"
"WRITE";"3943.0";"";"5769485268";"40.065870 s"
"WRITE";"3943.0";"";"5769773250";"40.067870 s"
"WRITE";"3943.0";"";"5770061231";"40.069870 s"
"WRITE";"3943.0";"";"5770349213";"40.071870 s"
"WRITE";"3943.0";"";"5770637194";"40.073869 s"
"WRITE";"3943.0";"";"5770925176";"40.075869 s"
"WRITE";"3943.0";"";"5771213157";"40.077869 s"
"WRITE";"3943.0";"";"5771501138";"40.079869 s"
"WRITE";"3943.0";"";"5771789120";"40.081869 s"
"WRITE";"3943.0";"";"5772077101";"40.083869 s"
"WRITE";"3943.0";"";"5772365083";"40.085869 s"
"WRITE";"3943.0";"";"5772653064";"40.087869 s"
"WRITE";"3943.0";"";"5772941045";"40.089868 s"
"WRITE";"3943.0";"";"5773229027";"40.091868 s"
"WRITE";"3943.0";"";"5773517008";"40.093868 s"
"WRITE";"3943.0";"";"5773804990";"40.095868 s"
"WRITE";"3943.0";"";"5774092971";"40.097868 s"
"WRITE";"3943.0";"";"5774380953";"40.099868 s"
"WRITE";"3943.0";"";"5774668934";"40.101868 s"
"WRITE";"3943.0";"";"5774956915";"40.103867 s"
"WRITE";"3943.0";"";"5775244897";"40.105867 s"
"WRITE";"3943.0";"";"5775532878";"40.107867 s"
"WRITE";"3943.0";"";"5775820860";"40.109867 s"
"WRITE";"3943.0";"";"5776108841";"40.111867 s"
"WRITE";"3943.0";"";"5776396823";"40.113867 s"
"WRITE";"3943.0";"";"5776684804";"40.115867 s"
"WRITE";"3943.0";"";"5776972785";"40.117867 s"
"WRITE";"3943.0";"";"5777260767";"40.119866 s"
"WRITE";"3943.0";"";"5777548748";"40.121866 s"
"WRITE";"3943.0";"";"5777836730";"40.123866 s"
"WRITE";"3943.0";"";"5778124711";"40.125866 s"
"WRITE";"3943.0";"";"5778412693";"40.127866 s"
"WRITE";"3943.0";"";"5778700674";"40.129866 s"
"WRITE";"3943.0";"";"5778988655";"40.131866 s"
"WRITE";"3943.0";"";"5779276637";"40.133866 s"
"WRITE";"3943.0";"";"5779564618";"40.135865 s"
"WRITE";"3943.0";"";"5779852600";"40.137865 s"
"WRITE";"3943.0";"";"5780140581";"40.139865 s"
"WRITE";"3943.0";"";"5780428562";"40.141865 s"
"WRITE";"3943.0";"";"5780716544";"40.143865 s"
"WRITE";"3943.0";"";"5781004525";"40.145865 s"
"WRITE";"3943.0";"";"5781292507";"40.147865 s"
"WRITE";"3943.0";"";"5781580488";"40.149865 s"
"WRITE";"3943.0";"";"5781868470";"40.151864 s"
"WRITE";"3943.0";"";"5782156451";"40.153864 s"
"WRITE";"3943.0";"";"5782444432";"40.155864 s"
"WRITE";"3943.0";"";"5782732414";"40.157864 s"
"WRITE";"3943.0";"";"5783020395";"40.159864 s"
"WRITE";"3943.0";"";"5783308377";"40.161864 s"
"WRITE";"3943.0";"";"5783596358";"40.163864 s"
"WRITE";"3943.0";"";"5783884340";"40.165863 s"
"WRITE";"3943.0";"";"5784172321";"40.167863 s"
"WRITE";"3943.0";"";"5784460302";"40.169863 s"
"WRITE";"3943.0";"";"5784748284";"40.171863 s"
"WRITE";"3943.0";"";"5785036265";"40.173863 s"
"WRITE";"3943.0";"";"5785324247";"40.175863 s"
"WRITE";"3943.0";"";"5785612228";"40.177863 s"
"WRITE";"3943.0";"";"5785900209";"40.179863 s"
"WRITE";"3943.0";"";"5786188191";"40.181862 s"
"WRITE";"3943.0";"";"5786476172";"40.183862 s"
"WRITE";"3943.0";"";"5786764154";"40.185862 s"
"WRITE";"3943.0";"";"5787052135";"40.187862 s"
"WRITE";"3943.0";"";"5787340117";"40.189862 s"
"WRITE";"3943.0";"";"5787628098";"40.191862 s"
"WRITE";"3943.0";"";"5787916079";"40.193862 s"
"WRITE";"3943.0";"";"5788204061";"40.195862 s"
"WRITE";"3943.0";"";"5788492042";"40.197861 s"
"WRITE";"3943.0";"";"5788780024";"40.199861 s"
"WRITE";"3943.0";"";"5789068005";"40.201861 s"
"WRITE";"3943.0";"";"5789355987";"40.203861 s"
"WRITE";"3943.0";"";"5789643968";"40.205861 s"
"WRITE";"3943.0";"";"5789931949";"40.207861 s"
"WRITE";"3943.0";"";"5790219931";"40.209861 s"
"WRITE";"3943.0";"";"5790507912";"40.211861 s"
"WRITE";"3943.0";"";"5790795894";"40.213860 s"
"WRITE";"3943.0";"";"5791083875";"40.215860 s"
"WRITE";"3943.0";"";"5791371856";"40.217860 s"
"WRITE";"3943.0";"";"5791659838";"40.219860 s"
"WRITE";"3943.0";"";"5791947819";"40.221860 s"
"WRITE";"3943.0";"";"5792235801";"40.223860 s"
"WRITE";"3943.0";"";"5792523782";"40.225860 s"
"WRITE";"3943.0";"";"5792811764";"40.227859 s"
"WRITE";"3943.0";"";"5793099745";"40.229859 s"
"WRITE";"3943.0";"";"5793387726";"40.231859 s"
"WRITE";"3943.0";"";"5793675708";"40.233859 s"
"WRITE";"3943.0";"";"5793963689";"40.235859 s"
"WRITE";"3943.0";"";"5794251671";"40.237859 s"
"WRITE";"3943.0";"";"5794539652";"40.239859 s"
"WRITE";"3943.0";"";"5794827634";"40.241859 s"
"WRITE";"3943.0";"";"5795115615";"40.243858 s"
"WRITE";"3943.0";"";"5795403596";"40.245858 s"
"WRITE";"3943.0";"";"5795691578";"40.247858 s"
"WRITE";"3943.0";"";"5795979559";"40.249858 s"
"WRITE";"3943.0";"";"5796267541";"40.251858 s"
"WRITE";"3943.0";"";"5796555522";"40.253858 s"
"WRITE";"3943.0";"";"5796843504";"40.255858 s"
"WRITE";"3943.0";"";"5797131485";"40.257858 s"
"WRITE";"3943.0";"";"5797419466";"40.259857 s"
"WRITE";"3943.0";"";"5797707448";"40.261857 s"
"WRITE";"3943.0";"";"5797995429";"40.263857 s"
"WRITE";"3943.0";"";"5798283411";"40.265857 s"
"WRITE";"3943.0";"";"5798571392";"40.267857 s"
"WRITE";"3943.0";"";"5798859373";"40.269857 s"
"WRITE";"3943.0";"";"5799147355";"40.271857 s"
"WRITE";"3943.0";"";"5799435336";"40.273857 s"
"WRITE";"3943.0";"";"5799723318";"40.275856 s"
"WRITE";"3943.0";"";"5800011299";"40.277856 s"
"WRITE";"3943.0";"";"5800299281";"40.279856 s"
"WRITE";"3943.0";"";"5800587262";"40.281856 s"
"WRITE";"3943.0";"";"5800875243";"40.283856 s"
"WRITE";"3943.0";"";"5801163225";"40.285856 s"
"WRITE";"3943.0";"";"5801451206";"40.287856 s"
"WRITE";"3943.0";"";"5801739188";"40.289855 s"
"WRITE";"3943.0";"";"5802027169";"40.291855 s"
"WRITE";"3943.0";"";"5802315151";"40.293855 s"
"WRITE";"3943.0";"";"5802603132";"40.295855 s"
"WRITE";"3943.0";"";"5802891113";"40.297855 s"
"WRITE";"3943.0";"";"5803179095";"40.299855 s"
"WRITE";"3943.0";"";"5803467076";"40.301855 s"
"WRITE";"3943.0";"";"5803755058";"40.303855 s"
"WRITE";"3943.0";"";"5804043039";"40.305854 s"
"WRITE";"3943.0";"";"5804331020";"40.307854 s"
"WRITE";"3943.0";"";"5804619002";"40.309854 s"
"WRITE";"3943.0";"";"5804906983";"40.311854 s"
"WRITE";"3943.0";"";"5805194965";"40.313854 s"
"WRITE";"3943.0";"";"5805482946";"40.315854 s"
"WRITE";"3943.0";"";"5805770928";"40.317854 s"
"WRITE";"3943.0";"";"5806058909";"40.319854 s"
"WRITE";"3943.0";"";"5806346890";"40.321853 s"
"WRITE";"3943.0";"";"5806634872";"40.323853 s"
"WRITE";"3943.0";"";"5806922853";"40.325853 s"
"WRITE";"3943.0";"";"5807210835";"40.327853 s"
"WRITE";"3943.0";"";"5807498816";"40.329853 s"
"WRITE";"3943.0";"";"5807786798";"40.331853 s"
"WRITE";"3943.0";"";"5808074779";"40.333853 s"
"WRITE";"3943.0";"";"5808362760";"40.335853 s"
"WRITE";"3943.0";"";"5808650742";"40.337852 s"
"WRITE";"3943.0";"";"5808938723";"40.339852 s"
"WRITE";"3943.0";"";"5809226705";"40.341852 s"
"WRITE";"3943.0";"";"5809514686";"40.343852 s"
"WRITE";"3943.0";"";"5809802667";"40.345852 s"
"WRITE";"3943.0";"";"5810090649";"40.347852 s"
"WRITE";"3943.0";"";"5810378630";"40.349852 s"
"WRITE";"3943.0";"";"5810666612";"40.351851 s"
"WRITE";"3943.0";"";"5810954593";"40.353851 s"
"WRITE";"3943.0";"";"5811242575";"40.355851 s"
"WRITE";"3943.0";"";"5811530556";"40.357851 s"
"WRITE";"3943.0";"";"5811818537";"40.359851 s"
"WRITE";"3943.0";"";"5812106519";"40.361851 s"
"WRITE";"3943.0";"";"5812394500";"40.363851 s"
"WRITE";"3943.0";"";"5812682482";"40.365851 s"
"WRITE";"3943.0";"";"5812970463";"40.367850 s"
"WRITE";"3943.0";"";"5813258445";"40.369850 s"
"WRITE";"3943.0";"";"5813546426";"40.371850 s"
"WRITE";"3943.0";"";"5813834407";"40.373850 s"
"WRITE";"3943.0";"";"5814122389";"40.375850 s"
"WRITE";"3943.0";"";"5814410370";"40.377850 s"
"WRITE";"3943.0";"";"5814698352";"40.379850 s"
"WRITE";"3943.0";"";"5814986333";"40.381850 s"
"WRITE";"3943.0";"";"5815274315";"40.383849 s"
"WRITE";"3943.0";"";"5815562296";"40.385849 s"
"WRITE";"3943.0";"";"5815850277";"40.387849 s"
"WRITE";"3943.0";"";"5816138259";"40.389849 s"
"WRITE";"3943.0";"";"5816426240";"40.391849 s"
"WRITE";"3943.0";"";"5816714222";"40.393849 s"
"WRITE";"3943.0";"";"5817002203";"40.395849 s"
"WRITE";"3943.0";"";"5817290184";"40.397849 s"
"WRITE";"3943.0";"";"5817578166";"40.399848 s"
"WRITE";"3943.0";"";"5817866147";"40.401848 s"
"WRITE";"3943.0";"";"5818154129";"40.403848 s"
"WRITE";"3943.0";"";"5818442110";"40.405848 s"
"WRITE";"3943.0";"";"5818730092";"40.407848 s"
"WRITE";"3943.0";"";"5819018073";"40.409848 s"
"WRITE";"3943.0";"";"5819306054";"40.411848 s"
"WRITE";"3943.0";"";"5819594036";"40.413847 s"
"WRITE";"3943.0";"";"5819882017";"40.415847 s"
"WRITE";"3943.0";"";"5820169999";"40.417847 s"
"WRITE";"3943.0";"";"5820457980";"40.419847 s"
"WRITE";"3943.0";"";"5820745962";"40.421847 s"
"WRITE";"3943.0";"";"5821033943";"40.423847 s"
"WRITE";"3943.0";"";"5821321924";"40.425847 s"
"WRITE";"3943.0";"";"5821609906";"40.427847 s"
"WRITE";"3943.0";"";"5821897887";"40.429846 s"
"WRITE";"3943.0";"";"5822185869";"40.431846 s"
"WRITE";"3943.0";"";"5822473850";"40.433846 s"
"WRITE";"3943.0";"";"5822761831";"40.435846 s"
"WRITE";"3943.0";"";"5823049813";"40.437846 s"
"WRITE";"3943.0";"";"5823337794";"40.439846 s"
"WRITE";"3943.0";"";"5823625776";"40.441846 s"
"WRITE";"3943.0";"";"5823913757";"40.443846 s"
"WRITE";"3943.0";"";"5824201739";"40.445845 s"
"WRITE";"3943.0";"";"5824489720";"40.447845 s"
"WRITE";"3943.0";"";"5824777701";"40.449845 s"
"WRITE";"3943.0";"";"5825065683";"40.451845 s"
"WRITE";"3943.0";"";"5825353664";"40.453845 s"
"WRITE";"3943.0";"";"5825641646";"40.455845 s"
"WRITE";"3943.0";"";"5825929627";"40.457845 s"
"WRITE";"3943.0";"";"5826217609";"40.459845 s"
"WRITE";"3943.0";"";"5826505590";"40.461844 s"
"WRITE";"3943.0";"";"5826793571";"40.463844 s"
"WRITE";"3943.0";"";"5827081553";"40.465844 s"
"WRITE";"3943.0";"";"5827369534";"40.467844 s"
"WRITE";"3943.0";"";"5827657516";"40.469844 s"
"WRITE";"3943.0";"";"5827945497";"40.471844 s"
"WRITE";"3943.0";"";"5828233478";"40.473844 s"
"WRITE";"3943.0";"";"5828521460";"40.475843 s"
"WRITE";"3943.0";"";"5828809441";"40.477843 s"
"WRITE";"3943.0";"";"5829097423";"40.479843 s"
"WRITE";"3943.0";"";"5829385404";"40.481843 s"
"WRITE";"3943.0";"";"5829673386";"40.483843 s"
"WRITE";"3943.0";"";"5829961367";"40.485843 s"
"WRITE";"3943.0";"";"5830249348";"40.487843 s"
"WRITE";"3943.0";"";"5830537330";"40.489843 s"
"WRITE";"3943.0";"";"5830825311";"40.491842 s"
"WRITE";"3943.0";"";"5831113293";"40.493842 s"
"WRITE";"3943.0";"";"5831401274";"40.495842 s"
"WRITE";"3943.0";"";"5831689256";"40.497842 s"
"WRITE";"3943.0";"";"5831977237";"40.499842 s"
"WRITE";"3943.0";"";"5832265218";"40.501842 s"
"WRITE";"3943.0";"";"5832553200";"40.503842 s"
"WRITE";"3943.0";"";"5832841181";"40.505842 s"
"WRITE";"3943.0";"";"5833131652";"40.507859 s"
"WRITE";"3943.0";"";"5833417144";"40.509841 s"
"WRITE";"3943.0";"";"5833705126";"40.511841 s"
"WRITE";"3943.0";"";"5833993107";"40.513841 s"
"WRITE";"3943.0";"";"5834281088";"40.515841 s"
"WRITE";"3943.0";"";"5834569070";"40.517841 s"
"WRITE";"3943.0";"";"5834857051";"40.519841 s"
"WRITE";"3943.0";"";"5835145033";"40.521841 s"
"WRITE";"3943.0";"";"5835433014";"40.523840 s"
"WRITE";"3943.0";"";"5835720995";"40.525840 s"
"WRITE";"3943.0";"";"5836008977";"40.527840 s"
"WRITE";"3943.0";"";"5836296958";"40.529840 s"
"WRITE";"3943.0";"";"5836584940";"40.531840 s"
"WRITE";"3943.0";"";"5836872921";"40.533840 s"
"WRITE";"3943.0";"";"5837160903";"40.535840 s"
"WRITE";"3943.0";"";"5837448884";"40.537839 s"
"WRITE";"3943.0";"";"5837736865";"40.539839 s"
"WRITE";"3943.0";"";"5838024847";"40.541839 s"
"WRITE";"3943.0";"";"5838312828";"40.543839 s"
"WRITE";"3943.0";"";"5838600810";"40.545839 s"
"WRITE";"3943.0";"";"5838888791";"40.547839 s"
"WRITE";"3943.0";"";"5839176773";"40.549839 s"
"WRITE";"3943.0";"";"5839464754";"40.551839 s"
"WRITE";"3943.0";"";"5839752735";"40.553838 s"
"WRITE";"3943.0";"";"5840040717";"40.555838 s"
"WRITE";"3943.0";"";"5840328698";"40.557838 s"
"WRITE";"3943.0";"";"5840616680";"40.559838 s"
"WRITE";"3943.0";"";"5840904661";"40.561838 s"
"WRITE";"3943.0";"";"5841192642";"40.563838 s"
"WRITE";"3943.0";"";"5841480624";"40.565838 s"
"WRITE";"3943.0";"";"5841768605";"40.567838 s"
"WRITE";"3943.0";"";"5842056587";"40.569837 s"
"WRITE";"3943.0";"";"5842344568";"40.571837 s"
"WRITE";"3943.0";"";"5842632550";"40.573837 s"
"WRITE";"3943.0";"";"5842920531";"40.575837 s"
"WRITE";"3943.0";"";"5843208512";"40.577837 s"
"WRITE";"3943.0";"";"5843496494";"40.579837 s"
"WRITE";"3943.0";"";"5843784475";"40.581837 s"
"WRITE";"3943.0";"";"5844072457";"40.583837 s"
"WRITE";"3943.0";"";"5844360438";"40.585836 s"
"WRITE";"3943.0";"";"5844648420";"40.587836 s"
"WRITE";"3943.0";"";"5844936401";"40.589836 s"
"WRITE";"3943.0";"";"5845224382";"40.591836 s"
"WRITE";"3943.0";"";"5845512364";"40.593836 s"
"WRITE";"3943.0";"";"5845800345";"40.595836 s"
"WRITE";"3943.0";"";"5846088327";"40.597836 s"
"WRITE";"3943.0";"";"5846376308";"40.599835 s"
"WRITE";"3943.0";"";"5846664289";"40.601835 s"
"WRITE";"3943.0";"";"5846952271";"40.603835 s"
"WRITE";"3943.0";"";"5847240252";"40.605835 s"
"WRITE";"3943.0";"";"5847528234";"40.607835 s"
"WRITE";"3943.0";"";"5847816215";"40.609835 s"
"WRITE";"3943.0";"";"5848104197";"40.611835 s"
"WRITE";"3943.0";"";"5848392178";"40.613835 s"
"WRITE";"3943.0";"";"5848680159";"40.615834 s"
"WRITE";"3943.0";"";"5848968141";"40.617834 s"
"WRITE";"3943.0";"";"5849256122";"40.619834 s"
"WRITE";"3943.0";"";"5849544104";"40.621834 s"
"WRITE";"3943.0";"";"5849832085";"40.623834 s"
"WRITE";"3943.0";"";"5850120067";"40.625834 s"
"WRITE";"3943.0";"";"5850408048";"40.627834 s"
"WRITE";"3943.0";"";"5850696029";"40.629834 s"
"WRITE";"3943.0";"";"5850984011";"40.631833 s"
"WRITE";"3943.0";"";"5851271992";"40.633833 s"
"WRITE";"3943.0";"";"5851559974";"40.635833 s"
"WRITE";"3943.0";"";"5851847955";"40.637833 s"
"WRITE";"3943.0";"";"5852135937";"40.639833 s"
"WRITE";"3943.0";"";"5852423918";"40.641833 s"
"WRITE";"3943.0";"";"5852711899";"40.643833 s"
"WRITE";"3943.0";"";"5852999881";"40.645833 s"
"WRITE";"3943.0";"";"5853287862";"40.647832 s"
"WRITE";"3943.0";"";"5853575844";"40.649832 s"
"WRITE";"3943.0";"";"5853863825";"40.651832 s"
"WRITE";"3943.0";"";"5854151806";"40.653832 s"
"WRITE";"3943.0";"";"5854439788";"40.655832 s"
"WRITE";"3943.0";"";"5854727769";"40.657832 s"
"WRITE";"3943.0";"";"5855015751";"40.659832 s"
"WRITE";"3943.0";"";"5855303732";"40.661831 s"
"WRITE";"3943.0";"";"5855591714";"40.663831 s"
"WRITE";"3943.0";"";"5855879695";"40.665831 s"
"WRITE";"3943.0";"";"5856167676";"40.667831 s"
"WRITE";"3943.0";"";"5856455658";"40.669831 s"
"WRITE";"3943.0";"";"5856743639";"40.671831 s"
"WRITE";"3943.0";"";"5857031621";"40.673831 s"
"WRITE";"3943.0";"";"5857319602";"40.675831 s"
"WRITE";"3943.0";"";"5857607584";"40.677830 s"
"WRITE";"3943.0";"";"5857895565";"40.679830 s"
"WRITE";"3943.0";"";"5858183546";"40.681830 s"
"WRITE";"3943.0";"";"5858471528";"40.683830 s"
"WRITE";"3943.0";"";"5858759509";"40.685830 s"
"WRITE";"3943.0";"";"5859047491";"40.687830 s"
"WRITE";"3943.0";"";"5859335472";"40.689830 s"
"WRITE";"3943.0";"";"5859623453";"40.691830 s"
"WRITE";"3943.0";"";"5859911435";"40.693829 s"
"WRITE";"3943.0";"";"5860199416";"40.695829 s"
"WRITE";"3943.0";"";"5860487398";"40.697829 s"
"WRITE";"3943.0";"";"5860775379";"40.699829 s"
"WRITE";"3943.0";"";"5861063361";"40.701829 s"
"WRITE";"3943.0";"";"5861351342";"40.703829 s"
"WRITE";"3943.0";"";"5861639323";"40.705829 s"
"WRITE";"3943.0";"";"5861927305";"40.707829 s"
"WRITE";"3943.0";"";"5862215286";"40.709828 s"
"WRITE";"3943.0";"";"5862503268";"40.711828 s"
"WRITE";"3943.0";"";"5862791249";"40.713828 s"
"WRITE";"3943.0";"";"5863079231";"40.715828 s"
"WRITE";"3943.0";"";"5863367212";"40.717828 s"
"WRITE";"3943.0";"";"5863655193";"40.719828 s"
"WRITE";"3943.0";"";"5863943175";"40.721828 s"
"WRITE";"3943.0";"";"5864231156";"40.723827 s"
"WRITE";"3943.0";"";"5864519138";"40.725827 s"
"WRITE";"3943.0";"";"5864807119";"40.727827 s"
"WRITE";"3943.0";"";"5865095100";"40.729827 s"
"WRITE";"3943.0";"";"5865383082";"40.731827 s"
"WRITE";"3943.0";"";"5865671063";"40.733827 s"
"WRITE";"3943.0";"";"5865959045";"40.735827 s"
"WRITE";"3943.0";"";"5866247026";"40.737827 s"
"WRITE";"3943.0";"";"5866535008";"40.739826 s"
"WRITE";"3943.0";"";"5866822989";"40.741826 s"
"WRITE";"3943.0";"";"5867110970";"40.743826 s"
"WRITE";"3943.0";"";"5867398952";"40.745826 s"
"WRITE";"3943.0";"";"5867686933";"40.747826 s"
"WRITE";"3943.0";"";"5867974915";"40.749826 s"
"WRITE";"3943.0";"";"5868262896";"40.751826 s"
"WRITE";"3943.0";"";"5868550878";"40.753826 s"
"WRITE";"3943.0";"";"5868838859";"40.755825 s"
"WRITE";"3943.0";"";"5869126840";"40.757825 s"
"WRITE";"3943.0";"";"5869414822";"40.759825 s"
"WRITE";"3943.0";"";"5869702803";"40.761825 s"
"WRITE";"3943.0";"";"5869990785";"40.763825 s"
"WRITE";"3943.0";"";"5870278766";"40.765825 s"
"WRITE";"3943.0";"";"5870566748";"40.767825 s"
"WRITE";"3943.0";"";"5870854729";"40.769825 s"
"WRITE";"3943.0";"";"5871142710";"40.771824 s"
"WRITE";"3943.0";"";"5871430692";"40.773824 s"
"WRITE";"3943.0";"";"5871718673";"40.775824 s"
"WRITE";"3943.0";"";"5872006655";"40.777824 s"
"WRITE";"3943.0";"";"5872294636";"40.779824 s"
"WRITE";"3943.0";"";"5872582617";"40.781824 s"
"WRITE";"3943.0";"";"5872870599";"40.783824 s"
"WRITE";"3943.0";"";"5873158580";"40.785823 s"
"WRITE";"3943.0";"";"5873446562";"40.787823 s"
"WRITE";"3943.0";"";"5873734543";"40.789823 s"
"WRITE";"3943.0";"";"5874022525";"40.791823 s"
"WRITE";"3943.0";"";"5874310506";"40.793823 s"
"WRITE";"3943.0";"";"5874598487";"40.795823 s"
"WRITE";"3943.0";"";"5874886469";"40.797823 s"
"WRITE";"3943.0";"";"5875174450";"40.799823 s"
"WRITE";"3943.0";"";"5875462432";"40.801822 s"
"WRITE";"3943.0";"";"5875750413";"40.803822 s"
"WRITE";"3943.0";"";"5876038395";"40.805822 s"
"WRITE";"3943.0";"";"5876326376";"40.807822 s"
"WRITE";"3943.0";"";"5876614357";"40.809822 s"
"WRITE";"3943.0";"";"5876902339";"40.811822 s"
"WRITE";"3943.0";"";"5877190320";"40.813822 s"
"WRITE";"3943.0";"";"5877478302";"40.815822 s"
"WRITE";"3943.0";"";"5877766283";"40.817821 s"
"WRITE";"3943.0";"";"5878054264";"40.819821 s"
"WRITE";"3943.0";"";"5878342246";"40.821821 s"
"WRITE";"3943.0";"";"5878630227";"40.823821 s"
"WRITE";"3943.0";"";"5878918209";"40.825821 s"
"WRITE";"3943.0";"";"5879206190";"40.827821 s"
"WRITE";"3943.0";"";"5879494172";"40.829821 s"
"WRITE";"3943.0";"";"5879782153";"40.831821 s"
"WRITE";"3943.0";"";"5880070134";"40.833820 s"
"WRITE";"3943.0";"";"5880358116";"40.835820 s"
"WRITE";"3943.0";"";"5880646097";"40.837820 s"
"WRITE";"3943.0";"";"5880934079";"40.839820 s"
"WRITE";"3943.0";"";"5881222060";"40.841820 s"
"WRITE";"3943.0";"";"5881510042";"40.843820 s"
"WRITE";"3943.0";"";"5881798023";"40.845820 s"
"WRITE";"3943.0";"";"5882086004";"40.847819 s"
"WRITE";"3943.0";"";"5882373986";"40.849819 s"
"WRITE";"3943.0";"";"5882661967";"40.851819 s"
"WRITE";"3943.0";"";"5882949949";"40.853819 s"
"WRITE";"3943.0";"";"5883237930";"40.855819 s"
"WRITE";"3943.0";"";"5883525911";"40.857819 s"
"WRITE";"3943.0";"";"5883813893";"40.859819 s"
"WRITE";"3943.0";"";"5884101874";"40.861819 s"
"WRITE";"3943.0";"";"5884389856";"40.863818 s"
"WRITE";"3943.0";"";"5884677837";"40.865818 s"
"WRITE";"3943.0";"";"5884965819";"40.867818 s"
"WRITE";"3943.0";"";"5885253800";"40.869818 s"
"WRITE";"3943.0";"";"5885541781";"40.871818 s"
"WRITE";"3943.0";"";"5885829763";"40.873818 s"
"WRITE";"3943.0";"";"5886117744";"40.875818 s"
"WRITE";"3943.0";"";"5886405726";"40.877818 s"
"WRITE";"3943.0";"";"5886693707";"40.879817 s"
