WRITE,0.0,,345306,2.397958 ms
WRITE,0.0,,633288,4.397833 ms
WRITE,0.0,,921269,6.397701 ms
WRITE,0.0,,1209251,8.397576 ms
WRITE,0.0,,1497232,10.397444 ms
WRITE,0.0,,1785214,12.397319 ms
WRITE,0.0,,2073195,14.397188 ms
WRITE,0.0,,2361176,16.397056 ms
WRITE,-1.0,,2649158,18.396931 ms
WRITE,-2.0,,2937139,20.396799 ms
WRITE,-3.0,,3225121,22.396674 ms
WRITE,-3.0,,3513102,24.396542 ms
WRITE,-5.0,,3801083,26.396410 ms
WRITE,-6.0,,4089065,28.396285 ms
WRITE,-7.0,,4377046,30.396153 ms
WRITE,-9.0,,4665028,32.396028 ms
WRITE,-10.0,,4953009,34.395896 ms
WRITE,-12.0,,5240991,36.395771 ms
WRITE,-14.0,,5528972,38.395639 ms
WRITE,-15.0,,5816953,40.395507 ms
WRITE,-17.0,,6104935,42.395382 ms
WRITE,-19.0,,6392916,44.395250 ms
WRITE,-21.0,,6680898,46.395125 ms
WRITE,-24.0,,6968879,48.394993 ms
WRITE,-26.0,,7256861,50.394868 ms
WRITE,-28.0,,7544842,52.394736 ms
WRITE,-31.0,,7832823,54.394604 ms
WRITE,-34.0,,8120805,56.394479 ms
WRITE,-36.0,,8408786,58.394347 ms
WRITE,-39.0,,8696768,60.394222 ms
WRITE,-42.0,,8984749,62.394090 ms
WRITE,-45.0,,9272731,64.393965 ms
WRITE,-48.0,,9560712,66.393833 ms
WRITE,-51.0,,9848693,68.393701 ms
WRITE,-54.0,,10136675,70.393576 ms
WRITE,-58.0,,10424656,72.393444 ms
WRITE,-61.0,,10712638,74.393319 ms
WRITE,-64.0,,11000619,76.393188 ms
WRITE,-68.0,,11288600,78.393056 ms
WRITE,-72.0,,11576582,80.392931 ms
WRITE,-75.0,,11864563,82.392799 ms
WRITE,-79.0,,12152545,84.392674 ms
WRITE,-83.0,,12440526,86.392542 ms
WRITE,-87.0,,12728508,88.392417 ms
WRITE,-91.0,,13016489,90.392285 ms
WRITE,-95.0,,13304470,92.392153 ms
WRITE,-100.0,,13592452,94.392028 ms
WRITE,-104.0,,13880433,96.391896 ms
WRITE,-109.0,,14168415,98.391771 ms
WRITE,-113.0,,14456396,100.391639 ms
WRITE,-118.0,,14744378,102.391514 ms
WRITE,-122.0,,15032359,104.391382 ms
WRITE,-127.0,,15320340,106.391250 ms
WRITE,-132.0,,15608322,108.391125 ms
WRITE,-136.0,,15896303,110.390993 ms
WRITE,-141.0,,16184285,112.390868 ms
WRITE,-146.0,,16472266,114.390736 ms
WRITE,-150.0,,16760247,116.390604 ms
WRITE,-155.0,,17048229,118.390479 ms
WRITE,-160.0,,17336210,120.390347 ms
WRITE,-165.0,,17624192,122.390222 ms
WRITE,-170.0,,17912173,124.390090 ms
WRITE,-175.0,,18200155,126.389965 ms
WRITE,-179.0,,18488136,128.389833 ms
WRITE,-184.0,,18776117,130.389701 ms
WRITE,-189.0,,19064099,132.389576 ms
WRITE,-194.0,,19352080,134.389444 ms
WRITE,-199.0,,19640062,136.389319 ms
WRITE,-204.0,,19928043,138.389188 ms
WRITE,-209.0,,20216025,140.389063 ms
WRITE,-215.0,,20504006,142.388931 ms
WRITE,-220.0,,20791987,144.388799 ms
WRITE,-225.0,,21079969,146.388674 ms
WRITE,-230.0,,21367950,148.388542 ms
WRITE,-235.0,,21655932,150.388417 ms
WRITE,-240.0,,21943913,152.388285 ms
WRITE,-245.0,,22231894,154.388153 ms
WRITE,-250.0,,22519876,156.388028 ms
WRITE,-255.0,,22807857,158.387896 ms
WRITE,-260.0,,23095839,160.387771 ms
WRITE,-266.0,,23383820,162.387639 ms
WRITE,-271.0,,23671802,164.387514 ms
WRITE,-276.0,,23959783,166.387382 ms
WRITE,-281.0,,24247764,168.387250 ms
WRITE,-286.0,,24535746,170.387125 ms
WRITE,-291.0,,24823727,172.386993 ms
WRITE,-296.0,,25111709,174.386868 ms
WRITE,-301.0,,25399690,176.386736 ms
WRITE,-306.0,,25687672,178.386611 ms
WRITE,-311.0,,25975653,180.386479 ms
WRITE,-316.0,,26263634,182.386347 ms
WRITE,-321.0,,26551616,184.386222 ms
WRITE,-326.0,,26839597,186.386090 ms
WRITE,-332.0,,27127579,188.385965 ms
WRITE,-337.0,,27415560,190.385833 ms
WRITE,-342.0,,27703542,192.385708 ms
WRITE,-347.0,,27991523,194.385576 ms
WRITE,-352.0,,28279504,196.385444 ms
WRITE,-357.0,,28567486,198.385319 ms
WRITE,-363.0,,28855467,200.385188 ms
WRITE,-368.0,,29143449,202.385063 ms
WRITE,-373.0,,29431430,204.384931 ms
WRITE,-378.0,,29719411,206.384799 ms
WRITE,-383.0,,30007393,208.384674 ms
WRITE,-388.0,,30295374,210.384542 ms
WRITE,-394.0,,30583356,212.384417 ms
WRITE,-399.0,,30871337,214.384285 ms
WRITE,-404.0,,31159319,216.384160 ms
WRITE,-409.0,,31447300,218.384028 ms
WRITE,-414.0,,31735281,220.383896 ms
WRITE,-419.0,,32023263,222.383771 ms
WRITE,-424.0,,32311244,224.383639 ms
WRITE,-429.0,,32599226,226.383514 ms
WRITE,-434.0,,32887207,228.383382 ms
WRITE,-439.0,,33175189,230.383257 ms
WRITE,-445.0,,33463170,232.383125 ms
WRITE,-450.0,,33751151,234.382993 ms
WRITE,-455.0,,34039133,236.382868 ms
WRITE,-460.0,,34327114,238.382736 ms
WRITE,-466.0,,34615096,240.382611 ms
WRITE,-471.0,,34903077,242.382479 ms
WRITE,-476.0,,35191058,244.382347 ms
WRITE,-481.0,,35479040,246.382222 ms
WRITE,-486.0,,35767021,248.382090 ms
WRITE,-491.0,,36055003,250.381965 ms
WRITE,-497.0,,36342984,252.381833 ms
WRITE,-502.0,,36630966,254.381708 ms
WRITE,-507.0,,36918947,256.381576 ms
WRITE,-512.0,,37206928,258.381444 ms
WRITE,-517.0,,37494910,260.381319 ms
WRITE,-522.0,,37782891,262.381188 ms
WRITE,-527.0,,38070873,264.381063 ms
WRITE,-533.0,,38358854,266.380931 ms
WRITE,-538.0,,38646836,268.380806 ms
WRITE,-543.0,,38934817,270.380674 ms
WRITE,-548.0,,39222798,272.380542 ms
WRITE,-553.0,,39510780,274.380417 ms
WRITE,-559.0,,39798761,276.380285 ms
WRITE,-564.0,,40086743,278.380160 ms
WRITE,-569.0,,40374724,280.380028 ms
WRITE,-574.0,,40662705,282.379896 ms
WRITE,-580.0,,40950687,284.379771 ms
WRITE,-585.0,,41238668,286.379639 ms
WRITE,-590.0,,41526650,288.379514 ms
WRITE,-595.0,,41814631,290.379382 ms
WRITE,-601.0,,42102613,292.379257 ms
WRITE,-606.0,,42390594,294.379125 ms
WRITE,-611.0,,42678575,296.378993 ms
WRITE,-616.0,,42966557,298.378868 ms
WRITE,-622.0,,43254538,300.378736 ms
WRITE,-627.0,,43542520,302.378611 ms
WRITE,-632.0,,43830501,304.378479 ms
WRITE,-637.0,,44118483,306.378354 ms
WRITE,-642.0,,44406464,308.378222 ms
WRITE,-647.0,,44694445,310.378090 ms
WRITE,-652.0,,44982427,312.377965 ms
WRITE,-657.0,,45270408,314.377833 ms
WRITE,-662.0,,45558390,316.377708 ms
WRITE,-668.0,,45846371,318.377576 ms
WRITE,-673.0,,46134353,320.377451 ms
WRITE,-678.0,,46422334,322.377319 ms
WRITE,-683.0,,46710315,324.377188 ms
WRITE,-688.0,,46998297,326.377062 ms
WRITE,-694.0,,47286278,328.376931 ms
WRITE,-699.0,,47574260,330.376806 ms
WRITE,-704.0,,47862241,332.376674 ms
WRITE,-709.0,,48150222,334.376542 ms
WRITE,-715.0,,48438204,336.376417 ms
WRITE,-720.0,,48726185,338.376285 ms
WRITE,-725.0,,49014167,340.376160 ms
WRITE,-730.0,,49302148,342.376028 ms
WRITE,-735.0,,49590130,344.375903 ms
WRITE,-740.0,,49878111,346.375771 ms
WRITE,-745.0,,50166092,348.375639 ms
WRITE,-750.0,,50454074,350.375514 ms
WRITE,-754.0,,50742055,352.375382 ms
WRITE,-759.0,,51030037,354.375257 ms
WRITE,-764.0,,51318018,356.375125 ms
WRITE,-768.0,,51606000,358.375000 ms
WRITE,-773.0,,51893981,360.374868 ms
WRITE,-777.0,,52181962,362.374736 ms
WRITE,-782.0,,52469944,364.374611 ms
WRITE,-786.0,,52757925,366.374479 ms
WRITE,-790.0,,53045907,368.374354 ms
WRITE,-794.0,,53333888,370.374222 ms
WRITE,-799.0,,53621869,372.374090 ms
WRITE,-803.0,,53909851,374.373965 ms
WRITE,-807.0,,54197832,376.373833 ms
WRITE,-811.0,,54485814,378.373708 ms
WRITE,-815.0,,54773795,380.373576 ms
WRITE,-819.0,,55061777,382.373451 ms
WRITE,-822.0,,55349758,384.373319 ms
WRITE,-826.0,,55637739,386.373188 ms
WRITE,-830.0,,55925721,388.373063 ms
WRITE,-833.0,,56213702,390.372931 ms
WRITE,-837.0,,56501684,392.372806 ms
WRITE,-840.0,,56789665,394.372674 ms
WRITE,-843.0,,57077647,396.372549 ms
WRITE,-847.0,,57365628,398.372417 ms
WRITE,-850.0,,57653609,400.372285 ms
WRITE,-852.0,,57941591,402.372160 ms
WRITE,-855.0,,58229572,404.372028 ms
WRITE,-858.0,,58517554,406.371903 ms
WRITE,-861.0,,58805535,408.371771 ms
WRITE,-863.0,,59093516,410.371639 ms
WRITE,-866.0,,59381498,412.371514 ms
WRITE,-868.0,,59669479,414.371382 ms
WRITE,-870.0,,59957461,416.371257 ms
WRITE,-872.0,,60245442,418.371125 ms
WRITE,-875.0,,60533424,420.371000 ms
WRITE,-877.0,,60821405,422.370868 ms
WRITE,-879.0,,61109386,424.370736 ms
WRITE,-881.0,,61397368,426.370611 ms
WRITE,-882.0,,61685349,428.370479 ms
WRITE,-884.0,,61973331,430.370354 ms
WRITE,-886.0,,62261312,432.370222 ms
WRITE,-888.0,,62549294,434.370097 ms
WRITE,-890.0,,62837275,436.369965 ms
WRITE,-891.0,,63125256,438.369833 ms
WRITE,-893.0,,63413238,440.369708 ms
WRITE,-894.0,,63701219,442.369576 ms
WRITE,-895.0,,63989201,444.369451 ms
WRITE,-897.0,,64277182,446.369319 ms
WRITE,-898.0,,64565164,448.369194 ms
WRITE,-899.0,,64853145,450.369063 ms
WRITE,-900.0,,65141126,452.368931 ms
WRITE,-901.0,,65429108,454.368806 ms
WRITE,-902.0,,65717089,456.368674 ms
WRITE,-903.0,,66005071,458.368549 ms
WRITE,-904.0,,66293052,460.368417 ms
WRITE,-905.0,,66581033,462.368285 ms
WRITE,-906.0,,66869015,464.368160 ms
WRITE,-907.0,,67156996,466.368028 ms
WRITE,-908.0,,67444978,468.367903 ms
WRITE,-909.0,,67732959,470.367771 ms
WRITE,-910.0,,68020941,472.367646 ms
WRITE,-911.0,,68308922,474.367514 ms
WRITE,-911.0,,68596903,476.367382 ms
WRITE,-912.0,,68884885,478.367257 ms
WRITE,-913.0,,69172866,480.367125 ms
WRITE,-913.0,,69460848,482.367000 ms
WRITE,-914.0,,69748829,484.366868 ms
WRITE,-915.0,,70036811,486.366743 ms
WRITE,-915.0,,70324792,488.366611 ms
WRITE,-916.0,,70612773,490.366479 ms
WRITE,-917.0,,70900755,492.366354 ms
WRITE,-918.0,,71188736,494.366222 ms
WRITE,-918.0,,71476718,496.366097 ms
WRITE,-919.0,,71764699,498.365965 ms
WRITE,-919.0,,72055185,500.383229 ms
WRITE,-920.0,,72340660,502.365694 ms
WRITE,-920.0,,72628641,504.365562 ms
WRITE,-921.0,,72916623,506.365438 ms
WRITE,-921.0,,73204604,508.365306 ms
WRITE,-921.0,,73492586,510.365181 ms
WRITE,-921.0,,73780567,512.365049 ms
WRITE,-921.0,,74068548,514.364917 ms
WRITE,-920.0,,74356530,516.364792 ms
WRITE,-919.0,,74644511,518.364660 ms
WRITE,-917.0,,74932493,520.364535 ms
WRITE,-916.0,,75220474,522.364403 ms
WRITE,-915.0,,75508456,524.364278 ms
WRITE,-913.0,,75796437,526.364146 ms
WRITE,-911.0,,76084418,528.364014 ms
WRITE,-909.0,,76372400,530.363889 ms
WRITE,-907.0,,76660381,532.363757 ms
WRITE,-906.0,,76948363,534.363632 ms
WRITE,-904.0,,77236344,536.363500 ms
WRITE,-902.0,,77524325,538.363368 ms
WRITE,-900.0,,77812307,540.363243 ms
WRITE,-898.0,,78100288,542.363111 ms
WRITE,-896.0,,78388270,544.362986 ms
WRITE,-894.0,,78676251,546.362854 ms
WRITE,-892.0,,78964233,548.362729 ms
WRITE,-890.0,,79252214,550.362597 ms
WRITE,-888.0,,79540195,552.362465 ms
WRITE,-886.0,,79828177,554.362340 ms
WRITE,-884.0,,80116158,556.362208 ms
WRITE,-883.0,,80404140,558.362083 ms
WRITE,-881.0,,80692121,560.361951 ms
WRITE,-880.0,,80980103,562.361826 ms
WRITE,-878.0,,81268084,564.361694 ms
WRITE,-877.0,,81556065,566.361563 ms
WRITE,-875.0,,81844047,568.361438 ms
WRITE,-874.0,,82132028,570.361306 ms
WRITE,-873.0,,82420010,572.361181 ms
WRITE,-872.0,,82707991,574.361049 ms
WRITE,-870.0,,82995973,576.360924 ms
WRITE,-869.0,,83283954,578.360792 ms
WRITE,-868.0,,83571935,580.360660 ms
WRITE,-867.0,,83859917,582.360535 ms
WRITE,-866.0,,84147898,584.360403 ms
WRITE,-865.0,,84435880,586.360278 ms
WRITE,-864.0,,84723861,588.360146 ms
WRITE,-863.0,,85011842,590.360014 ms
WRITE,-863.0,,85299824,592.359889 ms
WRITE,-862.0,,85587805,594.359757 ms
WRITE,-861.0,,85875787,596.359632 ms
WRITE,-860.0,,86163768,598.359500 ms
WRITE,-859.0,,86451750,600.359375 ms
WRITE,-859.0,,86739731,602.359243 ms
WRITE,-858.0,,87027712,604.359111 ms
WRITE,-857.0,,87315694,606.358986 ms
WRITE,-856.0,,87603675,608.358854 ms
WRITE,-855.0,,87891657,610.358729 ms
WRITE,-855.0,,88179638,612.358597 ms
WRITE,-854.0,,88467620,614.358472 ms
WRITE,-853.0,,88755601,616.358340 ms
WRITE,-853.0,,89043582,618.358208 ms
WRITE,-852.0,,89331564,620.358083 ms
WRITE,-851.0,,89619545,622.357951 ms
WRITE,-851.0,,89907527,624.357826 ms
WRITE,-850.0,,90195508,626.357694 ms
WRITE,-849.0,,90483489,628.357563 ms
WRITE,-849.0,,90771471,630.357438 ms
WRITE,-848.0,,91059452,632.357306 ms
WRITE,-848.0,,91347434,634.357181 ms
WRITE,-847.0,,91635415,636.357049 ms
WRITE,-847.0,,91923397,638.356924 ms
WRITE,-846.0,,92211378,640.356792 ms
WRITE,-846.0,,92499359,642.356660 ms
WRITE,-845.0,,92787341,644.356535 ms
WRITE,-845.0,,93075322,646.356403 ms
WRITE,-844.0,,93363304,648.356278 ms
WRITE,-844.0,,93651285,650.356146 ms
WRITE,-843.0,,93939267,652.356021 ms
WRITE,-843.0,,94227248,654.355889 ms
WRITE,-843.0,,94515229,656.355757 ms
WRITE,-842.0,,94803211,658.355632 ms
WRITE,-842.0,,95091192,660.355500 ms
WRITE,-841.0,,95379174,662.355375 ms
WRITE,-841.0,,95667155,664.355243 ms
WRITE,-840.0,,95955136,666.355111 ms
WRITE,-840.0,,96243118,668.354986 ms
WRITE,-839.0,,96531099,670.354854 ms
WRITE,-839.0,,96819081,672.354729 ms
WRITE,-839.0,,97107062,674.354597 ms
WRITE,-838.0,,97395044,676.354472 ms
WRITE,-838.0,,97683025,678.354340 ms
WRITE,-837.0,,97971006,680.354208 ms
WRITE,-837.0,,98258988,682.354083 ms
WRITE,-837.0,,98546969,684.353951 ms
WRITE,-836.0,,98834951,686.353826 ms
WRITE,-836.0,,99122932,688.353694 ms
WRITE,-836.0,,99410914,690.353569 ms
WRITE,-835.0,,99698895,692.353438 ms
WRITE,-835.0,,99986876,694.353306 ms
WRITE,-835.0,,100274858,696.353181 ms
WRITE,-835.0,,100562839,698.353049 ms
WRITE,-834.0,,100850821,700.352924 ms
WRITE,-834.0,,101138802,702.352792 ms
WRITE,-834.0,,101426784,704.352667 ms
WRITE,-833.0,,101714765,706.352535 ms
WRITE,-833.0,,102002746,708.352403 ms
WRITE,-833.0,,102290728,710.352278 ms
WRITE,-832.0,,102578709,712.352146 ms
WRITE,-832.0,,102866691,714.352021 ms
WRITE,-832.0,,103154672,716.351889 ms
WRITE,-831.0,,103442653,718.351757 ms
WRITE,-831.0,,103730635,720.351632 ms
WRITE,-831.0,,104018616,722.351500 ms
WRITE,-831.0,,104306598,724.351375 ms
WRITE,-830.0,,104594579,726.351243 ms
WRITE,-830.0,,104882561,728.351118 ms
WRITE,-830.0,,105170542,730.350986 ms
WRITE,-830.0,,105458523,732.350854 ms
WRITE,-829.0,,105746505,734.350729 ms
WRITE,-829.0,,106034486,736.350597 ms
WRITE,-829.0,,106322468,738.350472 ms
WRITE,-829.0,,106610449,740.350340 ms
WRITE,-828.0,,106898431,742.350215 ms
WRITE,-828.0,,107186412,744.350083 ms
WRITE,-828.0,,107474393,746.349951 ms
WRITE,-828.0,,107762375,748.349826 ms
WRITE,-827.0,,108050356,750.349694 ms
WRITE,-827.0,,108338338,752.349569 ms
WRITE,-827.0,,108626319,754.349438 ms
WRITE,-827.0,,108914300,756.349306 ms
WRITE,-827.0,,109202282,758.349181 ms
WRITE,-827.0,,109490263,760.349049 ms
WRITE,-827.0,,109778245,762.348924 ms
WRITE,-827.0,,110066226,764.348792 ms
WRITE,-827.0,,110354208,766.348667 ms
WRITE,-827.0,,110642189,768.348535 ms
WRITE,-827.0,,110930170,770.348403 ms
WRITE,-827.0,,111218152,772.348278 ms
WRITE,-827.0,,111506133,774.348146 ms
WRITE,-827.0,,111794115,776.348021 ms
WRITE,-827.0,,112082096,778.347889 ms
WRITE,-827.0,,112370078,780.347764 ms
WRITE,-827.0,,112658059,782.347632 ms
WRITE,-827.0,,112946040,784.347500 ms
WRITE,-827.0,,113234022,786.347375 ms
WRITE,-827.0,,113522003,788.347243 ms
WRITE,-827.0,,113809985,790.347118 ms
WRITE,-827.0,,114097966,792.346986 ms
WRITE,-827.0,,114385947,794.346854 ms
WRITE,-827.0,,114673929,796.346729 ms
WRITE,-827.0,,114961910,798.346597 ms
WRITE,-827.0,,115249892,800.346472 ms
WRITE,-827.0,,115537873,802.346340 ms
WRITE,-827.0,,115825855,804.346215 ms
WRITE,-827.0,,116113836,806.346083 ms
WRITE,-827.0,,116401817,808.345951 ms
WRITE,-827.0,,116689799,810.345826 ms
WRITE,-827.0,,116977780,812.345694 ms
WRITE,-827.0,,117265762,814.345569 ms
WRITE,-827.0,,117553743,816.345438 ms
WRITE,-827.0,,117841725,818.345313 ms
WRITE,-827.0,,118129706,820.345181 ms
WRITE,-827.0,,118417687,822.345049 ms
WRITE,-827.0,,118705669,824.344924 ms
WRITE,-827.0,,118993650,826.344792 ms
WRITE,-827.0,,119281632,828.344667 ms
WRITE,-827.0,,119569613,830.344535 ms
WRITE,-827.0,,119857595,832.344410 ms
WRITE,-827.0,,120145576,834.344278 ms
WRITE,-827.0,,120433557,836.344146 ms
WRITE,-827.0,,120721539,838.344021 ms
WRITE,-827.0,,121009520,840.343889 ms
WRITE,-827.0,,121297502,842.343764 ms
WRITE,-827.0,,121585483,844.343632 ms
WRITE,-827.0,,121873464,846.343500 ms
WRITE,-827.0,,122161446,848.343375 ms
WRITE,-827.0,,122449427,850.343243 ms
WRITE,-827.0,,122737409,852.343118 ms
WRITE,-827.0,,123025390,854.342986 ms
WRITE,-827.0,,123313372,856.342861 ms
WRITE,-827.0,,123601353,858.342729 ms
WRITE,-827.0,,123889334,860.342597 ms
WRITE,-827.0,,124177316,862.342472 ms
WRITE,-827.0,,124465297,864.342340 ms
WRITE,-827.0,,124753279,866.342215 ms
WRITE,-827.0,,125041260,868.342083 ms
WRITE,-827.0,,125329242,870.341958 ms
WRITE,-827.0,,125617223,872.341826 ms
WRITE,-827.0,,125905204,874.341694 ms
WRITE,-827.0,,126193186,876.341569 ms
WRITE,-827.0,,126481167,878.341438 ms
WRITE,-827.0,,126769149,880.341313 ms
WRITE,-827.0,,127057130,882.341181 ms
WRITE,-827.0,,127345111,884.341049 ms
WRITE,-827.0,,127633093,886.340924 ms
WRITE,-827.0,,127921074,888.340792 ms
WRITE,-827.0,,128209056,890.340667 ms
WRITE,-827.0,,128497037,892.340535 ms
WRITE,-827.0,,128785019,894.340410 ms
WRITE,-827.0,,129073000,896.340278 ms
WRITE,-827.0,,129360981,898.340146 ms
WRITE,-827.0,,129648963,900.340021 ms
WRITE,-827.0,,129936944,902.339889 ms
WRITE,-827.0,,130224926,904.339764 ms
WRITE,-827.0,,130512907,906.339632 ms
WRITE,-827.0,,130800889,908.339507 ms
WRITE,-827.0,,131088870,910.339375 ms
WRITE,-827.0,,131376851,912.339243 ms
WRITE,-827.0,,131664833,914.339118 ms
WRITE,-827.0,,131952814,916.338986 ms
WRITE,-827.0,,132240796,918.338861 ms
WRITE,-827.0,,132528777,920.338729 ms
WRITE,-827.0,,132816758,922.338597 ms
WRITE,-827.0,,133104740,924.338472 ms
WRITE,-827.0,,133392721,926.338340 ms
WRITE,-827.0,,133680703,928.338215 ms
WRITE,-827.0,,133968684,930.338083 ms
WRITE,-827.0,,134256666,932.337958 ms
WRITE,-827.0,,134544647,934.337826 ms
WRITE,-827.0,,134832628,936.337694 ms
WRITE,-827.0,,135120610,938.337569 ms
WRITE,-827.0,,135408591,940.337438 ms
WRITE,-827.0,,135696573,942.337312 ms
WRITE,-827.0,,135984554,944.337181 ms
WRITE,-827.0,,136272536,946.337056 ms
WRITE,-827.0,,136560517,948.336924 ms
WRITE,-827.0,,136848498,950.336792 ms
WRITE,-827.0,,137136480,952.336667 ms
WRITE,-827.0,,137424461,954.336535 ms
WRITE,-827.0,,137712443,956.336410 ms
WRITE,-827.0,,138000424,958.336278 ms
WRITE,-827.0,,138288406,960.336153 ms
WRITE,-827.0,,138576387,962.336021 ms
WRITE,-827.0,,138864368,964.335889 ms
WRITE,-827.0,,139152350,966.335764 ms
WRITE,-827.0,,139440331,968.335632 ms
WRITE,-827.0,,139728313,970.335507 ms
WRITE,-827.0,,140016294,972.335375 ms
WRITE,-827.0,,140304275,974.335243 ms
WRITE,-827.0,,140592257,976.335118 ms
WRITE,-827.0,,140880238,978.334986 ms
WRITE,-827.0,,141168220,980.334861 ms
WRITE,-827.0,,141456201,982.334729 ms
WRITE,-827.0,,141744183,984.334604 ms
WRITE,-827.0,,142032164,986.334472 ms
WRITE,-827.0,,142320145,988.334340 ms
WRITE,-827.0,,142608127,990.334215 ms
WRITE,-827.0,,142896108,992.334083 ms
WRITE,-827.0,,143184090,994.333958 ms
WRITE,-827.0,,143472071,996.333826 ms
WRITE,-827.0,,143760053,998.333701 ms
WRITE,-827.0,,144050656,1.000352
WRITE,-827.0,,144336011,1.002333
WRITE,-827.0,,144623993,1.004333
WRITE,-827.0,,144911974,1.006333
WRITE,-827.0,,145199956,1.008333
WRITE,-827.0,,145487937,1.010333
WRITE,-827.0,,145775918,1.012333
WRITE,-826.0,,146063900,1.014333
WRITE,-825.0,,146351881,1.016333
WRITE,-824.0,,146639863,1.018332
WRITE,-823.0,,146927844,1.020332
WRITE,-821.0,,147215826,1.022332
WRITE,-819.0,,147503807,1.024332
WRITE,-817.0,,147791788,1.026332
WRITE,-815.0,,148079770,1.028332
WRITE,-814.0,,148367751,1.030332
WRITE,-811.0,,148655733,1.032331
WRITE,-809.0,,148943714,1.034331
WRITE,-807.0,,149231696,1.036331
WRITE,-805.0,,149519677,1.038331
WRITE,-803.0,,149807658,1.040331
WRITE,-800.0,,150095640,1.042331
WRITE,-798.0,,150383621,1.044331
WRITE,-796.0,,150671603,1.046331
WRITE,-794.0,,150959584,1.048330
WRITE,-792.0,,151247565,1.050330
WRITE,-790.0,,151535547,1.052330
WRITE,-788.0,,151823528,1.054330
WRITE,-786.0,,152111510,1.056330
WRITE,-784.0,,152399491,1.058330
WRITE,-783.0,,152687473,1.060330
WRITE,-781.0,,152975454,1.062330
WRITE,-779.0,,153263435,1.064329
WRITE,-778.0,,153551417,1.066329
WRITE,-776.0,,153839398,1.068329
WRITE,-775.0,,154127380,1.070329
WRITE,-774.0,,154415361,1.072329
WRITE,-772.0,,154703343,1.074329
WRITE,-771.0,,154991324,1.076329
WRITE,-770.0,,155279305,1.078329
WRITE,-768.0,,155567287,1.080328
WRITE,-767.0,,155855268,1.082328
WRITE,-766.0,,156143250,1.084328
WRITE,-765.0,,156431231,1.086328
WRITE,-764.0,,156719213,1.088328
WRITE,-763.0,,157007194,1.090328
WRITE,-762.0,,157295175,1.092328
WRITE,-761.0,,157583157,1.094327
WRITE,-760.0,,157871138,1.096327
WRITE,-759.0,,158159120,1.098327
WRITE,-758.0,,158447101,1.100327
WRITE,-757.0,,158735082,1.102327
WRITE,-756.0,,159023064,1.104327
WRITE,-755.0,,159311045,1.106327
WRITE,-754.0,,159599027,1.108327
WRITE,-753.0,,159887008,1.110326
WRITE,-752.0,,160174990,1.112326
WRITE,-751.0,,160462971,1.114326
WRITE,-750.0,,160750952,1.116326
WRITE,-749.0,,161038934,1.118326
WRITE,-748.0,,161326915,1.120326
WRITE,-748.0,,161614897,1.122326
WRITE,-747.0,,161902878,1.124326
WRITE,-746.0,,162190860,1.126325
WRITE,-745.0,,162478841,1.128325
WRITE,-745.0,,162766822,1.130325
WRITE,-744.0,,163054804,1.132325
WRITE,-744.0,,163342785,1.134325
WRITE,-743.0,,163630767,1.136325
WRITE,-743.0,,163918748,1.138325
WRITE,-742.0,,164206729,1.140325
WRITE,-742.0,,164494711,1.142324
WRITE,-741.0,,164782692,1.144324
WRITE,-741.0,,165070674,1.146324
WRITE,-740.0,,165358655,1.148324
WRITE,-740.0,,165646637,1.150324
WRITE,-739.0,,165934618,1.152324
WRITE,-739.0,,166222599,1.154324
WRITE,-739.0,,166510581,1.156323
WRITE,-738.0,,166798562,1.158323
WRITE,-738.0,,167086544,1.160323
WRITE,-737.0,,167374525,1.162323
WRITE,-737.0,,167662507,1.164323
WRITE,-736.0,,167950488,1.166323
WRITE,-736.0,,168238469,1.168323
WRITE,-735.0,,168526451,1.170323
WRITE,-735.0,,168814432,1.172322
WRITE,-734.0,,169102414,1.174322
WRITE,-734.0,,169390395,1.176322
WRITE,-733.0,,169678376,1.178322
WRITE,-733.0,,169966358,1.180322
WRITE,-732.0,,170254339,1.182322
WRITE,-731.0,,170542321,1.184322
WRITE,-731.0,,170830302,1.186322
WRITE,-730.0,,171118284,1.188321
WRITE,-730.0,,171406265,1.190321
WRITE,-729.0,,171694246,1.192321
WRITE,-729.0,,171982228,1.194321
WRITE,-728.0,,172270209,1.196321
WRITE,-728.0,,172558191,1.198321
WRITE,-727.0,,172846172,1.200321
WRITE,-727.0,,173134154,1.202321
WRITE,-726.0,,173422135,1.204320
WRITE,-726.0,,173710116,1.206320
WRITE,-726.0,,173998098,1.208320
WRITE,-725.0,,174286079,1.210320
WRITE,-725.0,,174574061,1.212320
WRITE,-724.0,,174862042,1.214320
WRITE,-724.0,,175150024,1.216320
WRITE,-724.0,,175438005,1.218319
WRITE,-724.0,,175725986,1.220319
WRITE,-723.0,,176013968,1.222319
WRITE,-723.0,,176301949,1.224319
WRITE,-723.0,,176589931,1.226319
WRITE,-723.0,,176877912,1.228319
WRITE,-722.0,,177165893,1.230319
WRITE,-722.0,,177453875,1.232319
WRITE,-722.0,,177741856,1.234318
WRITE,-722.0,,178029838,1.236318
WRITE,-722.0,,178317819,1.238318
WRITE,-721.0,,178605801,1.240318
WRITE,-721.0,,178893782,1.242318
WRITE,-721.0,,179181763,1.244318
WRITE,-721.0,,179469745,1.246318
WRITE,-721.0,,179757726,1.248318
WRITE,-720.0,,180045708,1.250317
WRITE,-720.0,,180333689,1.252317
WRITE,-720.0,,180621671,1.254317
WRITE,-720.0,,180909652,1.256317
WRITE,-720.0,,181197633,1.258317
WRITE,-720.0,,181485615,1.260317
WRITE,-720.0,,181773596,1.262317
WRITE,-720.0,,182061578,1.264317
WRITE,-720.0,,182349559,1.266316
WRITE,-720.0,,182637540,1.268316
WRITE,-720.0,,182925522,1.270316
WRITE,-720.0,,183213503,1.272316
WRITE,-719.0,,183501485,1.274316
WRITE,-719.0,,183789466,1.276316
WRITE,-719.0,,184077448,1.278316
WRITE,-719.0,,184365429,1.280315
WRITE,-719.0,,184653410,1.282315
WRITE,-719.0,,184941392,1.284315
WRITE,-719.0,,185229373,1.286315
WRITE,-719.0,,185517355,1.288315
WRITE,-719.0,,185805336,1.290315
WRITE,-719.0,,186093318,1.292315
WRITE,-719.0,,186381299,1.294315
WRITE,-719.0,,186669280,1.296314
WRITE,-719.0,,186957262,1.298314
WRITE,-719.0,,187245243,1.300314
WRITE,-719.0,,187533225,1.302314
WRITE,-719.0,,187821206,1.304314
WRITE,-719.0,,188109187,1.306314
WRITE,-719.0,,188397169,1.308314
WRITE,-719.0,,188685150,1.310314
WRITE,-719.0,,188973132,1.312313
WRITE,-719.0,,189261113,1.314313
WRITE,-719.0,,189549095,1.316313
WRITE,-719.0,,189837076,1.318313
WRITE,-719.0,,190125057,1.320313
WRITE,-719.0,,190413039,1.322313
WRITE,-719.0,,190701020,1.324313
WRITE,-719.0,,190989002,1.326313
WRITE,-719.0,,191276983,1.328312
WRITE,-719.0,,191564965,1.330312
WRITE,-719.0,,191852946,1.332312
WRITE,-719.0,,192140927,1.334312
WRITE,-719.0,,192428909,1.336312
WRITE,-719.0,,192716890,1.338312
WRITE,-719.0,,193004872,1.340312
WRITE,-719.0,,193292853,1.342311
WRITE,-719.0,,193580835,1.344311
WRITE,-719.0,,193868816,1.346311
WRITE,-719.0,,194156797,1.348311
WRITE,-719.0,,194444779,1.350311
WRITE,-719.0,,194732760,1.352311
WRITE,-719.0,,195020742,1.354311
WRITE,-719.0,,195308723,1.356311
WRITE,-719.0,,195596704,1.358310
WRITE,-719.0,,195884686,1.360310
WRITE,-719.0,,196172667,1.362310
WRITE,-719.0,,196460649,1.364310
WRITE,-719.0,,196748630,1.366310
WRITE,-719.0,,197036612,1.368310
WRITE,-719.0,,197324593,1.370310
WRITE,-719.0,,197612574,1.372310
WRITE,-719.0,,197900556,1.374309
WRITE,-719.0,,198188537,1.376309
WRITE,-719.0,,198476519,1.378309
WRITE,-719.0,,198764500,1.380309
WRITE,-719.0,,199052482,1.382309
WRITE,-719.0,,199340463,1.384309
WRITE,-719.0,,199628444,1.386309
WRITE,-719.0,,199916426,1.388309
WRITE,-719.0,,200204407,1.390308
WRITE,-719.0,,200492389,1.392308
WRITE,-719.0,,200780370,1.394308
WRITE,-719.0,,201068351,1.396308
WRITE,-719.0,,201356333,1.398308
WRITE,-719.0,,201644314,1.400308
WRITE,-719.0,,201932296,1.402308
WRITE,-719.0,,202220277,1.404307
WRITE,-719.0,,202508259,1.406307
WRITE,-719.0,,202796240,1.408307
WRITE,-719.0,,203084221,1.410307
WRITE,-719.0,,203372203,1.412307
WRITE,-719.0,,203660184,1.414307
WRITE,-719.0,,203948166,1.416307
WRITE,-719.0,,204236147,1.418307
WRITE,-719.0,,204524129,1.420306
WRITE,-719.0,,204812110,1.422306
WRITE,-719.0,,205100091,1.424306
WRITE,-719.0,,205388073,1.426306
WRITE,-719.0,,205676054,1.428306
WRITE,-719.0,,205964036,1.430306
WRITE,-719.0,,206252017,1.432306
WRITE,-719.0,,206539998,1.434306
WRITE,-719.0,,206827980,1.436305
WRITE,-719.0,,207115961,1.438305
WRITE,-719.0,,207403943,1.440305
WRITE,-719.0,,207691924,1.442305
WRITE,-719.0,,207979906,1.444305
WRITE,-719.0,,208267887,1.446305
WRITE,-719.0,,208555868,1.448305
WRITE,-719.0,,208843850,1.450305
WRITE,-719.0,,209131831,1.452304
WRITE,-719.0,,209419813,1.454304
WRITE,-719.0,,209707794,1.456304
WRITE,-719.0,,209995776,1.458304
WRITE,-719.0,,210283757,1.460304
WRITE,-719.0,,210571738,1.462304
WRITE,-719.0,,210859720,1.464304
WRITE,-719.0,,211147701,1.466303
WRITE,-719.0,,211435683,1.468303
WRITE,-719.0,,211723664,1.470303
WRITE,-719.0,,212011646,1.472303
WRITE,-719.0,,212299627,1.474303
WRITE,-719.0,,212587608,1.476303
WRITE,-719.0,,212875590,1.478303
WRITE,-719.0,,213163571,1.480303
WRITE,-719.0,,213451553,1.482302
WRITE,-719.0,,213739534,1.484302
WRITE,-719.0,,214027515,1.486302
WRITE,-719.0,,214315497,1.488302
WRITE,-719.0,,214603478,1.490302
WRITE,-719.0,,214891460,1.492302
WRITE,-719.0,,215179441,1.494302
WRITE,-719.0,,215467423,1.496302
WRITE,-719.0,,215755404,1.498301
WRITE,-719.0,,216046008,1.500320
WRITE,-719.0,,216331364,1.502301
WRITE,-719.0,,216619345,1.504301
WRITE,-719.0,,216907327,1.506301
WRITE,-719.0,,217195308,1.508301
WRITE,-719.0,,217483290,1.510301
WRITE,-718.0,,217771271,1.512300
WRITE,-717.0,,218059252,1.514300
WRITE,-716.0,,218347234,1.516300
WRITE,-715.0,,218635215,1.518300
WRITE,-713.0,,218923197,1.520300
WRITE,-711.0,,219211178,1.522300
WRITE,-710.0,,219499159,1.524300
WRITE,-708.0,,219787141,1.526300
WRITE,-706.0,,220075122,1.528299
WRITE,-704.0,,220363104,1.530299
WRITE,-701.0,,220651085,1.532299
WRITE,-699.0,,220939067,1.534299
WRITE,-697.0,,221227048,1.536299
WRITE,-695.0,,221515029,1.538299
WRITE,-692.0,,221803011,1.540299
WRITE,-690.0,,222090992,1.542299
WRITE,-688.0,,222378974,1.544298
WRITE,-686.0,,222666955,1.546298
WRITE,-684.0,,222954937,1.548298
WRITE,-682.0,,223242918,1.550298
WRITE,-680.0,,223530899,1.552298
WRITE,-679.0,,223818881,1.554298
WRITE,-677.0,,224106862,1.556298
WRITE,-675.0,,224394844,1.558298
WRITE,-673.0,,224682825,1.560297
WRITE,-672.0,,224970806,1.562297
WRITE,-670.0,,225258788,1.564297
WRITE,-669.0,,225546769,1.566297
WRITE,-667.0,,225834751,1.568297
WRITE,-666.0,,226122732,1.570297
WRITE,-665.0,,226410714,1.572297
WRITE,-664.0,,226698695,1.574296
WRITE,-662.0,,226986676,1.576296
WRITE,-661.0,,227274658,1.578296
WRITE,-660.0,,227562639,1.580296
WRITE,-659.0,,227850621,1.582296
WRITE,-658.0,,228138602,1.584296
WRITE,-657.0,,228426584,1.586296
WRITE,-656.0,,228714565,1.588296
WRITE,-655.0,,229002546,1.590295
WRITE,-654.0,,229290528,1.592295
WRITE,-653.0,,229578509,1.594295
WRITE,-652.0,,229866491,1.596295
WRITE,-651.0,,230154472,1.598295
WRITE,-651.0,,230442454,1.600295
WRITE,-650.0,,230730435,1.602295
WRITE,-649.0,,231018416,1.604295
WRITE,-648.0,,231306398,1.606294
WRITE,-647.0,,231594379,1.608294
WRITE,-647.0,,231882361,1.610294
WRITE,-646.0,,232170342,1.612294
WRITE,-645.0,,232458323,1.614294
WRITE,-644.0,,232746305,1.616294
WRITE,-644.0,,233034286,1.618294
WRITE,-643.0,,233322268,1.620294
WRITE,-643.0,,233610249,1.622293
WRITE,-642.0,,233898231,1.624293
WRITE,-642.0,,234186212,1.626293
WRITE,-641.0,,234474193,1.628293
WRITE,-641.0,,234762175,1.630293
WRITE,-640.0,,235050156,1.632293
WRITE,-640.0,,235338138,1.634293
WRITE,-639.0,,235626119,1.636292
WRITE,-639.0,,235914101,1.638292
WRITE,-638.0,,236202082,1.640292
WRITE,-638.0,,236490063,1.642292
WRITE,-637.0,,236778045,1.644292
WRITE,-637.0,,237066026,1.646292
WRITE,-636.0,,237354008,1.648292
WRITE,-636.0,,237641989,1.650292
WRITE,-635.0,,237929970,1.652291
WRITE,-635.0,,238217952,1.654291
WRITE,-635.0,,238505933,1.656291
WRITE,-634.0,,238793915,1.658291
WRITE,-634.0,,239081896,1.660291
WRITE,-634.0,,239369878,1.662291
WRITE,-633.0,,239657859,1.664291
WRITE,-633.0,,239945840,1.666291
WRITE,-633.0,,240233822,1.668290
WRITE,-632.0,,240521803,1.670290
WRITE,-632.0,,240809785,1.672290
WRITE,-632.0,,241097766,1.674290
WRITE,-631.0,,241385748,1.676290
WRITE,-631.0,,241673729,1.678290
WRITE,-631.0,,241961710,1.680290
WRITE,-630.0,,242249692,1.682290
WRITE,-630.0,,242537673,1.684289
WRITE,-629.0,,242825655,1.686289
WRITE,-629.0,,243113636,1.688289
WRITE,-629.0,,243401617,1.690289
WRITE,-628.0,,243689599,1.692289
WRITE,-628.0,,243977580,1.694289
WRITE,-628.0,,244265562,1.696289
WRITE,-627.0,,244553543,1.698288
WRITE,-627.0,,244841525,1.700288
WRITE,-627.0,,245129506,1.702288
WRITE,-626.0,,245417487,1.704288
WRITE,-626.0,,245705469,1.706288
WRITE,-626.0,,245993450,1.708288
WRITE,-626.0,,246281432,1.710288
WRITE,-626.0,,246569413,1.712288
WRITE,-625.0,,246857395,1.714287
WRITE,-625.0,,247145376,1.716287
WRITE,-625.0,,247433357,1.718287
WRITE,-625.0,,247721339,1.720287
WRITE,-625.0,,248009320,1.722287
WRITE,-624.0,,248297302,1.724287
WRITE,-624.0,,248585283,1.726287
WRITE,-624.0,,248873265,1.728287
WRITE,-624.0,,249161246,1.730286
WRITE,-623.0,,249449227,1.732286
WRITE,-623.0,,249737209,1.734286
WRITE,-623.0,,250025190,1.736286
WRITE,-623.0,,250313172,1.738286
WRITE,-623.0,,250601153,1.740286
WRITE,-622.0,,250889134,1.742286
WRITE,-622.0,,251177116,1.744286
WRITE,-622.0,,251465097,1.746285
WRITE,-622.0,,251753079,1.748285
WRITE,-622.0,,252041060,1.750285
WRITE,-621.0,,252329042,1.752285
WRITE,-621.0,,252617023,1.754285
WRITE,-621.0,,252905004,1.756285
WRITE,-621.0,,253192986,1.758285
WRITE,-621.0,,253480967,1.760284
WRITE,-621.0,,253768949,1.762284
WRITE,-620.0,,254056930,1.764284
WRITE,-620.0,,254344912,1.766284
WRITE,-620.0,,254632893,1.768284
WRITE,-620.0,,254920874,1.770284
WRITE,-620.0,,255208856,1.772284
WRITE,-620.0,,255496837,1.774284
WRITE,-620.0,,255784819,1.776283
WRITE,-620.0,,256072800,1.778283
WRITE,-620.0,,256360781,1.780283
WRITE,-620.0,,256648763,1.782283
WRITE,-620.0,,256936744,1.784283
WRITE,-620.0,,257224726,1.786283
WRITE,-620.0,,257512707,1.788283
WRITE,-620.0,,257800689,1.790283
WRITE,-620.0,,258088670,1.792282
WRITE,-620.0,,258376651,1.794282
WRITE,-620.0,,258664633,1.796282
WRITE,-620.0,,258952614,1.798282
WRITE,-620.0,,259240596,1.800282
WRITE,-620.0,,259528577,1.802282
WRITE,-620.0,,259816559,1.804282
WRITE,-620.0,,260104540,1.806282
WRITE,-620.0,,260392521,1.808281
WRITE,-620.0,,260680503,1.810281
WRITE,-620.0,,260968484,1.812281
WRITE,-620.0,,261256466,1.814281
WRITE,-620.0,,261544447,1.816281
WRITE,-620.0,,261832428,1.818281
WRITE,-620.0,,262120410,1.820281
WRITE,-620.0,,262408391,1.822280
WRITE,-620.0,,262696373,1.824280
WRITE,-620.0,,262984354,1.826280
WRITE,-620.0,,263272336,1.828280
WRITE,-620.0,,263560317,1.830280
WRITE,-620.0,,263848298,1.832280
WRITE,-620.0,,264136280,1.834280
WRITE,-620.0,,264424261,1.836280
WRITE,-620.0,,264712243,1.838279
WRITE,-620.0,,265000224,1.840279
WRITE,-620.0,,265288206,1.842279
WRITE,-620.0,,265576187,1.844279
WRITE,-620.0,,265864168,1.846279
WRITE,-620.0,,266152150,1.848279
WRITE,-620.0,,266440131,1.850279
WRITE,-620.0,,266728113,1.852279
WRITE,-620.0,,267016094,1.854278
WRITE,-620.0,,267304076,1.856278
WRITE,-620.0,,267592057,1.858278
WRITE,-620.0,,267880038,1.860278
WRITE,-620.0,,268168020,1.862278
WRITE,-620.0,,268456001,1.864278
WRITE,-620.0,,268743983,1.866278
WRITE,-620.0,,269031964,1.868278
WRITE,-620.0,,269319945,1.870277
WRITE,-620.0,,269607927,1.872277
WRITE,-620.0,,269895908,1.874277
WRITE,-620.0,,270183890,1.876277
WRITE,-620.0,,270471871,1.878277
WRITE,-620.0,,270759853,1.880277
WRITE,-620.0,,271047834,1.882277
WRITE,-620.0,,271335815,1.884276
WRITE,-620.0,,271623797,1.886276
WRITE,-620.0,,271911778,1.888276
WRITE,-620.0,,272199760,1.890276
WRITE,-620.0,,272487741,1.892276
WRITE,-620.0,,272775723,1.894276
WRITE,-620.0,,273063704,1.896276
WRITE,-620.0,,273351685,1.898276
WRITE,-620.0,,273639667,1.900275
WRITE,-620.0,,273927648,1.902275
WRITE,-620.0,,274215630,1.904275
WRITE,-620.0,,274503611,1.906275
WRITE,-620.0,,274791592,1.908275
WRITE,-620.0,,275079574,1.910275
WRITE,-620.0,,275367555,1.912275
WRITE,-620.0,,275655537,1.914275
WRITE,-620.0,,275943518,1.916274
WRITE,-620.0,,276231500,1.918274
WRITE,-620.0,,276519481,1.920274
WRITE,-620.0,,276807462,1.922274
WRITE,-620.0,,277095444,1.924274
WRITE,-620.0,,277383425,1.926274
WRITE,-620.0,,277671407,1.928274
WRITE,-620.0,,277959388,1.930274
WRITE,-620.0,,278247370,1.932273
WRITE,-620.0,,278535351,1.934273
WRITE,-620.0,,278823332,1.936273
WRITE,-620.0,,279111314,1.938273
WRITE,-620.0,,279399295,1.940273
WRITE,-620.0,,279687277,1.942273
WRITE,-620.0,,279975258,1.944273
WRITE,-620.0,,280263239,1.946272
WRITE,-620.0,,280551221,1.948272
WRITE,-620.0,,280839202,1.950272
WRITE,-620.0,,281127184,1.952272
WRITE,-620.0,,281415165,1.954272
WRITE,-620.0,,281703147,1.956272
WRITE,-620.0,,281991128,1.958272
WRITE,-620.0,,282279109,1.960272
WRITE,-620.0,,282567091,1.962271
WRITE,-620.0,,282855072,1.964271
WRITE,-620.0,,283143054,1.966271
WRITE,-620.0,,283431035,1.968271
WRITE,-620.0,,283719017,1.970271
WRITE,-620.0,,284006998,1.972271
WRITE,-620.0,,284294979,1.974271
WRITE,-620.0,,284582961,1.976271
WRITE,-620.0,,284870942,1.978270
WRITE,-620.0,,285158924,1.980270
WRITE,-620.0,,285446905,1.982270
WRITE,-620.0,,285734887,1.984270
WRITE,-620.0,,286022868,1.986270
WRITE,-620.0,,286310849,1.988270
WRITE,-620.0,,286598831,1.990270
WRITE,-620.0,,286886812,1.992270
WRITE,-620.0,,287174794,1.994269
WRITE,-620.0,,287462775,1.996269
WRITE,-620.0,,287750756,1.998269
WRITE,-620.0,,288041347,2.000287
WRITE,-620.0,,288326715,2.002269
WRITE,-620.0,,288614697,2.004269
WRITE,-620.0,,288902678,2.006269
WRITE,-620.0,,289190660,2.008268
WRITE,-620.0,,289478641,2.010268
WRITE,-620.0,,289766622,2.012268
WRITE,-620.0,,290054604,2.014268
WRITE,-619.0,,290342585,2.016268
WRITE,-618.0,,290630567,2.018268
WRITE,-616.0,,290918548,2.020268
WRITE,-615.0,,291206530,2.022268
WRITE,-613.0,,291494511,2.024267
WRITE,-612.0,,291782492,2.026267
WRITE,-610.0,,292070474,2.028267
WRITE,-608.0,,292358455,2.030267
WRITE,-606.0,,292646437,2.032267
WRITE,-604.0,,292934418,2.034267
WRITE,-601.0,,293222399,2.036267
WRITE,-599.0,,293510381,2.038267
WRITE,-597.0,,293798362,2.040266
WRITE,-595.0,,294086344,2.042266
WRITE,-592.0,,294374325,2.044266
WRITE,-590.0,,294662307,2.046266
WRITE,-588.0,,294950288,2.048266
WRITE,-586.0,,295238269,2.050266
WRITE,-584.0,,295526251,2.052266
WRITE,-582.0,,295814232,2.054266
WRITE,-580.0,,296102214,2.056265
WRITE,-579.0,,296390195,2.058265
WRITE,-577.0,,296678177,2.060265
WRITE,-575.0,,296966158,2.062265
WRITE,-574.0,,297254139,2.064265
WRITE,-572.0,,297542121,2.066265
WRITE,-571.0,,297830102,2.068265
WRITE,-569.0,,298118084,2.070264
WRITE,-568.0,,298406065,2.072264
WRITE,-567.0,,298694046,2.074264
WRITE,-565.0,,298982028,2.076264
WRITE,-564.0,,299270009,2.078264
WRITE,-563.0,,299557991,2.080264
WRITE,-562.0,,299845972,2.082264
WRITE,-560.0,,300133954,2.084264
WRITE,-559.0,,300421935,2.086263
WRITE,-558.0,,300709916,2.088263
WRITE,-557.0,,300997898,2.090263
WRITE,-556.0,,301285879,2.092263
WRITE,-555.0,,301573861,2.094263
WRITE,-554.0,,301861842,2.096263
WRITE,-553.0,,302149824,2.098263
WRITE,-552.0,,302437805,2.100263
WRITE,-551.0,,302725786,2.102262
WRITE,-550.0,,303013768,2.104262
WRITE,-550.0,,303301749,2.106262
WRITE,-549.0,,303589731,2.108262
WRITE,-548.0,,303877712,2.110262
WRITE,-547.0,,304165694,2.112262
WRITE,-546.0,,304453675,2.114262
WRITE,-546.0,,304741656,2.116262
WRITE,-545.0,,305029638,2.118261
WRITE,-544.0,,305317619,2.120261
WRITE,-544.0,,305605601,2.122261
WRITE,-543.0,,305893582,2.124261
WRITE,-542.0,,306181563,2.126261
WRITE,-542.0,,306469545,2.128261
WRITE,-541.0,,306757526,2.130261
WRITE,-541.0,,307045508,2.132260
WRITE,-540.0,,307333489,2.134260
WRITE,-539.0,,307621471,2.136260
WRITE,-539.0,,307909452,2.138260
WRITE,-538.0,,308197433,2.140260
WRITE,-538.0,,308485415,2.142260
WRITE,-537.0,,308773396,2.144260
WRITE,-536.0,,309061378,2.146260
WRITE,-536.0,,309349359,2.148259
WRITE,-535.0,,309637341,2.150259
WRITE,-535.0,,309925322,2.152259
WRITE,-534.0,,310213303,2.154259
WRITE,-534.0,,310501285,2.156259
WRITE,-533.0,,310789266,2.158259
WRITE,-533.0,,311077248,2.160259
WRITE,-532.0,,311365229,2.162259
WRITE,-532.0,,311653210,2.164258
WRITE,-531.0,,311941192,2.166258
WRITE,-531.0,,312229173,2.168258
WRITE,-530.0,,312517155,2.170258
WRITE,-530.0,,312805136,2.172258
WRITE,-530.0,,313093118,2.174258
WRITE,-529.0,,313381099,2.176258
WRITE,-529.0,,313669080,2.178258
WRITE,-528.0,,313957062,2.180257
WRITE,-528.0,,314245043,2.182257
WRITE,-528.0,,314533025,2.184257
WRITE,-527.0,,314821006,2.186257
WRITE,-527.0,,315108988,2.188257
WRITE,-526.0,,315396969,2.190257
WRITE,-526.0,,315684950,2.192257
WRITE,-526.0,,315972932,2.194256
WRITE,-525.0,,316260913,2.196256
WRITE,-525.0,,316548895,2.198256
WRITE,-524.0,,316836876,2.200256
WRITE,-524.0,,317124857,2.202256
WRITE,-523.0,,317412839,2.204256
WRITE,-523.0,,317700820,2.206256
WRITE,-523.0,,317988802,2.208256
WRITE,-522.0,,318276783,2.210255
WRITE,-522.0,,318564765,2.212255
WRITE,-522.0,,318852746,2.214255
WRITE,-521.0,,319140727,2.216255
WRITE,-521.0,,319428709,2.218255
WRITE,-521.0,,319716690,2.220255
WRITE,-520.0,,320004672,2.222255
WRITE,-520.0,,320292653,2.224255
WRITE,-520.0,,320580635,2.226254
WRITE,-520.0,,320868616,2.228254
WRITE,-519.0,,321156597,2.230254
WRITE,-519.0,,321444579,2.232254
WRITE,-519.0,,321732560,2.234254
WRITE,-519.0,,322020542,2.236254
WRITE,-519.0,,322308523,2.238254
WRITE,-518.0,,322596505,2.240254
WRITE,-518.0,,322884486,2.242253
WRITE,-518.0,,323172467,2.244253
WRITE,-518.0,,323460449,2.246253
WRITE,-518.0,,323748430,2.248253
WRITE,-518.0,,324036412,2.250253
WRITE,-517.0,,324324393,2.252253
WRITE,-517.0,,324612374,2.254253
WRITE,-517.0,,324900356,2.256252
WRITE,-517.0,,325188337,2.258252
WRITE,-517.0,,325476319,2.260252
WRITE,-517.0,,325764300,2.262252
WRITE,-517.0,,326052282,2.264252
WRITE,-517.0,,326340263,2.266252
WRITE,-517.0,,326628244,2.268252
WRITE,-517.0,,326916226,2.270252
WRITE,-517.0,,327204207,2.272251
WRITE,-517.0,,327492189,2.274251
WRITE,-517.0,,327780170,2.276251
WRITE,-517.0,,328068152,2.278251
WRITE,-517.0,,328356133,2.280251
WRITE,-517.0,,328644114,2.282251
WRITE,-517.0,,328932096,2.284251
WRITE,-517.0,,329220077,2.286251
WRITE,-517.0,,329508059,2.288250
WRITE,-517.0,,329796040,2.290250
WRITE,-517.0,,330084021,2.292250
WRITE,-517.0,,330372003,2.294250
WRITE,-517.0,,330659984,2.296250
WRITE,-517.0,,330947966,2.298250
WRITE,-517.0,,331235947,2.300250
WRITE,-517.0,,331523929,2.302250
WRITE,-517.0,,331811910,2.304249
WRITE,-517.0,,332099891,2.306249
WRITE,-517.0,,332387873,2.308249
WRITE,-517.0,,332675854,2.310249
WRITE,-517.0,,332963836,2.312249
WRITE,-517.0,,333251817,2.314249
WRITE,-517.0,,333539799,2.316249
WRITE,-517.0,,333827780,2.318248
WRITE,-517.0,,334115761,2.320248
WRITE,-517.0,,334403743,2.322248
WRITE,-517.0,,334691724,2.324248
WRITE,-517.0,,334979706,2.326248
WRITE,-517.0,,335267687,2.328248
WRITE,-517.0,,335555668,2.330248
WRITE,-517.0,,335843650,2.332248
WRITE,-517.0,,336131631,2.334247
WRITE,-517.0,,336419613,2.336247
WRITE,-517.0,,336707594,2.338247
WRITE,-517.0,,336995576,2.340247
WRITE,-517.0,,337283557,2.342247
WRITE,-517.0,,337571538,2.344247
WRITE,-517.0,,337859520,2.346247
WRITE,-517.0,,338147501,2.348247
WRITE,-517.0,,338435483,2.350246
WRITE,-517.0,,338723464,2.352246
WRITE,-517.0,,339011446,2.354246
WRITE,-517.0,,339299427,2.356246
WRITE,-517.0,,339587408,2.358246
WRITE,-517.0,,339875390,2.360246
WRITE,-517.0,,340163371,2.362246
WRITE,-517.0,,340451353,2.364246
WRITE,-517.0,,340739334,2.366245
WRITE,-517.0,,341027316,2.368245
WRITE,-517.0,,341315297,2.370245
WRITE,-517.0,,341603278,2.372245
WRITE,-517.0,,341891260,2.374245
WRITE,-517.0,,342179241,2.376245
WRITE,-517.0,,342467223,2.378245
WRITE,-517.0,,342755204,2.380244
WRITE,-517.0,,343043185,2.382244
WRITE,-517.0,,343331167,2.384244
WRITE,-517.0,,343619148,2.386244
WRITE,-517.0,,343907130,2.388244
WRITE,-517.0,,344195111,2.390244
WRITE,-517.0,,344483093,2.392244
WRITE,-517.0,,344771074,2.394244
WRITE,-517.0,,345059055,2.396243
WRITE,-517.0,,345347037,2.398243
WRITE,-517.0,,345635018,2.400243
WRITE,-517.0,,345923000,2.402243
WRITE,-517.0,,346210981,2.404243
WRITE,-517.0,,346498963,2.406243
WRITE,-517.0,,346786944,2.408243
WRITE,-517.0,,347074925,2.410243
WRITE,-517.0,,347362907,2.412242
WRITE,-517.0,,347650888,2.414242
WRITE,-517.0,,347938870,2.416242
WRITE,-517.0,,348226851,2.418242
WRITE,-517.0,,348514832,2.420242
WRITE,-517.0,,348802814,2.422242
WRITE,-517.0,,349090795,2.424242
WRITE,-517.0,,349378777,2.426242
WRITE,-517.0,,349666758,2.428241
WRITE,-517.0,,349954740,2.430241
WRITE,-517.0,,350242721,2.432241
WRITE,-517.0,,350530702,2.434241
WRITE,-517.0,,350818684,2.436241
WRITE,-517.0,,351106665,2.438241
WRITE,-517.0,,351394647,2.440241
WRITE,-517.0,,351682628,2.442240
WRITE,-517.0,,351970610,2.444240
WRITE,-517.0,,352258591,2.446240
WRITE,-517.0,,352546572,2.448240
WRITE,-517.0,,352834554,2.450240
WRITE,-517.0,,353122535,2.452240
WRITE,-517.0,,353410517,2.454240
WRITE,-517.0,,353698498,2.456240
WRITE,-517.0,,353986479,2.458239
WRITE,-517.0,,354274461,2.460239
WRITE,-517.0,,354562442,2.462239
WRITE,-517.0,,354850424,2.464239
WRITE,-517.0,,355138405,2.466239
WRITE,-517.0,,355426387,2.468239
WRITE,-517.0,,355714368,2.470239
WRITE,-517.0,,356002349,2.472239
WRITE,-517.0,,356290331,2.474238
WRITE,-517.0,,356578312,2.476238
WRITE,-517.0,,356866294,2.478238
WRITE,-517.0,,357154275,2.480238
WRITE,-517.0,,357442257,2.482238
WRITE,-517.0,,357730238,2.484238
WRITE,-517.0,,358018219,2.486238
WRITE,-517.0,,358306201,2.488238
WRITE,-517.0,,358594182,2.490237
WRITE,-517.0,,358882164,2.492237
WRITE,-517.0,,359170145,2.494237
WRITE,-517.0,,359458127,2.496237
WRITE,-517.0,,359746108,2.498237
WRITE,-517.0,,360036711,2.500255
WRITE,-517.0,,360322067,2.502237
WRITE,-517.0,,360610048,2.504236
WRITE,-517.0,,360898030,2.506236
WRITE,-517.0,,361186011,2.508236
WRITE,-517.0,,361473992,2.510236
WRITE,-516.0,,361761974,2.512236
WRITE,-515.0,,362049955,2.514236
WRITE,-514.0,,362337937,2.516236
WRITE,-513.0,,362625918,2.518236
WRITE,-512.0,,362913900,2.520235
WRITE,-510.0,,363201881,2.522235
WRITE,-508.0,,363489862,2.524235
WRITE,-506.0,,363777844,2.526235
WRITE,-504.0,,364065825,2.528235
WRITE,-502.0,,364353807,2.530235
WRITE,-500.0,,364641788,2.532235
WRITE,-498.0,,364929770,2.534235
WRITE,-496.0,,365217751,2.536234
WRITE,-493.0,,365505732,2.538234
WRITE,-491.0,,365793714,2.540234
WRITE,-489.0,,366081695,2.542234
WRITE,-487.0,,366369677,2.544234
WRITE,-485.0,,366657658,2.546234
WRITE,-482.0,,366945639,2.548234
WRITE,-480.0,,367233621,2.550233
WRITE,-478.0,,367521602,2.552233
WRITE,-476.0,,367809584,2.554233
WRITE,-474.0,,368097565,2.556233
WRITE,-473.0,,368385547,2.558233
WRITE,-471.0,,368673528,2.560233
WRITE,-469.0,,368961509,2.562233
WRITE,-468.0,,369249491,2.564233
WRITE,-466.0,,369537472,2.566232
WRITE,-465.0,,369825454,2.568232
WRITE,-463.0,,370113435,2.570232
WRITE,-462.0,,370401417,2.572232
WRITE,-461.0,,370689398,2.574232
WRITE,-459.0,,370977379,2.576232
WRITE,-458.0,,371265361,2.578232
WRITE,-457.0,,371553342,2.580232
WRITE,-456.0,,371841324,2.582231
WRITE,-455.0,,372129305,2.584231
WRITE,-454.0,,372417286,2.586231
WRITE,-453.0,,372705268,2.588231
WRITE,-452.0,,372993249,2.590231
WRITE,-451.0,,373281231,2.592231
WRITE,-450.0,,373569212,2.594231
WRITE,-449.0,,373857194,2.596231
WRITE,-448.0,,374145175,2.598230
WRITE,-447.0,,374433156,2.600230
WRITE,-446.0,,374721138,2.602230
WRITE,-445.0,,375009119,2.604230
WRITE,-444.0,,375297101,2.606230
WRITE,-443.0,,375585082,2.608230
WRITE,-443.0,,375873064,2.610230
WRITE,-442.0,,376161045,2.612229
WRITE,-441.0,,376449026,2.614229
WRITE,-440.0,,376737008,2.616229
WRITE,-440.0,,377024989,2.618229
WRITE,-439.0,,377312971,2.620229
WRITE,-438.0,,377600952,2.622229
WRITE,-438.0,,377888934,2.624229
WRITE,-437.0,,378176915,2.626229
WRITE,-437.0,,378464896,2.628228
WRITE,-436.0,,378752878,2.630228
WRITE,-435.0,,379040859,2.632228
WRITE,-435.0,,379328841,2.634228
WRITE,-434.0,,379616822,2.636228
WRITE,-434.0,,379904803,2.638228
WRITE,-433.0,,380192785,2.640228
WRITE,-433.0,,380480766,2.642228
WRITE,-432.0,,380768748,2.644227
WRITE,-431.0,,381056729,2.646227
WRITE,-431.0,,381344711,2.648227
WRITE,-430.0,,381632692,2.650227
WRITE,-430.0,,381920673,2.652227
WRITE,-429.0,,382208655,2.654227
WRITE,-429.0,,382496636,2.656227
WRITE,-428.0,,382784618,2.658227
WRITE,-427.0,,383072599,2.660226
WRITE,-427.0,,383360581,2.662226
WRITE,-427.0,,383648562,2.664226
WRITE,-426.0,,383936543,2.666226
WRITE,-426.0,,384224525,2.668226
WRITE,-425.0,,384512506,2.670226
WRITE,-425.0,,384800488,2.672226
WRITE,-425.0,,385088469,2.674225
WRITE,-424.0,,385376450,2.676225
WRITE,-424.0,,385664432,2.678225
WRITE,-424.0,,385952413,2.680225
WRITE,-423.0,,386240395,2.682225
WRITE,-423.0,,386528376,2.684225
WRITE,-423.0,,386816358,2.686225
WRITE,-423.0,,387104339,2.688225
WRITE,-423.0,,387392320,2.690224
WRITE,-422.0,,387680302,2.692224
WRITE,-422.0,,387968283,2.694224
WRITE,-422.0,,388256265,2.696224
WRITE,-422.0,,388544246,2.698224
WRITE,-421.0,,388832228,2.700224
WRITE,-421.0,,389120209,2.702224
WRITE,-421.0,,389408190,2.704224
WRITE,-420.0,,389696172,2.706223
WRITE,-420.0,,389984153,2.708223
WRITE,-420.0,,390272135,2.710223
WRITE,-419.0,,390560116,2.712223
WRITE,-419.0,,390848097,2.714223
WRITE,-419.0,,391136079,2.716223
WRITE,-418.0,,391424060,2.718223
WRITE,-418.0,,391712042,2.720223
WRITE,-418.0,,392000023,2.722222
WRITE,-417.0,,392288005,2.724222
WRITE,-417.0,,392575986,2.726222
WRITE,-417.0,,392863967,2.728222
WRITE,-417.0,,393151949,2.730222
WRITE,-416.0,,393439930,2.732222
WRITE,-416.0,,393727912,2.734222
WRITE,-416.0,,394015893,2.736221
WRITE,-415.0,,394303875,2.738221
WRITE,-415.0,,394591856,2.740221
WRITE,-415.0,,394879837,2.742221
WRITE,-415.0,,395167819,2.744221
WRITE,-414.0,,395455800,2.746221
WRITE,-414.0,,395743782,2.748221
WRITE,-414.0,,396031763,2.750221
WRITE,-414.0,,396319745,2.752220
WRITE,-413.0,,396607726,2.754220
WRITE,-413.0,,396895707,2.756220
WRITE,-413.0,,397183689,2.758220
WRITE,-413.0,,397471670,2.760220
WRITE,-413.0,,397759652,2.762220
WRITE,-412.0,,398047633,2.764220
WRITE,-412.0,,398335614,2.766220
WRITE,-412.0,,398623596,2.768219
WRITE,-412.0,,398911577,2.770219
WRITE,-412.0,,399199559,2.772219
WRITE,-411.0,,399487540,2.774219
WRITE,-411.0,,399775522,2.776219
WRITE,-411.0,,400063503,2.778219
WRITE,-411.0,,400351484,2.780219
WRITE,-411.0,,400639466,2.782219
WRITE,-411.0,,400927447,2.784218
WRITE,-411.0,,401215429,2.786218
WRITE,-411.0,,401503410,2.788218
WRITE,-410.0,,401791392,2.790218
WRITE,-410.0,,402079373,2.792218
WRITE,-410.0,,402367354,2.794218
WRITE,-410.0,,402655336,2.796218
WRITE,-410.0,,402943317,2.798217
WRITE,-410.0,,403231299,2.800217
WRITE,-410.0,,403519280,2.802217
WRITE,-410.0,,403807261,2.804217
WRITE,-410.0,,404095243,2.806217
WRITE,-410.0,,404383224,2.808217
WRITE,-410.0,,404671206,2.810217
WRITE,-410.0,,404959187,2.812217
WRITE,-410.0,,405247169,2.814216
WRITE,-410.0,,405535150,2.816216
WRITE,-410.0,,405823131,2.818216
WRITE,-410.0,,406111113,2.820216
WRITE,-410.0,,406399094,2.822216
WRITE,-410.0,,406687076,2.824216
WRITE,-410.0,,406975057,2.826216
WRITE,-410.0,,407263039,2.828216
WRITE,-410.0,,407551020,2.830215
WRITE,-410.0,,407839001,2.832215
WRITE,-410.0,,408126983,2.834215
WRITE,-410.0,,408414964,2.836215
WRITE,-410.0,,408702946,2.838215
WRITE,-410.0,,408990927,2.840215
WRITE,-410.0,,409278908,2.842215
WRITE,-410.0,,409566890,2.844215
WRITE,-410.0,,409854871,2.846214
WRITE,-410.0,,410142853,2.848214
WRITE,-410.0,,410430834,2.850214
WRITE,-410.0,,410718816,2.852214
WRITE,-410.0,,411006797,2.854214
WRITE,-410.0,,411294778,2.856214
WRITE,-410.0,,411582760,2.858214
WRITE,-410.0,,411870741,2.860213
WRITE,-410.0,,412158723,2.862213
WRITE,-410.0,,412446704,2.864213
WRITE,-410.0,,412734686,2.866213
WRITE,-410.0,,413022667,2.868213
WRITE,-410.0,,413310648,2.870213
WRITE,-410.0,,413598630,2.872213
WRITE,-410.0,,413886611,2.874213
WRITE,-410.0,,414174593,2.876212
WRITE,-410.0,,414462574,2.878212
WRITE,-410.0,,414750556,2.880212
WRITE,-410.0,,415038537,2.882212
WRITE,-410.0,,415326518,2.884212
WRITE,-410.0,,415614500,2.886212
WRITE,-410.0,,415902481,2.888212
WRITE,-410.0,,416190463,2.890212
WRITE,-410.0,,416478444,2.892211
WRITE,-410.0,,416766425,2.894211
WRITE,-410.0,,417054407,2.896211
WRITE,-410.0,,417342388,2.898211
WRITE,-410.0,,417630370,2.900211
WRITE,-410.0,,417918351,2.902211
WRITE,-410.0,,418206333,2.904211
WRITE,-410.0,,418494314,2.906211
WRITE,-410.0,,418782295,2.908210
WRITE,-410.0,,419070277,2.910210
WRITE,-410.0,,419358258,2.912210
WRITE,-410.0,,419646240,2.914210
WRITE,-410.0,,419934221,2.916210
WRITE,-410.0,,420222203,2.918210
WRITE,-410.0,,420510184,2.920210
WRITE,-410.0,,420798165,2.922209
WRITE,-410.0,,421086147,2.924209
WRITE,-410.0,,421374128,2.926209
WRITE,-410.0,,421662110,2.928209
WRITE,-410.0,,421950091,2.930209
WRITE,-410.0,,422238072,2.932209
WRITE,-410.0,,422526054,2.934209
WRITE,-410.0,,422814035,2.936209
WRITE,-410.0,,423102017,2.938208
WRITE,-410.0,,423389998,2.940208
WRITE,-410.0,,423677980,2.942208
WRITE,-410.0,,423965961,2.944208
WRITE,-410.0,,424253942,2.946208
WRITE,-410.0,,424541924,2.948208
WRITE,-410.0,,424829905,2.950208
WRITE,-410.0,,425117887,2.952208
WRITE,-410.0,,425405868,2.954207
WRITE,-410.0,,425693850,2.956207
WRITE,-410.0,,425981831,2.958207
WRITE,-410.0,,426269812,2.960207
WRITE,-410.0,,426557794,2.962207
WRITE,-410.0,,426845775,2.964207
WRITE,-410.0,,427133757,2.966207
WRITE,-410.0,,427421738,2.968207
WRITE,-410.0,,427709719,2.970206
WRITE,-410.0,,427997701,2.972206
WRITE,-410.0,,428285682,2.974206
WRITE,-410.0,,428573664,2.976206
WRITE,-410.0,,428861645,2.978206
WRITE,-410.0,,429149627,2.980206
WRITE,-410.0,,429437608,2.982206
WRITE,-410.0,,429725589,2.984205
WRITE,-410.0,,430013571,2.986205
WRITE,-410.0,,430301552,2.988205
WRITE,-410.0,,430589534,2.990205
WRITE,-410.0,,430877515,2.992205
WRITE,-410.0,,431165497,2.994205
WRITE,-410.0,,431453478,2.996205
WRITE,-410.0,,431741459,2.998205
WRITE,-410.0,,432032050,3.000223
WRITE,-410.0,,432317418,3.002204
WRITE,-410.0,,432605400,3.004204
WRITE,-410.0,,432893381,3.006204
WRITE,-410.0,,433181363,3.008204
WRITE,-410.0,,433469344,3.010204
WRITE,-410.0,,433757325,3.012204
WRITE,-410.0,,434045307,3.014204
WRITE,-409.0,,434333288,3.016203
WRITE,-408.0,,434621270,3.018203
WRITE,-407.0,,434909251,3.020203
WRITE,-406.0,,435197232,3.022203
WRITE,-404.0,,435485214,3.024203
WRITE,-403.0,,435773195,3.026203
WRITE,-401.0,,436061177,3.028203
WRITE,-399.0,,436349158,3.030202
WRITE,-397.0,,436637140,3.032202
WRITE,-395.0,,436925121,3.034202
WRITE,-392.0,,437213102,3.036202
WRITE,-390.0,,437501084,3.038202
WRITE,-388.0,,437789065,3.040202
WRITE,-386.0,,438077047,3.042202
WRITE,-384.0,,438365028,3.044202
WRITE,-381.0,,438653010,3.046201
WRITE,-379.0,,438940991,3.048201
WRITE,-377.0,,439228972,3.050201
WRITE,-375.0,,439516954,3.052201
WRITE,-373.0,,439804935,3.054201
WRITE,-371.0,,440092917,3.056201
WRITE,-369.0,,440380898,3.058201
WRITE,-367.0,,440668879,3.060201
WRITE,-366.0,,440956861,3.062200
WRITE,-364.0,,441244842,3.064200
WRITE,-362.0,,441532824,3.066200
WRITE,-361.0,,441820805,3.068200
WRITE,-359.0,,442108787,3.070200
WRITE,-358.0,,442396768,3.072200
WRITE,-357.0,,442684749,3.074200
WRITE,-355.0,,442972731,3.076200
WRITE,-354.0,,443260712,3.078199
WRITE,-353.0,,443548694,3.080199
WRITE,-351.0,,443836675,3.082199
WRITE,-350.0,,444124657,3.084199
WRITE,-349.0,,444412638,3.086199
WRITE,-348.0,,444700619,3.088199
WRITE,-347.0,,444988601,3.090199
WRITE,-346.0,,445276582,3.092198
WRITE,-345.0,,445564564,3.094198
WRITE,-344.0,,445852545,3.096198
WRITE,-343.0,,446140526,3.098198
WRITE,-342.0,,446428508,3.100198
WRITE,-342.0,,446716489,3.102198
WRITE,-341.0,,447004471,3.104198
WRITE,-340.0,,447292452,3.106198
WRITE,-339.0,,447580434,3.108197
WRITE,-338.0,,447868415,3.110197
WRITE,-337.0,,448156396,3.112197
WRITE,-336.0,,448444378,3.114197
WRITE,-335.0,,448732359,3.116197
WRITE,-335.0,,449020341,3.118197
WRITE,-334.0,,449308322,3.120197
WRITE,-333.0,,449596304,3.122197
WRITE,-332.0,,449884285,3.124196
WRITE,-332.0,,450172266,3.126196
WRITE,-331.0,,450460248,3.128196
WRITE,-331.0,,450748229,3.130196
WRITE,-330.0,,451036211,3.132196
WRITE,-329.0,,451324192,3.134196
WRITE,-328.0,,451612174,3.136196
WRITE,-328.0,,451900155,3.138196
WRITE,-327.0,,452188136,3.140195
WRITE,-327.0,,452476118,3.142195
WRITE,-326.0,,452764099,3.144195
WRITE,-326.0,,453052081,3.146195
WRITE,-325.0,,453340062,3.148195
WRITE,-325.0,,453628043,3.150195
WRITE,-324.0,,453916025,3.152195
WRITE,-324.0,,454204006,3.154194
WRITE,-323.0,,454491988,3.156194
WRITE,-323.0,,454779969,3.158194
WRITE,-322.0,,455067951,3.160194
WRITE,-322.0,,455355932,3.162194
WRITE,-321.0,,455643913,3.164194
WRITE,-321.0,,455931895,3.166194
WRITE,-320.0,,456219876,3.168194
WRITE,-320.0,,456507858,3.170193
WRITE,-320.0,,456795839,3.172193
WRITE,-319.0,,457083821,3.174193
WRITE,-319.0,,457371802,3.176193
WRITE,-319.0,,457659783,3.178193
WRITE,-318.0,,457947765,3.180193
WRITE,-318.0,,458235746,3.182193
WRITE,-318.0,,458523728,3.184193
WRITE,-317.0,,458811709,3.186192
WRITE,-317.0,,459099690,3.188192
WRITE,-317.0,,459387672,3.190192
WRITE,-316.0,,459675653,3.192192
WRITE,-316.0,,459963635,3.194192
WRITE,-315.0,,460251616,3.196192
WRITE,-315.0,,460539598,3.198192
WRITE,-315.0,,460827579,3.200192
WRITE,-315.0,,461115560,3.202191
WRITE,-314.0,,461403542,3.204191
WRITE,-314.0,,461691523,3.206191
WRITE,-314.0,,461979505,3.208191
WRITE,-314.0,,462267486,3.210191
WRITE,-313.0,,462555468,3.212191
WRITE,-313.0,,462843449,3.214191
WRITE,-313.0,,463131430,3.216190
WRITE,-312.0,,463419412,3.218190
WRITE,-312.0,,463707393,3.220190
WRITE,-312.0,,463995375,3.222190
WRITE,-312.0,,464283356,3.224190
WRITE,-311.0,,464571337,3.226190
WRITE,-311.0,,464859319,3.228190
WRITE,-311.0,,465147300,3.230190
WRITE,-311.0,,465435282,3.232189
WRITE,-310.0,,465723263,3.234189
WRITE,-310.0,,466011245,3.236189
WRITE,-310.0,,466299226,3.238189
WRITE,-310.0,,466587207,3.240189
WRITE,-309.0,,466875189,3.242189
WRITE,-309.0,,467163170,3.244189
WRITE,-309.0,,467451152,3.246189
WRITE,-309.0,,467739133,3.248188
WRITE,-309.0,,468027115,3.250188
WRITE,-309.0,,468315096,3.252188
WRITE,-308.0,,468603077,3.254188
WRITE,-308.0,,468891059,3.256188
WRITE,-308.0,,469179040,3.258188
WRITE,-308.0,,469467022,3.260188
WRITE,-307.0,,469755003,3.262188
WRITE,-307.0,,470042985,3.264187
WRITE,-307.0,,470330966,3.266187
WRITE,-307.0,,470618947,3.268187
WRITE,-307.0,,470906929,3.270187
WRITE,-307.0,,471194910,3.272187
WRITE,-306.0,,471482892,3.274187
WRITE,-306.0,,471770873,3.276187
WRITE,-306.0,,472058854,3.278186
WRITE,-306.0,,472346836,3.280186
WRITE,-306.0,,472634817,3.282186
WRITE,-306.0,,472922799,3.284186
WRITE,-306.0,,473210780,3.286186
WRITE,-306.0,,473498762,3.288186
WRITE,-306.0,,473786743,3.290186
WRITE,-306.0,,474074724,3.292186
WRITE,-306.0,,474362706,3.294185
WRITE,-306.0,,474650687,3.296185
WRITE,-306.0,,474938669,3.298185
WRITE,-306.0,,475226650,3.300185
WRITE,-306.0,,475514632,3.302185
WRITE,-306.0,,475802613,3.304185
WRITE,-306.0,,476090594,3.306185
WRITE,-306.0,,476378576,3.308185
WRITE,-306.0,,476666557,3.310184
WRITE,-306.0,,476954539,3.312184
WRITE,-306.0,,477242520,3.314184
WRITE,-306.0,,477530501,3.316184
WRITE,-306.0,,477818483,3.318184
WRITE,-306.0,,478106464,3.320184
WRITE,-306.0,,478394446,3.322184
WRITE,-306.0,,478682427,3.324184
WRITE,-306.0,,478970409,3.326183
WRITE,-306.0,,479258390,3.328183
WRITE,-306.0,,479546371,3.330183
WRITE,-306.0,,479834353,3.332183
WRITE,-306.0,,480122334,3.334183
WRITE,-306.0,,480410316,3.336183
WRITE,-306.0,,480698297,3.338183
WRITE,-306.0,,480986279,3.340182
WRITE,-306.0,,481274260,3.342182
WRITE,-306.0,,481562241,3.344182
WRITE,-306.0,,481850223,3.346182
WRITE,-306.0,,482138204,3.348182
WRITE,-306.0,,482426186,3.350182
WRITE,-306.0,,482714167,3.352182
WRITE,-306.0,,483002148,3.354182
WRITE,-306.0,,483290130,3.356181
WRITE,-306.0,,483578111,3.358181
WRITE,-306.0,,483866093,3.360181
WRITE,-306.0,,484154074,3.362181
WRITE,-306.0,,484442056,3.364181
WRITE,-306.0,,484730037,3.366181
WRITE,-306.0,,485018018,3.368181
WRITE,-306.0,,485306000,3.370181
WRITE,-306.0,,485593981,3.372180
WRITE,-306.0,,485881963,3.374180
WRITE,-306.0,,486169944,3.376180
WRITE,-306.0,,486457926,3.378180
WRITE,-306.0,,486745907,3.380180
WRITE,-306.0,,487033888,3.382180
WRITE,-306.0,,487321870,3.384180
WRITE,-306.0,,487609851,3.386180
WRITE,-306.0,,487897833,3.388179
WRITE,-306.0,,488185814,3.390179
WRITE,-306.0,,488473796,3.392179
WRITE,-306.0,,488761777,3.394179
WRITE,-306.0,,489049758,3.396179
WRITE,-306.0,,489337740,3.398179
WRITE,-306.0,,489625721,3.400179
WRITE,-306.0,,489913703,3.402178
WRITE,-306.0,,490201684,3.404178
WRITE,-306.0,,490489665,3.406178
WRITE,-306.0,,490777647,3.408178
WRITE,-306.0,,491065628,3.410178
WRITE,-306.0,,491353610,3.412178
WRITE,-306.0,,491641591,3.414178
WRITE,-306.0,,491929573,3.416178
WRITE,-306.0,,492217554,3.418177
WRITE,-306.0,,492505535,3.420177
WRITE,-306.0,,492793517,3.422177
WRITE,-306.0,,493081498,3.424177
WRITE,-306.0,,493369480,3.426177
WRITE,-306.0,,493657461,3.428177
WRITE,-306.0,,493945443,3.430177
WRITE,-306.0,,494233424,3.432177
WRITE,-306.0,,494521405,3.434176
WRITE,-306.0,,494809387,3.436176
WRITE,-306.0,,495097368,3.438176
WRITE,-306.0,,495385350,3.440176
WRITE,-306.0,,495673331,3.442176
WRITE,-306.0,,495961312,3.444176
WRITE,-306.0,,496249294,3.446176
WRITE,-306.0,,496537275,3.448176
WRITE,-306.0,,496825257,3.450175
WRITE,-306.0,,497113238,3.452175
WRITE,-306.0,,497401220,3.454175
WRITE,-306.0,,497689201,3.456175
WRITE,-306.0,,497977182,3.458175
WRITE,-306.0,,498265164,3.460175
WRITE,-306.0,,498553145,3.462175
WRITE,-306.0,,498841127,3.464174
WRITE,-306.0,,499129108,3.466174
WRITE,-306.0,,499417090,3.468174
WRITE,-306.0,,499705071,3.470174
WRITE,-306.0,,499993052,3.472174
WRITE,-306.0,,500281034,3.474174
WRITE,-306.0,,500569015,3.476174
WRITE,-306.0,,500856997,3.478174
WRITE,-306.0,,501144978,3.480173
WRITE,-306.0,,501432959,3.482173
WRITE,-306.0,,501720941,3.484173
WRITE,-306.0,,502008922,3.486173
WRITE,-306.0,,502296904,3.488173
WRITE,-306.0,,502584885,3.490173
WRITE,-306.0,,502872867,3.492173
WRITE,-306.0,,503160848,3.494173
WRITE,-306.0,,503448829,3.496172
WRITE,-306.0,,503736811,3.498172
WRITE,-306.0,,504027401,3.500190
WRITE,-306.0,,504312770,3.502172
WRITE,-306.0,,504600751,3.504172
WRITE,-306.0,,504888733,3.506172
WRITE,-306.0,,505176714,3.508172
WRITE,-306.0,,505464695,3.510171
WRITE,-306.0,,505752677,3.512171
WRITE,-305.0,,506040658,3.514171
WRITE,-304.0,,506328640,3.516171
WRITE,-303.0,,506616621,3.518171
WRITE,-302.0,,506904603,3.520171
WRITE,-300.0,,507192584,3.522171
WRITE,-299.0,,507480565,3.524171
WRITE,-297.0,,507768547,3.526170
WRITE,-295.0,,508056528,3.528170
WRITE,-293.0,,508344510,3.530170
WRITE,-291.0,,508632491,3.532170
WRITE,-289.0,,508920472,3.534170
WRITE,-287.0,,509208454,3.536170
WRITE,-284.0,,509496435,3.538170
WRITE,-282.0,,509784417,3.540170
WRITE,-280.0,,510072398,3.542169
WRITE,-278.0,,510360380,3.544169
WRITE,-276.0,,510648361,3.546169
WRITE,-274.0,,510936342,3.548169
WRITE,-272.0,,511224324,3.550169
WRITE,-270.0,,511512305,3.552169
WRITE,-268.0,,511800287,3.554169
WRITE,-266.0,,512088268,3.556169
WRITE,-265.0,,512376250,3.558168
WRITE,-263.0,,512664231,3.560168
WRITE,-262.0,,512952212,3.562168
WRITE,-260.0,,513240194,3.564168
WRITE,-259.0,,513528175,3.566168
WRITE,-257.0,,513816157,3.568168
WRITE,-256.0,,514104138,3.570168
WRITE,-254.0,,514392119,3.572167
WRITE,-253.0,,514680101,3.574167
WRITE,-252.0,,514968082,3.576167
WRITE,-251.0,,515256064,3.578167
WRITE,-249.0,,515544045,3.580167
WRITE,-248.0,,515832027,3.582167
WRITE,-247.0,,516120008,3.584167
WRITE,-246.0,,516407989,3.586167
WRITE,-245.0,,516695971,3.588166
WRITE,-244.0,,516983952,3.590166
WRITE,-243.0,,517271934,3.592166
WRITE,-242.0,,517559915,3.594166
WRITE,-242.0,,517847897,3.596166
WRITE,-241.0,,518135878,3.598166
WRITE,-240.0,,518423859,3.600166
WRITE,-239.0,,518711841,3.602166
WRITE,-238.0,,518999822,3.604165
WRITE,-237.0,,519287804,3.606165
WRITE,-237.0,,519575785,3.608165
WRITE,-236.0,,519863766,3.610165
WRITE,-235.0,,520151748,3.612165
WRITE,-234.0,,520439729,3.614165
WRITE,-233.0,,520727711,3.616165
WRITE,-232.0,,521015692,3.618165
WRITE,-232.0,,521303674,3.620164
WRITE,-231.0,,521591655,3.622164
WRITE,-230.0,,521879636,3.624164
WRITE,-230.0,,522167618,3.626164
WRITE,-229.0,,522455599,3.628164
WRITE,-228.0,,522743581,3.630164
WRITE,-228.0,,523031562,3.632164
WRITE,-227.0,,523319544,3.634164
WRITE,-226.0,,523607525,3.636163
WRITE,-226.0,,523895506,3.638163
WRITE,-225.0,,524183488,3.640163
WRITE,-225.0,,524471469,3.642163
WRITE,-224.0,,524759451,3.644163
WRITE,-223.0,,525047432,3.646163
WRITE,-223.0,,525335414,3.648163
WRITE,-223.0,,525623395,3.650162
WRITE,-222.0,,525911376,3.652162
WRITE,-222.0,,526199358,3.654162
WRITE,-221.0,,526487339,3.656162
WRITE,-221.0,,526775321,3.658162
WRITE,-220.0,,527063302,3.660162
WRITE,-220.0,,527351283,3.662162
WRITE,-219.0,,527639265,3.664162
WRITE,-219.0,,527927246,3.666161
WRITE,-218.0,,528215228,3.668161
WRITE,-218.0,,528503209,3.670161
WRITE,-217.0,,528791191,3.672161
WRITE,-217.0,,529079172,3.674161
WRITE,-216.0,,529367153,3.676161
WRITE,-216.0,,529655135,3.678161
WRITE,-215.0,,529943116,3.680161
WRITE,-215.0,,530231098,3.682160
WRITE,-215.0,,530519079,3.684160
WRITE,-214.0,,530807061,3.686160
WRITE,-214.0,,531095042,3.688160
WRITE,-213.0,,531383023,3.690160
WRITE,-213.0,,531671005,3.692160
WRITE,-212.0,,531958986,3.694160
WRITE,-212.0,,532246968,3.696160
WRITE,-212.0,,532534949,3.698159
WRITE,-211.0,,532822930,3.700159
WRITE,-211.0,,533110912,3.702159
WRITE,-211.0,,533398893,3.704159
WRITE,-211.0,,533686875,3.706159
WRITE,-210.0,,533974856,3.708159
WRITE,-210.0,,534262838,3.710159
WRITE,-210.0,,534550819,3.712158
WRITE,-210.0,,534838800,3.714158
WRITE,-210.0,,535126782,3.716158
WRITE,-210.0,,535414763,3.718158
WRITE,-209.0,,535702745,3.720158
WRITE,-209.0,,535990726,3.722158
WRITE,-209.0,,536278708,3.724158
WRITE,-209.0,,536566689,3.726158
WRITE,-209.0,,536854670,3.728157
WRITE,-208.0,,537142652,3.730157
WRITE,-208.0,,537430633,3.732157
WRITE,-208.0,,537718615,3.734157
WRITE,-208.0,,538006596,3.736157
WRITE,-208.0,,538294577,3.738157
WRITE,-207.0,,538582559,3.740157
WRITE,-207.0,,538870540,3.742157
WRITE,-207.0,,539158522,3.744156
WRITE,-207.0,,539446503,3.746156
WRITE,-207.0,,539734485,3.748156
WRITE,-207.0,,540022466,3.750156
WRITE,-207.0,,540310447,3.752156
WRITE,-207.0,,540598429,3.754156
WRITE,-206.0,,540886410,3.756156
WRITE,-206.0,,541174392,3.758156
WRITE,-206.0,,541462373,3.760155
WRITE,-206.0,,541750355,3.762155
WRITE,-206.0,,542038336,3.764155
WRITE,-206.0,,542326317,3.766155
WRITE,-206.0,,542614299,3.768155
WRITE,-206.0,,542902280,3.770155
WRITE,-206.0,,543190262,3.772155
WRITE,-206.0,,543478243,3.774154
WRITE,-206.0,,543766225,3.776154
WRITE,-206.0,,544054206,3.778154
WRITE,-206.0,,544342187,3.780154
WRITE,-206.0,,544630169,3.782154
WRITE,-206.0,,544918150,3.784154
WRITE,-206.0,,545206132,3.786154
WRITE,-206.0,,545494113,3.788154
WRITE,-206.0,,545782094,3.790153
WRITE,-206.0,,546070076,3.792153
WRITE,-206.0,,546358057,3.794153
WRITE,-206.0,,546646039,3.796153
WRITE,-206.0,,546934020,3.798153
WRITE,-206.0,,547222002,3.800153
WRITE,-206.0,,547509983,3.802153
WRITE,-206.0,,547797964,3.804153
WRITE,-206.0,,548085946,3.806152
WRITE,-206.0,,548373927,3.808152
WRITE,-206.0,,548661909,3.810152
WRITE,-206.0,,548949890,3.812152
WRITE,-206.0,,549237872,3.814152
WRITE,-206.0,,549525853,3.816152
WRITE,-206.0,,549813834,3.818152
WRITE,-206.0,,550101816,3.820152
WRITE,-206.0,,550389797,3.822151
WRITE,-206.0,,550677779,3.824151
WRITE,-206.0,,550965760,3.826151
WRITE,-206.0,,551253741,3.828151
WRITE,-206.0,,551541723,3.830151
WRITE,-206.0,,551829704,3.832151
WRITE,-206.0,,552117686,3.834151
WRITE,-206.0,,552405667,3.836150
WRITE,-206.0,,552693649,3.838150
WRITE,-206.0,,552981630,3.840150
WRITE,-206.0,,553269611,3.842150
WRITE,-206.0,,553557593,3.844150
WRITE,-206.0,,553845574,3.846150
WRITE,-206.0,,554133556,3.848150
WRITE,-206.0,,554421537,3.850150
WRITE,-206.0,,554709519,3.852149
WRITE,-206.0,,554997500,3.854149
WRITE,-206.0,,555285481,3.856149
WRITE,-206.0,,555573463,3.858149
WRITE,-206.0,,555861444,3.860149
WRITE,-206.0,,556149426,3.862149
WRITE,-206.0,,556437407,3.864149
WRITE,-206.0,,556725388,3.866149
WRITE,-206.0,,557013370,3.868148
WRITE,-206.0,,557301351,3.870148
WRITE,-206.0,,557589333,3.872148
WRITE,-206.0,,557877314,3.874148
WRITE,-206.0,,558165296,3.876148
WRITE,-206.0,,558453277,3.878148
WRITE,-206.0,,558741258,3.880148
WRITE,-206.0,,559029240,3.882148
WRITE,-206.0,,559317221,3.884147
WRITE,-206.0,,559605203,3.886147
WRITE,-206.0,,559893184,3.888147
WRITE,-206.0,,560181166,3.890147
WRITE,-206.0,,560469147,3.892147
WRITE,-206.0,,560757128,3.894147
WRITE,-206.0,,561045110,3.896147
WRITE,-206.0,,561333091,3.898146
WRITE,-206.0,,561621073,3.900146
WRITE,-206.0,,561909054,3.902146
WRITE,-206.0,,562197036,3.904146
WRITE,-206.0,,562485017,3.906146
WRITE,-206.0,,562772998,3.908146
WRITE,-206.0,,563060980,3.910146
WRITE,-206.0,,563348961,3.912146
WRITE,-206.0,,563636943,3.914145
WRITE,-206.0,,563924924,3.916145
WRITE,-206.0,,564212905,3.918145
WRITE,-206.0,,564500887,3.920145
WRITE,-206.0,,564788868,3.922145
WRITE,-206.0,,565076850,3.924145
WRITE,-206.0,,565364831,3.926145
WRITE,-206.0,,565652813,3.928145
WRITE,-206.0,,565940794,3.930144
WRITE,-206.0,,566228775,3.932144
WRITE,-206.0,,566516757,3.934144
WRITE,-206.0,,566804738,3.936144
WRITE,-206.0,,567092720,3.938144
WRITE,-206.0,,567380701,3.940144
WRITE,-206.0,,567668683,3.942144
WRITE,-206.0,,567956664,3.944144
WRITE,-206.0,,568244645,3.946143
WRITE,-206.0,,568532627,3.948143
WRITE,-206.0,,568820608,3.950143
WRITE,-206.0,,569108590,3.952143
WRITE,-206.0,,569396571,3.954143
WRITE,-206.0,,569684552,3.956143
WRITE,-206.0,,569972534,3.958143
WRITE,-206.0,,570260515,3.960142
WRITE,-206.0,,570548497,3.962142
WRITE,-206.0,,570836478,3.964142
WRITE,-206.0,,571124460,3.966142
WRITE,-206.0,,571412441,3.968142
WRITE,-206.0,,571700422,3.970142
WRITE,-206.0,,571988404,3.972142
WRITE,-206.0,,572276385,3.974142
WRITE,-206.0,,572564367,3.976141
WRITE,-206.0,,572852348,3.978141
WRITE,-206.0,,573140330,3.980141
WRITE,-206.0,,573428311,3.982141
WRITE,-206.0,,573716292,3.984141
WRITE,-206.0,,574004274,3.986141
WRITE,-206.0,,574292255,3.988141
WRITE,-206.0,,574580237,3.990141
WRITE,-206.0,,574868218,3.992140
WRITE,-206.0,,575156199,3.994140
WRITE,-206.0,,575444181,3.996140
WRITE,-206.0,,575732162,3.998140
WRITE,-206.0,,576022753,4.000158
WRITE,-206.0,,576308121,4.002140
WRITE,-206.0,,576596103,4.004140
WRITE,-206.0,,576884084,4.006139
WRITE,-206.0,,577172065,4.008139
WRITE,-206.0,,577460047,4.010139
WRITE,-206.0,,577748028,4.012139
WRITE,-205.0,,578036010,4.014139
WRITE,-203.0,,578323991,4.016139
WRITE,-202.0,,578611973,4.018139
WRITE,-201.0,,578899954,4.020139
WRITE,-199.0,,579187935,4.022138
WRITE,-197.0,,579475917,4.024138
WRITE,-195.0,,579763898,4.026138
WRITE,-193.0,,580051880,4.028138
WRITE,-191.0,,580339861,4.030138
WRITE,-189.0,,580627843,4.032138
WRITE,-187.0,,580915824,4.034138
WRITE,-184.0,,581203805,4.036138
WRITE,-182.0,,581491787,4.038137
WRITE,-180.0,,581779768,4.040137
WRITE,-177.0,,582067750,4.042137
WRITE,-175.0,,582355731,4.044137
WRITE,-173.0,,582643712,4.046137
WRITE,-171.0,,582931694,4.048137
WRITE,-168.0,,583219675,4.050137
WRITE,-166.0,,583507657,4.052137
WRITE,-164.0,,583795638,4.054136
WRITE,-163.0,,584083620,4.056136
WRITE,-161.0,,584371601,4.058136
WRITE,-159.0,,584659582,4.060136
WRITE,-158.0,,584947564,4.062136
WRITE,-156.0,,585235545,4.064136
WRITE,-154.0,,585523527,4.066136
WRITE,-153.0,,585811508,4.068135
WRITE,-152.0,,586099490,4.070135
WRITE,-150.0,,586387471,4.072135
WRITE,-149.0,,586675452,4.074135
WRITE,-148.0,,586963434,4.076135
WRITE,-147.0,,587251415,4.078135
WRITE,-146.0,,587539397,4.080135
WRITE,-145.0,,587827378,4.082135
WRITE,-143.0,,588115359,4.084134
WRITE,-143.0,,588403341,4.086134
WRITE,-142.0,,588691322,4.088134
WRITE,-141.0,,588979304,4.090134
WRITE,-140.0,,589267285,4.092134
WRITE,-139.0,,589555267,4.094134
WRITE,-138.0,,589843248,4.096134
WRITE,-137.0,,590131229,4.098134
WRITE,-136.0,,590419211,4.100133
WRITE,-135.0,,590707192,4.102133
WRITE,-134.0,,590995174,4.104133
WRITE,-133.0,,591283155,4.106133
WRITE,-132.0,,591571137,4.108133
WRITE,-131.0,,591859118,4.110133
WRITE,-131.0,,592147099,4.112133
WRITE,-130.0,,592435081,4.114133
WRITE,-129.0,,592723062,4.116132
WRITE,-128.0,,593011044,4.118132
WRITE,-128.0,,593299025,4.120132
WRITE,-127.0,,593587006,4.122132
WRITE,-126.0,,593874988,4.124132
WRITE,-125.0,,594162969,4.126132
WRITE,-125.0,,594450951,4.128132
WRITE,-124.0,,594738932,4.130131
WRITE,-123.0,,595026914,4.132131
WRITE,-123.0,,595314895,4.134131
WRITE,-122.0,,595602876,4.136131
WRITE,-122.0,,595890858,4.138131
WRITE,-121.0,,596178839,4.140131
WRITE,-121.0,,596466821,4.142131
WRITE,-120.0,,596754802,4.144131
WRITE,-120.0,,597042784,4.146130
WRITE,-119.0,,597330765,4.148130
WRITE,-119.0,,597618746,4.150130
WRITE,-118.0,,597906728,4.152130
WRITE,-118.0,,598194709,4.154130
WRITE,-117.0,,598482691,4.156130
WRITE,-117.0,,598770672,4.158130
WRITE,-116.0,,599058654,4.160130
WRITE,-116.0,,599346635,4.162129
WRITE,-115.0,,599634616,4.164129
WRITE,-115.0,,599922598,4.166129
WRITE,-115.0,,600210579,4.168129
WRITE,-114.0,,600498561,4.170129
WRITE,-114.0,,600786542,4.172129
WRITE,-114.0,,601074523,4.174129
WRITE,-113.0,,601362505,4.176129
WRITE,-113.0,,601650486,4.178128
WRITE,-112.0,,601938468,4.180128
WRITE,-112.0,,602226449,4.182128
WRITE,-111.0,,602514431,4.184128
WRITE,-111.0,,602802412,4.186128
WRITE,-111.0,,603090393,4.188128
WRITE,-110.0,,603378375,4.190128
WRITE,-110.0,,603666356,4.192127
WRITE,-109.0,,603954338,4.194127
WRITE,-109.0,,604242319,4.196127
WRITE,-109.0,,604530301,4.198127
WRITE,-108.0,,604818282,4.200127
WRITE,-108.0,,605106263,4.202127
WRITE,-108.0,,605394245,4.204127
WRITE,-108.0,,605682226,4.206127
WRITE,-107.0,,605970208,4.208126
WRITE,-107.0,,606258189,4.210126
WRITE,-107.0,,606546170,4.212126
WRITE,-107.0,,606834152,4.214126
WRITE,-106.0,,607122133,4.216126
WRITE,-106.0,,607410115,4.218126
WRITE,-106.0,,607698096,4.220126
WRITE,-105.0,,607986078,4.222126
WRITE,-105.0,,608274059,4.224125
WRITE,-105.0,,608562040,4.226125
WRITE,-104.0,,608850022,4.228125
WRITE,-104.0,,609138003,4.230125
WRITE,-104.0,,609425985,4.232125
WRITE,-104.0,,609713966,4.234125
WRITE,-103.0,,610001948,4.236125
WRITE,-103.0,,610289929,4.238125
WRITE,-103.0,,610577910,4.240124
WRITE,-103.0,,610865892,4.242124
WRITE,-103.0,,611153873,4.244124
WRITE,-102.0,,611441855,4.246124
WRITE,-102.0,,611729836,4.248124
WRITE,-102.0,,612017817,4.250124
WRITE,-102.0,,612305799,4.252124
WRITE,-102.0,,612593780,4.254123
WRITE,-101.0,,612881762,4.256123
WRITE,-101.0,,613169743,4.258123
WRITE,-101.0,,613457725,4.260123
WRITE,-101.0,,613745706,4.262123
WRITE,-101.0,,614033687,4.264123
WRITE,-101.0,,614321669,4.266123
WRITE,-101.0,,614609650,4.268123
WRITE,-101.0,,614897632,4.270122
WRITE,-101.0,,615185613,4.272122
WRITE,-101.0,,615473595,4.274122
WRITE,-102.0,,615761576,4.276122
WRITE,-102.0,,616049557,4.278122
WRITE,-102.0,,616337539,4.280122
WRITE,-102.0,,616625520,4.282122
WRITE,-102.0,,616913502,4.284122
WRITE,-102.0,,617201483,4.286121
WRITE,-102.0,,617489465,4.288121
WRITE,-102.0,,617777446,4.290121
WRITE,-102.0,,618065427,4.292121
WRITE,-102.0,,618353409,4.294121
WRITE,-102.0,,618641390,4.296121
WRITE,-102.0,,618929372,4.298121
WRITE,-102.0,,619217353,4.300121
WRITE,-102.0,,619505334,4.302120
WRITE,-102.0,,619793316,4.304120
WRITE,-102.0,,620081297,4.306120
WRITE,-102.0,,620369279,4.308120
WRITE,-102.0,,620657260,4.310120
WRITE,-102.0,,620945242,4.312120
WRITE,-102.0,,621233223,4.314120
WRITE,-102.0,,621521204,4.316119
WRITE,-102.0,,621809186,4.318119
WRITE,-102.0,,622097167,4.320119
WRITE,-102.0,,622385149,4.322119
WRITE,-102.0,,622673130,4.324119
WRITE,-102.0,,622961112,4.326119
WRITE,-102.0,,623249093,4.328119
WRITE,-102.0,,623537074,4.330119
WRITE,-102.0,,623825056,4.332118
WRITE,-102.0,,624113037,4.334118
WRITE,-102.0,,624401019,4.336118
WRITE,-102.0,,624689000,4.338118
WRITE,-102.0,,624976981,4.340118
WRITE,-102.0,,625264963,4.342118
WRITE,-102.0,,625552944,4.344118
WRITE,-102.0,,625840926,4.346118
WRITE,-102.0,,626128907,4.348117
WRITE,-102.0,,626416889,4.350117
WRITE,-102.0,,626704870,4.352117
WRITE,-102.0,,626992851,4.354117
WRITE,-102.0,,627280833,4.356117
WRITE,-102.0,,627568814,4.358117
WRITE,-102.0,,627856796,4.360117
WRITE,-102.0,,628144777,4.362117
WRITE,-102.0,,628432759,4.364116
WRITE,-102.0,,628720740,4.366116
WRITE,-102.0,,629008721,4.368116
WRITE,-102.0,,629296703,4.370116
WRITE,-102.0,,629584684,4.372116
WRITE,-102.0,,629872666,4.374116
WRITE,-102.0,,630160647,4.376116
WRITE,-102.0,,630448628,4.378115
WRITE,-102.0,,630736610,4.380115
WRITE,-102.0,,631024591,4.382115
WRITE,-102.0,,631312573,4.384115
WRITE,-102.0,,631600554,4.386115
WRITE,-102.0,,631888536,4.388115
WRITE,-102.0,,632176517,4.390115
WRITE,-102.0,,632464498,4.392115
WRITE,-102.0,,632752480,4.394114
WRITE,-102.0,,633040461,4.396114
WRITE,-102.0,,633328443,4.398114
WRITE,-102.0,,633616424,4.400114
WRITE,-102.0,,633904406,4.402114
WRITE,-102.0,,634192387,4.404114
WRITE,-102.0,,634480368,4.406114
WRITE,-102.0,,634768350,4.408114
WRITE,-102.0,,635056331,4.410113
WRITE,-102.0,,635344313,4.412113
WRITE,-102.0,,635632294,4.414113
WRITE,-102.0,,635920276,4.416113
WRITE,-102.0,,636208257,4.418113
WRITE,-102.0,,636496238,4.420113
WRITE,-102.0,,636784220,4.422113
WRITE,-102.0,,637072201,4.424113
WRITE,-102.0,,637360183,4.426112
WRITE,-102.0,,637648164,4.428112
WRITE,-102.0,,637936145,4.430112
WRITE,-102.0,,638224127,4.432112
WRITE,-102.0,,638512108,4.434112
WRITE,-102.0,,638800090,4.436112
WRITE,-102.0,,639088071,4.438112
WRITE,-102.0,,639376053,4.440111
WRITE,-102.0,,639664034,4.442111
WRITE,-102.0,,639952015,4.444111
WRITE,-102.0,,640239997,4.446111
WRITE,-102.0,,640527978,4.448111
WRITE,-102.0,,640815960,4.450111
WRITE,-102.0,,641103941,4.452111
WRITE,-102.0,,641391923,4.454111
WRITE,-102.0,,641679904,4.456110
WRITE,-102.0,,641967885,4.458110
WRITE,-102.0,,642255867,4.460110
WRITE,-102.0,,642543848,4.462110
WRITE,-102.0,,642831830,4.464110
WRITE,-102.0,,643119811,4.466110
WRITE,-102.0,,643407792,4.468110
WRITE,-102.0,,643695774,4.470110
WRITE,-102.0,,643983755,4.472109
WRITE,-102.0,,644271737,4.474109
WRITE,-102.0,,644559718,4.476109
WRITE,-102.0,,644847700,4.478109
WRITE,-102.0,,645135681,4.480109
WRITE,-102.0,,645423662,4.482109
WRITE,-102.0,,645711644,4.484109
WRITE,-102.0,,645999625,4.486109
WRITE,-102.0,,646287607,4.488108
WRITE,-102.0,,646575588,4.490108
WRITE,-102.0,,646863570,4.492108
WRITE,-102.0,,647151551,4.494108
WRITE,-102.0,,647439532,4.496108
WRITE,-102.0,,647727514,4.498108
WRITE,-102.0,,648018104,4.500126
WRITE,-102.0,,648303473,4.502107
WRITE,-102.0,,648591454,4.504107
WRITE,-102.0,,648879435,4.506107
WRITE,-102.0,,649167417,4.508107
WRITE,-102.0,,649455398,4.510107
WRITE,-102.0,,649743380,4.512107
WRITE,-101.0,,650031361,4.514107
WRITE,-100.0,,650319343,4.516107
WRITE,-99.0,,650607324,4.518106
WRITE,-98.0,,650895305,4.520106
WRITE,-96.0,,651183287,4.522106
WRITE,-94.0,,651471268,4.524106
WRITE,-93.0,,651759250,4.526106
WRITE,-91.0,,652047231,4.528106
WRITE,-89.0,,652335213,4.530106
WRITE,-87.0,,652623194,4.532106
WRITE,-85.0,,652911175,4.534105
WRITE,-82.0,,653199157,4.536105
WRITE,-80.0,,653487138,4.538105
WRITE,-78.0,,653775120,4.540105
WRITE,-76.0,,654063101,4.542105
WRITE,-74.0,,654351083,4.544105
WRITE,-71.0,,654639064,4.546105
WRITE,-69.0,,654927045,4.548104
WRITE,-67.0,,655215027,4.550104
WRITE,-66.0,,655503008,4.552104
WRITE,-64.0,,655790990,4.554104
WRITE,-62.0,,656078971,4.556104
WRITE,-60.0,,656366952,4.558104
WRITE,-59.0,,656654934,4.560104
WRITE,-57.0,,656942915,4.562104
WRITE,-55.0,,657230897,4.564103
WRITE,-54.0,,657518878,4.566103
WRITE,-52.0,,657806860,4.568103
WRITE,-51.0,,658094841,4.570103
WRITE,-50.0,,658382822,4.572103
WRITE,-48.0,,658670804,4.574103
WRITE,-47.0,,658958785,4.576103
WRITE,-46.0,,659246767,4.578103
WRITE,-44.0,,659534748,4.580102
WRITE,-43.0,,659822730,4.582102
WRITE,-42.0,,660110711,4.584102
WRITE,-41.0,,660398692,4.586102
WRITE,-40.0,,660686674,4.588102
WRITE,-39.0,,660974655,4.590102
WRITE,-38.0,,661262637,4.592102
WRITE,-37.0,,661550618,4.594102
WRITE,-36.0,,661838599,4.596101
WRITE,-35.0,,662126581,4.598101
WRITE,-34.0,,662414562,4.600101
WRITE,-34.0,,662702544,4.602101
WRITE,-33.0,,662990525,4.604101
WRITE,-32.0,,663278507,4.606101
WRITE,-31.0,,663566488,4.608101
WRITE,-30.0,,663854469,4.610100
WRITE,-30.0,,664142451,4.612100
WRITE,-29.0,,664430432,4.614100
WRITE,-28.0,,664718414,4.616100
WRITE,-27.0,,665006395,4.618100
WRITE,-27.0,,665294377,4.620100
WRITE,-26.0,,665582358,4.622100
WRITE,-25.0,,665870339,4.624100
WRITE,-25.0,,666158321,4.626099
WRITE,-24.0,,666446302,4.628099
WRITE,-23.0,,666734284,4.630099
WRITE,-23.0,,667022265,4.632099
WRITE,-22.0,,667310246,4.634099
WRITE,-21.0,,667598228,4.636099
WRITE,-21.0,,667886209,4.638099
WRITE,-20.0,,668174191,4.640099
WRITE,-19.0,,668462172,4.642098
WRITE,-19.0,,668750154,4.644098
WRITE,-18.0,,669038135,4.646098
WRITE,-18.0,,669326116,4.648098
WRITE,-17.0,,669614098,4.650098
WRITE,-17.0,,669902079,4.652098
WRITE,-16.0,,670190061,4.654098
WRITE,-16.0,,670478042,4.656098
WRITE,-15.0,,670766024,4.658097
WRITE,-15.0,,671054005,4.660097
WRITE,-15.0,,671341986,4.662097
WRITE,-14.0,,671629968,4.664097
WRITE,-14.0,,671917949,4.666097
WRITE,-14.0,,672205931,4.668097
WRITE,-13.0,,672493912,4.670097
WRITE,-13.0,,672781894,4.672096
WRITE,-13.0,,673069875,4.674096
WRITE,-12.0,,673357856,4.676096
WRITE,-12.0,,673645838,4.678096
WRITE,-12.0,,673933819,4.680096
WRITE,-11.0,,674221801,4.682096
WRITE,-11.0,,674509782,4.684096
WRITE,-11.0,,674797763,4.686096
WRITE,-10.0,,675085745,4.688095
WRITE,-10.0,,675373726,4.690095
WRITE,-10.0,,675661708,4.692095
WRITE,-9.0,,675949689,4.694095
WRITE,-9.0,,676237671,4.696095
WRITE,-9.0,,676525652,4.698095
WRITE,-8.0,,676813633,4.700095
WRITE,-8.0,,677101615,4.702095
WRITE,-8.0,,677389596,4.704094
WRITE,-7.0,,677677578,4.706094
WRITE,-7.0,,677965559,4.708094
WRITE,-7.0,,678253541,4.710094
WRITE,-7.0,,678541522,4.712094
WRITE,-6.0,,678829503,4.714094
WRITE,-6.0,,679117485,4.716094
WRITE,-6.0,,679405466,4.718094
WRITE,-5.0,,679693448,4.720093
WRITE,-5.0,,679981429,4.722093
WRITE,-5.0,,680269410,4.724093
WRITE,-5.0,,680557392,4.726093
WRITE,-4.0,,680845373,4.728093
WRITE,-4.0,,681133355,4.730093
WRITE,-4.0,,681421336,4.732093
WRITE,-4.0,,681709318,4.734092
WRITE,-3.0,,681997299,4.736092
WRITE,-3.0,,682285280,4.738092
WRITE,-3.0,,682573262,4.740092
WRITE,-3.0,,682861243,4.742092
WRITE,-3.0,,683149225,4.744092
WRITE,-2.0,,683437206,4.746092
WRITE,-2.0,,683725188,4.748092
WRITE,-2.0,,684013169,4.750091
WRITE,-2.0,,684301150,4.752091
WRITE,-2.0,,684589132,4.754091
WRITE,-2.0,,684877113,4.756091
WRITE,-1.0,,685165095,4.758091
WRITE,-1.0,,685453076,4.760091
WRITE,-1.0,,685741057,4.762091
WRITE,-1.0,,686029039,4.764091
WRITE,-1.0,,686317020,4.766090
WRITE,0.0,,686605002,4.768090
WRITE,0.0,,686892983,4.770090
WRITE,0.0,,687180965,4.772090
WRITE,0.0,,687468946,4.774090
WRITE,0.0,,687756927,4.776090
WRITE,0.0,,688044909,4.778090
WRITE,0.0,,688332890,4.780090
WRITE,0.0,,688620872,4.782089
WRITE,0.0,,688908853,4.784089
WRITE,0.0,,689196835,4.786089
WRITE,0.0,,689484816,4.788089
WRITE,0.0,,689772797,4.790089
WRITE,0.0,,690060779,4.792089
WRITE,0.0,,690348760,4.794089
WRITE,0.0,,690636742,4.796088
WRITE,0.0,,690924723,4.798088
WRITE,0.0,,691212705,4.800088
WRITE,0.0,,691500686,4.802088
WRITE,0.0,,691788667,4.804088
WRITE,0.0,,692076649,4.806088
WRITE,0.0,,692364630,4.808088
WRITE,0.0,,692652612,4.810088
WRITE,0.0,,692940593,4.812087
WRITE,0.0,,693228574,4.814087
WRITE,0.0,,693516556,4.816087
WRITE,0.0,,693804537,4.818087
WRITE,0.0,,694092519,4.820087
WRITE,0.0,,694380500,4.822087
WRITE,0.0,,694668482,4.824087
WRITE,0.0,,694956463,4.826087
WRITE,0.0,,695244444,4.828086
WRITE,0.0,,695532426,4.830086
WRITE,0.0,,695820407,4.832086
WRITE,0.0,,696108389,4.834086
WRITE,0.0,,696396370,4.836086
WRITE,0.0,,696684352,4.838086
WRITE,0.0,,696972333,4.840086
WRITE,0.0,,697260314,4.842086
WRITE,0.0,,697548296,4.844085
WRITE,0.0,,697836277,4.846085
WRITE,0.0,,698124259,4.848085
WRITE,0.0,,698412240,4.850085
WRITE,0.0,,698700221,4.852085
WRITE,0.0,,698988203,4.854085
WRITE,0.0,,699276184,4.856085
WRITE,0.0,,699564166,4.858084
WRITE,0.0,,699852147,4.860084
WRITE,0.0,,700140129,4.862084
WRITE,0.0,,700428110,4.864084
WRITE,0.0,,700716091,4.866084
WRITE,0.0,,701004073,4.868084
WRITE,0.0,,701292054,4.870084
WRITE,0.0,,701580036,4.872084
WRITE,0.0,,701868017,4.874083
WRITE,0.0,,702155999,4.876083
WRITE,0.0,,702443980,4.878083
WRITE,0.0,,702731961,4.880083
WRITE,0.0,,703019943,4.882083
WRITE,0.0,,703307924,4.884083
WRITE,0.0,,703595906,4.886083
WRITE,0.0,,703883887,4.888083
WRITE,0.0,,704171868,4.890082
WRITE,0.0,,704459850,4.892082
WRITE,0.0,,704747831,4.894082
WRITE,0.0,,705035813,4.896082
WRITE,0.0,,705323794,4.898082
WRITE,0.0,,705611776,4.900082
WRITE,0.0,,705899757,4.902082
WRITE,0.0,,706187738,4.904082
WRITE,0.0,,706475720,4.906081
WRITE,0.0,,706763701,4.908081
WRITE,0.0,,707051683,4.910081
WRITE,0.0,,707339664,4.912081
WRITE,0.0,,707627646,4.914081
WRITE,0.0,,707915627,4.916081
WRITE,0.0,,708203608,4.918081
WRITE,0.0,,708491590,4.920080
WRITE,0.0,,708779571,4.922080
WRITE,0.0,,709067553,4.924080
WRITE,0.0,,709355534,4.926080
WRITE,0.0,,709643516,4.928080
WRITE,0.0,,709931497,4.930080
WRITE,0.0,,710219478,4.932080
WRITE,0.0,,710507460,4.934080
WRITE,0.0,,710795441,4.936079
WRITE,0.0,,711083423,4.938079
WRITE,0.0,,711371404,4.940079
WRITE,0.0,,711659385,4.942079
WRITE,0.0,,711947367,4.944079
WRITE,0.0,,712235348,4.946079
WRITE,0.0,,712523330,4.948079
WRITE,0.0,,712811311,4.950079
WRITE,0.0,,713099293,4.952078
WRITE,0.0,,713387274,4.954078
WRITE,0.0,,713675255,4.956078
WRITE,0.0,,713963237,4.958078
WRITE,0.0,,714251218,4.960078
WRITE,0.0,,714539200,4.962078
WRITE,0.0,,714827181,4.964078
WRITE,0.0,,715115163,4.966078
WRITE,0.0,,715403144,4.968077
WRITE,0.0,,715691125,4.970077
WRITE,0.0,,715979107,4.972077
WRITE,0.0,,716267088,4.974077
WRITE,0.0,,716555070,4.976077
WRITE,0.0,,716843051,4.978077
WRITE,0.0,,717131032,4.980077
WRITE,0.0,,717419014,4.982076
WRITE,0.0,,717706995,4.984076
WRITE,0.0,,717994977,4.986076
WRITE,0.0,,718282958,4.988076
WRITE,0.0,,718570940,4.990076
WRITE,0.0,,718858921,4.992076
WRITE,0.0,,719146902,4.994076
WRITE,0.0,,719434884,4.996076
WRITE,0.0,,719722865,4.998075
WRITE,0.0,,720013469,5.000094
WRITE,0.0,,720298824,5.002075
WRITE,0.0,,720586806,5.004075
WRITE,0.0,,720874787,5.006075
WRITE,0.0,,721162768,5.008075
WRITE,0.0,,721450750,5.010075
WRITE,0.0,,721738731,5.012075
WRITE,1.0,,722026713,5.014074
WRITE,2.0,,722314694,5.016074
WRITE,3.0,,722602675,5.018074
WRITE,5.0,,722890657,5.020074
WRITE,6.0,,723178638,5.022074
WRITE,8.0,,723466620,5.024074
WRITE,10.0,,723754601,5.026074
WRITE,12.0,,724042583,5.028073
WRITE,14.0,,724330564,5.030073
WRITE,16.0,,724618545,5.032073
WRITE,18.0,,724906527,5.034073
WRITE,21.0,,725194508,5.036073
WRITE,23.0,,725482490,5.038073
WRITE,25.0,,725770471,5.040073
WRITE,27.0,,726058453,5.042073
WRITE,30.0,,726346434,5.044072
WRITE,32.0,,726634415,5.046072
WRITE,34.0,,726922397,5.048072
WRITE,36.0,,727210378,5.050072
WRITE,37.0,,727498360,5.052072
WRITE,39.0,,727786341,5.054072
WRITE,41.0,,728074323,5.056072
WRITE,43.0,,728362304,5.058072
WRITE,44.0,,728650285,5.060071
WRITE,46.0,,728938267,5.062071
WRITE,47.0,,729226248,5.064071
WRITE,49.0,,729514230,5.066071
WRITE,50.0,,729802211,5.068071
WRITE,52.0,,730090192,5.070071
WRITE,53.0,,730378174,5.072071
WRITE,54.0,,730666155,5.074071
WRITE,56.0,,730954137,5.076070
WRITE,57.0,,731242118,5.078070
WRITE,58.0,,731530100,5.080070
WRITE,59.0,,731818081,5.082070
WRITE,60.0,,732106062,5.084070
WRITE,61.0,,732394044,5.086070
WRITE,62.0,,732682025,5.088070
WRITE,63.0,,732970007,5.090069
WRITE,64.0,,733257988,5.092069
WRITE,65.0,,733545970,5.094069
WRITE,66.0,,733833951,5.096069
WRITE,67.0,,734121932,5.098069
WRITE,67.0,,734409914,5.100069
WRITE,68.0,,734697895,5.102069
WRITE,69.0,,734985877,5.104069
WRITE,70.0,,735273858,5.106068
WRITE,71.0,,735561839,5.108068
WRITE,71.0,,735849821,5.110068
WRITE,72.0,,736137802,5.112068
WRITE,73.0,,736425784,5.114068
WRITE,74.0,,736713765,5.116068
WRITE,74.0,,737001747,5.118068
WRITE,75.0,,737289728,5.120068
WRITE,76.0,,737577709,5.122067
WRITE,77.0,,737865691,5.124067
WRITE,77.0,,738153672,5.126067
WRITE,78.0,,738441654,5.128067
WRITE,79.0,,738729635,5.130067
WRITE,79.0,,739017617,5.132067
WRITE,80.0,,739305598,5.134067
WRITE,81.0,,739593579,5.136067
WRITE,81.0,,739881561,5.138066
WRITE,82.0,,740169542,5.140066
WRITE,82.0,,740457524,5.142066
WRITE,83.0,,740745505,5.144066
WRITE,83.0,,741033486,5.146066
WRITE,84.0,,741321468,5.148066
WRITE,84.0,,741609449,5.150066
WRITE,85.0,,741897431,5.152065
WRITE,85.0,,742185412,5.154065
WRITE,86.0,,742473394,5.156065
WRITE,86.0,,742761375,5.158065
WRITE,87.0,,743049356,5.160065
WRITE,87.0,,743337338,5.162065
WRITE,88.0,,743625319,5.164065
WRITE,88.0,,743913301,5.166065
WRITE,89.0,,744201282,5.168064
WRITE,89.0,,744489264,5.170064
WRITE,90.0,,744777245,5.172064
WRITE,90.0,,745065226,5.174064
WRITE,90.0,,745353208,5.176064
WRITE,91.0,,745641189,5.178064
WRITE,91.0,,745929171,5.180064
WRITE,92.0,,746217152,5.182064
WRITE,92.0,,746505134,5.184063
WRITE,92.0,,746793115,5.186063
WRITE,93.0,,747081096,5.188063
WRITE,93.0,,747369078,5.190063
WRITE,93.0,,747657059,5.192063
WRITE,93.0,,747945041,5.194063
WRITE,94.0,,748233022,5.196063
WRITE,94.0,,748521003,5.198063
WRITE,94.0,,748808985,5.200062
WRITE,95.0,,749096966,5.202062
WRITE,95.0,,749384948,5.204062
WRITE,95.0,,749672929,5.206062
WRITE,96.0,,749960911,5.208062
WRITE,96.0,,750248892,5.210062
WRITE,96.0,,750536873,5.212062
WRITE,97.0,,750824855,5.214061
WRITE,97.0,,751112836,5.216061
WRITE,97.0,,751400818,5.218061
WRITE,97.0,,751688799,5.220061
WRITE,98.0,,751976781,5.222061
WRITE,98.0,,752264762,5.224061
WRITE,98.0,,752552743,5.226061
WRITE,99.0,,752840725,5.228061
WRITE,99.0,,753128706,5.230060
WRITE,99.0,,753416688,5.232060
WRITE,99.0,,753704669,5.234060
WRITE,99.0,,753992650,5.236060
WRITE,99.0,,754280632,5.238060
WRITE,100.0,,754568613,5.240060
WRITE,100.0,,754856595,5.242060
WRITE,100.0,,755144576,5.244060
WRITE,100.0,,755432558,5.246059
WRITE,101.0,,755720539,5.248059
WRITE,101.0,,756008520,5.250059
WRITE,101.0,,756296502,5.252059
WRITE,101.0,,756584483,5.254059
WRITE,101.0,,756872465,5.256059
WRITE,101.0,,757160446,5.258059
WRITE,101.0,,757448428,5.260059
WRITE,101.0,,757736409,5.262058
WRITE,101.0,,758024390,5.264058
WRITE,101.0,,758312372,5.266058
WRITE,101.0,,758600353,5.268058
WRITE,101.0,,758888335,5.270058
WRITE,101.0,,759176316,5.272058
WRITE,101.0,,759464297,5.274058
WRITE,100.0,,759752279,5.276057
WRITE,100.0,,760040260,5.278057
WRITE,100.0,,760328242,5.280057
WRITE,100.0,,760616223,5.282057
WRITE,100.0,,760904205,5.284057
WRITE,100.0,,761192186,5.286057
WRITE,100.0,,761480167,5.288057
WRITE,100.0,,761768149,5.290057
WRITE,100.0,,762056130,5.292056
WRITE,100.0,,762344112,5.294056
WRITE,100.0,,762632093,5.296056
WRITE,100.0,,762920075,5.298056
WRITE,100.0,,763208056,5.300056
WRITE,100.0,,763496037,5.302056
WRITE,100.0,,763784019,5.304056
WRITE,100.0,,764072000,5.306056
WRITE,100.0,,764359982,5.308055
WRITE,100.0,,764647963,5.310055
WRITE,100.0,,764935945,5.312055
WRITE,100.0,,765223926,5.314055
WRITE,100.0,,765511907,5.316055
WRITE,100.0,,765799889,5.318055
WRITE,100.0,,766087870,5.320055
WRITE,100.0,,766375852,5.322055
WRITE,100.0,,766663833,5.324054
WRITE,100.0,,766951814,5.326054
WRITE,100.0,,767239796,5.328054
WRITE,100.0,,767527777,5.330054
WRITE,100.0,,767815759,5.332054
WRITE,100.0,,768103740,5.334054
WRITE,100.0,,768391722,5.336054
WRITE,100.0,,768679703,5.338053
WRITE,100.0,,768967684,5.340053
WRITE,100.0,,769255666,5.342053
WRITE,100.0,,769543647,5.344053
WRITE,100.0,,769831629,5.346053
WRITE,100.0,,770119610,5.348053
WRITE,100.0,,770407592,5.350053
WRITE,100.0,,770695573,5.352053
WRITE,100.0,,770983554,5.354052
WRITE,100.0,,771271536,5.356052
WRITE,100.0,,771559517,5.358052
WRITE,100.0,,771847499,5.360052
WRITE,100.0,,772135480,5.362052
WRITE,100.0,,772423461,5.364052
WRITE,100.0,,772711443,5.366052
WRITE,100.0,,772999424,5.368052
WRITE,100.0,,773287406,5.370051
WRITE,100.0,,773575387,5.372051
WRITE,100.0,,773863369,5.374051
WRITE,100.0,,774151350,5.376051
WRITE,100.0,,774439331,5.378051
WRITE,100.0,,774727313,5.380051
WRITE,100.0,,775015294,5.382051
WRITE,100.0,,775303276,5.384051
WRITE,100.0,,775591257,5.386050
WRITE,100.0,,775879239,5.388050
WRITE,100.0,,776167220,5.390050
WRITE,100.0,,776455201,5.392050
WRITE,100.0,,776743183,5.394050
WRITE,100.0,,777031164,5.396050
WRITE,100.0,,777319146,5.398050
WRITE,100.0,,777607127,5.400049
WRITE,100.0,,777895108,5.402049
WRITE,100.0,,778183090,5.404049
WRITE,100.0,,778471071,5.406049
WRITE,100.0,,778759053,5.408049
WRITE,100.0,,779047034,5.410049
WRITE,100.0,,779335016,5.412049
WRITE,100.0,,779622997,5.414049
WRITE,100.0,,779910978,5.416048
WRITE,100.0,,780198960,5.418048
WRITE,100.0,,780486941,5.420048
WRITE,100.0,,780774923,5.422048
WRITE,100.0,,781062904,5.424048
WRITE,100.0,,781350886,5.426048
WRITE,100.0,,781638867,5.428048
WRITE,100.0,,781926848,5.430048
WRITE,100.0,,782214830,5.432047
WRITE,100.0,,782502811,5.434047
WRITE,100.0,,782790793,5.436047
WRITE,100.0,,783078774,5.438047
WRITE,100.0,,783366756,5.440047
WRITE,100.0,,783654737,5.442047
WRITE,100.0,,783942718,5.444047
WRITE,100.0,,784230700,5.446047
WRITE,100.0,,784518681,5.448046
WRITE,100.0,,784806663,5.450046
WRITE,100.0,,785094644,5.452046
WRITE,100.0,,785382625,5.454046
WRITE,100.0,,785670607,5.456046
WRITE,100.0,,785958588,5.458046
WRITE,100.0,,786246570,5.460046
WRITE,100.0,,786534551,5.462045
WRITE,100.0,,786822533,5.464045
WRITE,100.0,,787110514,5.466045
WRITE,100.0,,787398495,5.468045
WRITE,100.0,,787686477,5.470045
WRITE,100.0,,787974458,5.472045
WRITE,100.0,,788262440,5.474045
WRITE,100.0,,788550421,5.476045
WRITE,100.0,,788838403,5.478044
WRITE,100.0,,789126384,5.480044
WRITE,100.0,,789414365,5.482044
WRITE,100.0,,789702347,5.484044
WRITE,100.0,,789990328,5.486044
WRITE,100.0,,790278310,5.488044
WRITE,100.0,,790566291,5.490044
WRITE,100.0,,790854272,5.492044
WRITE,100.0,,791142254,5.494043
WRITE,100.0,,791430235,5.496043
WRITE,100.0,,791718217,5.498043
WRITE,100.0,,792008807,5.500061
WRITE,100.0,,792294176,5.502043
WRITE,100.0,,792582157,5.504043
WRITE,100.0,,792870138,5.506043
WRITE,100.0,,793158120,5.508043
WRITE,100.0,,793446101,5.510042
WRITE,100.0,,793734083,5.512042
WRITE,101.0,,794022064,5.514042
WRITE,101.0,,794310046,5.516042
WRITE,102.0,,794598027,5.518042
WRITE,103.0,,794886008,5.520042
WRITE,105.0,,795173990,5.522042
WRITE,106.0,,795461971,5.524041
WRITE,108.0,,795749953,5.526041
WRITE,110.0,,796037934,5.528041
WRITE,112.0,,796325915,5.530041
WRITE,114.0,,796613897,5.532041
WRITE,116.0,,796901878,5.534041
WRITE,118.0,,797189860,5.536041
WRITE,120.0,,797477841,5.538041
WRITE,123.0,,797765823,5.540040
WRITE,125.0,,798053804,5.542040
WRITE,127.0,,798341785,5.544040
WRITE,129.0,,798629767,5.546040
WRITE,131.0,,798917748,5.548040
WRITE,133.0,,799205730,5.550040
WRITE,135.0,,799493711,5.552040
WRITE,137.0,,799781693,5.554040
WRITE,139.0,,800069674,5.556039
WRITE,141.0,,800357655,5.558039
WRITE,143.0,,800645637,5.560039
WRITE,145.0,,800933618,5.562039
WRITE,146.0,,801221600,5.564039
WRITE,148.0,,801509581,5.566039
WRITE,149.0,,801797563,5.568039
WRITE,151.0,,802085544,5.570039
WRITE,152.0,,802373525,5.572038
WRITE,154.0,,802661507,5.574038
WRITE,155.0,,802949488,5.576038
WRITE,156.0,,803237470,5.578038
WRITE,157.0,,803525451,5.580038
WRITE,158.0,,803813432,5.582038
WRITE,160.0,,804101414,5.584038
WRITE,161.0,,804389395,5.586037
WRITE,162.0,,804677377,5.588037
WRITE,163.0,,804965358,5.590037
WRITE,164.0,,805253340,5.592037
WRITE,165.0,,805541321,5.594037
WRITE,166.0,,805829302,5.596037
WRITE,167.0,,806117284,5.598037
WRITE,168.0,,806405265,5.600037
WRITE,169.0,,806693247,5.602036
WRITE,169.0,,806981228,5.604036
WRITE,170.0,,807269210,5.606036
WRITE,171.0,,807557191,5.608036
WRITE,172.0,,807845172,5.610036
WRITE,173.0,,808133154,5.612036
WRITE,174.0,,808421135,5.614036
WRITE,174.0,,808709117,5.616036
WRITE,175.0,,808997098,5.618035
WRITE,176.0,,809285079,5.620035
WRITE,177.0,,809573061,5.622035
WRITE,177.0,,809861042,5.624035
WRITE,178.0,,810149024,5.626035
WRITE,179.0,,810437005,5.628035
WRITE,179.0,,810724987,5.630035
WRITE,180.0,,811012968,5.632035
WRITE,181.0,,811300949,5.634034
WRITE,181.0,,811588931,5.636034
WRITE,182.0,,811876912,5.638034
WRITE,183.0,,812164894,5.640034
WRITE,183.0,,812452875,5.642034
WRITE,184.0,,812740857,5.644034
WRITE,185.0,,813028838,5.646034
WRITE,185.0,,813316819,5.648033
WRITE,186.0,,813604801,5.650033
WRITE,186.0,,813892782,5.652033
WRITE,187.0,,814180764,5.654033
WRITE,187.0,,814468745,5.656033
WRITE,188.0,,814756726,5.658033
WRITE,188.0,,815044708,5.660033
WRITE,189.0,,815332689,5.662033
WRITE,189.0,,815620671,5.664032
WRITE,190.0,,815908652,5.666032
WRITE,190.0,,816196634,5.668032
WRITE,190.0,,816484615,5.670032
WRITE,191.0,,816772596,5.672032
WRITE,191.0,,817060578,5.674032
WRITE,191.0,,817348559,5.676032
WRITE,192.0,,817636541,5.678032
WRITE,192.0,,817924522,5.680031
WRITE,192.0,,818212504,5.682031
WRITE,192.0,,818500485,5.684031
WRITE,193.0,,818788466,5.686031
WRITE,193.0,,819076448,5.688031
WRITE,193.0,,819364429,5.690031
WRITE,193.0,,819652411,5.692031
WRITE,194.0,,819940392,5.694031
WRITE,194.0,,820228374,5.696030
WRITE,194.0,,820516355,5.698030
WRITE,195.0,,820804336,5.700030
WRITE,195.0,,821092318,5.702030
WRITE,195.0,,821380299,5.704030
WRITE,196.0,,821668281,5.706030
WRITE,196.0,,821956262,5.708030
WRITE,196.0,,822244243,5.710029
WRITE,197.0,,822532225,5.712029
WRITE,197.0,,822820206,5.714029
WRITE,197.0,,823108188,5.716029
WRITE,198.0,,823396169,5.718029
WRITE,198.0,,823684151,5.720029
WRITE,198.0,,823972132,5.722029
WRITE,198.0,,824260113,5.724029
WRITE,199.0,,824548095,5.726028
WRITE,199.0,,824836076,5.728028
WRITE,199.0,,825124058,5.730028
WRITE,200.0,,825412039,5.732028
WRITE,200.0,,825700021,5.734028
WRITE,200.0,,825988002,5.736028
WRITE,200.0,,826275983,5.738028
WRITE,201.0,,826563965,5.740028
WRITE,201.0,,826851946,5.742027
WRITE,201.0,,827139928,5.744027
WRITE,201.0,,827427909,5.746027
WRITE,201.0,,827715890,5.748027
WRITE,202.0,,828003872,5.750027
WRITE,202.0,,828291853,5.752027
WRITE,202.0,,828579835,5.754027
WRITE,202.0,,828867816,5.756027
WRITE,202.0,,829155798,5.758026
WRITE,203.0,,829443779,5.760026
WRITE,203.0,,829731760,5.762026
WRITE,203.0,,830019742,5.764026
WRITE,203.0,,830307723,5.766026
WRITE,204.0,,830595705,5.768026
WRITE,204.0,,830883686,5.770026
WRITE,204.0,,831171668,5.772025
WRITE,204.0,,831459649,5.774025
WRITE,204.0,,831747630,5.776025
WRITE,204.0,,832035612,5.778025
WRITE,204.0,,832323593,5.780025
WRITE,204.0,,832611575,5.782025
WRITE,204.0,,832899556,5.784025
WRITE,204.0,,833187537,5.786025
WRITE,204.0,,833475519,5.788024
WRITE,204.0,,833763500,5.790024
WRITE,204.0,,834051482,5.792024
WRITE,204.0,,834339463,5.794024
WRITE,204.0,,834627445,5.796024
WRITE,203.0,,834915426,5.798024
WRITE,203.0,,835203407,5.800024
WRITE,203.0,,835491389,5.802024
WRITE,203.0,,835779370,5.804023
WRITE,203.0,,836067352,5.806023
WRITE,203.0,,836355333,5.808023
WRITE,203.0,,836643315,5.810023
WRITE,203.0,,836931296,5.812023
WRITE,203.0,,837219277,5.814023
WRITE,203.0,,837507259,5.816023
WRITE,203.0,,837795240,5.818023
WRITE,203.0,,838083222,5.820022
WRITE,203.0,,838371203,5.822022
WRITE,203.0,,838659185,5.824022
WRITE,203.0,,838947166,5.826022
WRITE,203.0,,839235147,5.828022
WRITE,203.0,,839523129,5.830022
WRITE,203.0,,839811110,5.832022
WRITE,203.0,,840099092,5.834021
WRITE,203.0,,840387073,5.836021
WRITE,203.0,,840675054,5.838021
WRITE,203.0,,840963036,5.840021
WRITE,203.0,,841251017,5.842021
WRITE,203.0,,841538999,5.844021
WRITE,203.0,,841826980,5.846021
WRITE,203.0,,842114962,5.848021
WRITE,203.0,,842402943,5.850020
WRITE,203.0,,842690924,5.852020
WRITE,203.0,,842978906,5.854020
WRITE,203.0,,843266887,5.856020
WRITE,203.0,,843554869,5.858020
WRITE,203.0,,843842850,5.860020
WRITE,203.0,,844130832,5.862020
WRITE,203.0,,844418813,5.864020
WRITE,203.0,,844706794,5.866019
WRITE,203.0,,844994776,5.868019
WRITE,203.0,,845282757,5.870019
WRITE,203.0,,845570739,5.872019
WRITE,203.0,,845858720,5.874019
WRITE,203.0,,846146701,5.876019
WRITE,203.0,,846434683,5.878019
WRITE,203.0,,846722664,5.880019
WRITE,203.0,,847010646,5.882018
WRITE,203.0,,847298627,5.884018
WRITE,203.0,,847586609,5.886018
WRITE,203.0,,847874590,5.888018
WRITE,203.0,,848162571,5.890018
WRITE,203.0,,848450553,5.892018
WRITE,203.0,,848738534,5.894018
WRITE,203.0,,849026516,5.896017
WRITE,203.0,,849314497,5.898017
WRITE,203.0,,849602479,5.900017
WRITE,203.0,,849890460,5.902017
WRITE,203.0,,850178441,5.904017
WRITE,203.0,,850466423,5.906017
WRITE,203.0,,850754404,5.908017
WRITE,203.0,,851042386,5.910017
WRITE,203.0,,851330367,5.912016
WRITE,203.0,,851618348,5.914016
WRITE,203.0,,851906330,5.916016
WRITE,203.0,,852194311,5.918016
WRITE,203.0,,852482293,5.920016
WRITE,203.0,,852770274,5.922016
WRITE,203.0,,853058256,5.924016
WRITE,203.0,,853346237,5.926016
WRITE,203.0,,853634218,5.928015
WRITE,203.0,,853922200,5.930015
WRITE,203.0,,854210181,5.932015
WRITE,203.0,,854498163,5.934015
WRITE,203.0,,854786144,5.936015
WRITE,203.0,,855074126,5.938015
WRITE,203.0,,855362107,5.940015
WRITE,203.0,,855650088,5.942015
WRITE,203.0,,855938070,5.944014
WRITE,203.0,,856226051,5.946014
WRITE,203.0,,856514033,5.948014
WRITE,203.0,,856802014,5.950014
WRITE,203.0,,857089996,5.952014
WRITE,203.0,,857377977,5.954014
WRITE,203.0,,857665958,5.956014
WRITE,203.0,,857953940,5.958013
WRITE,203.0,,858241921,5.960013
WRITE,203.0,,858529903,5.962013
WRITE,203.0,,858817884,5.964013
WRITE,203.0,,859105865,5.966013
WRITE,203.0,,859393847,5.968013
WRITE,203.0,,859681828,5.970013
WRITE,203.0,,859969810,5.972013
WRITE,203.0,,860257791,5.974012
WRITE,203.0,,860545773,5.976012
WRITE,203.0,,860833754,5.978012
WRITE,203.0,,861121735,5.980012
WRITE,203.0,,861409717,5.982012
WRITE,203.0,,861697698,5.984012
WRITE,203.0,,861985680,5.986012
WRITE,203.0,,862273661,5.988012
WRITE,203.0,,862561643,5.990011
WRITE,203.0,,862849624,5.992011
WRITE,203.0,,863137605,5.994011
WRITE,203.0,,863425587,5.996011
WRITE,203.0,,863713568,5.998011
WRITE,203.0,,864004158,6.000029
WRITE,203.0,,864289527,6.002011
WRITE,203.0,,864577508,6.004010
WRITE,203.0,,864865490,6.006010
WRITE,203.0,,865153471,6.008010
WRITE,203.0,,865441453,6.010010
WRITE,204.0,,865729434,6.012010
WRITE,204.0,,866017416,6.014010
WRITE,205.0,,866305397,6.016010
WRITE,207.0,,866593378,6.018010
WRITE,208.0,,866881360,6.020009
WRITE,210.0,,867169341,6.022009
WRITE,211.0,,867457323,6.024009
WRITE,213.0,,867745304,6.026009
WRITE,215.0,,868033286,6.028009
WRITE,217.0,,868321267,6.030009
WRITE,219.0,,868609248,6.032009
WRITE,221.0,,868897230,6.034009
WRITE,224.0,,869185211,6.036008
WRITE,226.0,,869473193,6.038008
WRITE,228.0,,869761174,6.040008
WRITE,230.0,,870049155,6.042008
WRITE,233.0,,870337137,6.044008
WRITE,235.0,,870625118,6.046008
WRITE,237.0,,870913100,6.048008
WRITE,239.0,,871201081,6.050008
WRITE,241.0,,871489063,6.052007
WRITE,243.0,,871777044,6.054007
WRITE,245.0,,872065025,6.056007
WRITE,247.0,,872353007,6.058007
WRITE,249.0,,872640988,6.060007
WRITE,250.0,,872928970,6.062007
WRITE,252.0,,873216951,6.064007
WRITE,253.0,,873504933,6.066006
WRITE,255.0,,873792914,6.068006
WRITE,256.0,,874080895,6.070006
WRITE,258.0,,874368877,6.072006
WRITE,259.0,,874656858,6.074006
WRITE,260.0,,874944840,6.076006
WRITE,261.0,,875232821,6.078006
WRITE,262.0,,875520803,6.080006
WRITE,264.0,,875808784,6.082005
WRITE,265.0,,876096765,6.084005
WRITE,266.0,,876384747,6.086005
WRITE,267.0,,876672728,6.088005
WRITE,268.0,,876960710,6.090005
WRITE,269.0,,877248691,6.092005
WRITE,270.0,,877536672,6.094005
WRITE,270.0,,877824654,6.096005
WRITE,271.0,,878112635,6.098004
WRITE,272.0,,878400617,6.100004
WRITE,273.0,,878688598,6.102004
WRITE,274.0,,878976580,6.104004
WRITE,274.0,,879264561,6.106004
WRITE,275.0,,879552542,6.108004
WRITE,276.0,,879840524,6.110004
WRITE,277.0,,880128505,6.112004
WRITE,277.0,,880416487,6.114003
WRITE,278.0,,880704468,6.116003
WRITE,279.0,,880992450,6.118003
WRITE,280.0,,881280431,6.120003
WRITE,280.0,,881568412,6.122003
WRITE,281.0,,881856394,6.124003
WRITE,282.0,,882144375,6.126003
WRITE,282.0,,882432357,6.128002
WRITE,283.0,,882720338,6.130002
WRITE,284.0,,883008319,6.132002
WRITE,285.0,,883296301,6.134002
WRITE,285.0,,883584282,6.136002
WRITE,286.0,,883872264,6.138002
WRITE,286.0,,884160245,6.140002
WRITE,287.0,,884448227,6.142002
WRITE,288.0,,884736208,6.144001
WRITE,288.0,,885024189,6.146001
WRITE,289.0,,885312171,6.148001
WRITE,289.0,,885600152,6.150001
WRITE,290.0,,885888134,6.152001
WRITE,290.0,,886176115,6.154001
WRITE,290.0,,886464097,6.156001
WRITE,291.0,,886752078,6.158001
WRITE,291.0,,887040059,6.160000
WRITE,292.0,,887328041,6.162000
WRITE,292.0,,887616022,6.164000
WRITE,292.0,,887904004,6.166000
WRITE,293.0,,888191985,6.168000
WRITE,293.0,,888479966,6.170000
WRITE,294.0,,888767948,6.172000
WRITE,294.0,,889055929,6.174000
WRITE,295.0,,889343911,6.175999
WRITE,295.0,,889631892,6.177999
WRITE,296.0,,889919874,6.179999
WRITE,296.0,,890207855,6.181999
WRITE,297.0,,890495836,6.183999
WRITE,297.0,,890783818,6.185999
WRITE,297.0,,891071799,6.187999
WRITE,298.0,,891359781,6.189998
WRITE,298.0,,891647762,6.191998
WRITE,299.0,,891935744,6.193998
WRITE,299.0,,892223725,6.195998
WRITE,299.0,,892511706,6.197998
WRITE,300.0,,892799688,6.199998
WRITE,300.0,,893087669,6.201998
WRITE,300.0,,893375651,6.203998
WRITE,300.0,,893663632,6.205997
WRITE,301.0,,893951614,6.207997
WRITE,301.0,,894239595,6.209997
WRITE,301.0,,894527576,6.211997
WRITE,301.0,,894815558,6.213997
WRITE,301.0,,895103539,6.215997
WRITE,301.0,,895391521,6.217997
WRITE,301.0,,895679502,6.219997
WRITE,301.0,,895967483,6.221996
WRITE,301.0,,896255465,6.223996
WRITE,301.0,,896543446,6.225996
WRITE,301.0,,896831428,6.227996
WRITE,301.0,,897119409,6.229996
WRITE,301.0,,897407391,6.231996
WRITE,301.0,,897695372,6.233996
WRITE,302.0,,897983353,6.235996
WRITE,302.0,,898271335,6.237995
WRITE,302.0,,898559316,6.239995
WRITE,302.0,,898847298,6.241995
WRITE,302.0,,899135279,6.243995
WRITE,303.0,,899423261,6.245995
WRITE,303.0,,899711242,6.247995
WRITE,303.0,,899999223,6.249995
WRITE,303.0,,900287205,6.251994
WRITE,303.0,,900575186,6.253994
WRITE,303.0,,900863168,6.255994
WRITE,304.0,,901151149,6.257994
WRITE,304.0,,901439130,6.259994
WRITE,304.0,,901727112,6.261994
WRITE,304.0,,902015093,6.263994
WRITE,305.0,,902303075,6.265994
WRITE,305.0,,902591056,6.267993
WRITE,305.0,,902879038,6.269993
WRITE,305.0,,903167019,6.271993
WRITE,305.0,,903455000,6.273993
WRITE,305.0,,903742982,6.275993
WRITE,305.0,,904030963,6.277993
WRITE,305.0,,904318945,6.279993
WRITE,305.0,,904606926,6.281993
WRITE,305.0,,904894908,6.283992
WRITE,305.0,,905182889,6.285992
WRITE,305.0,,905470870,6.287992
WRITE,305.0,,905758852,6.289992
WRITE,306.0,,906046833,6.291992
WRITE,306.0,,906334815,6.293992
WRITE,306.0,,906622796,6.295992
WRITE,306.0,,906910777,6.297992
WRITE,306.0,,907198759,6.299991
WRITE,306.0,,907486740,6.301991
WRITE,306.0,,907774722,6.303991
WRITE,306.0,,908062703,6.305991
WRITE,306.0,,908350685,6.307991
WRITE,306.0,,908638666,6.309991
WRITE,306.0,,908926647,6.311991
WRITE,306.0,,909214629,6.313990
WRITE,306.0,,909502610,6.315990
WRITE,306.0,,909790592,6.317990
WRITE,306.0,,910078573,6.319990
WRITE,306.0,,910366555,6.321990
WRITE,306.0,,910654536,6.323990
WRITE,306.0,,910942517,6.325990
WRITE,306.0,,911230499,6.327990
WRITE,306.0,,911518480,6.329989
WRITE,306.0,,911806462,6.331989
WRITE,306.0,,912094443,6.333989
WRITE,306.0,,912382425,6.335989
WRITE,306.0,,912670406,6.337989
WRITE,306.0,,912958387,6.339989
WRITE,306.0,,913246369,6.341989
WRITE,306.0,,913534350,6.343989
WRITE,306.0,,913822332,6.345988
WRITE,306.0,,914110313,6.347988
WRITE,306.0,,914398294,6.349988
WRITE,306.0,,914686276,6.351988
WRITE,306.0,,914974257,6.353988
WRITE,306.0,,915262239,6.355988
WRITE,306.0,,915550220,6.357988
WRITE,306.0,,915838202,6.359988
WRITE,306.0,,916126183,6.361987
WRITE,306.0,,916414164,6.363987
WRITE,306.0,,916702146,6.365987
WRITE,306.0,,916990127,6.367987
WRITE,306.0,,917278109,6.369987
WRITE,306.0,,917566090,6.371987
WRITE,306.0,,917854072,6.373987
WRITE,306.0,,918142053,6.375986
WRITE,306.0,,918430034,6.377986
WRITE,306.0,,918718016,6.379986
WRITE,306.0,,919005997,6.381986
WRITE,306.0,,919293979,6.383986
WRITE,306.0,,919581960,6.385986
WRITE,306.0,,919869941,6.387986
WRITE,306.0,,920157923,6.389986
WRITE,306.0,,920445904,6.391985
WRITE,306.0,,920733886,6.393985
WRITE,306.0,,921021867,6.395985
WRITE,306.0,,921309849,6.397985
WRITE,306.0,,921597830,6.399985
WRITE,306.0,,921885811,6.401985
WRITE,306.0,,922173793,6.403985
WRITE,306.0,,922461774,6.405985
WRITE,306.0,,922749756,6.407984
WRITE,306.0,,923037737,6.409984
WRITE,306.0,,923325719,6.411984
WRITE,306.0,,923613700,6.413984
WRITE,306.0,,923901681,6.415984
WRITE,306.0,,924189663,6.417984
WRITE,306.0,,924477644,6.419984
WRITE,306.0,,924765626,6.421984
WRITE,306.0,,925053607,6.423983
WRITE,306.0,,925341588,6.425983
WRITE,306.0,,925629570,6.427983
WRITE,306.0,,925917551,6.429983
WRITE,306.0,,926205533,6.431983
WRITE,306.0,,926493514,6.433983
WRITE,306.0,,926781496,6.435983
WRITE,306.0,,927069477,6.437982
WRITE,306.0,,927357458,6.439982
WRITE,306.0,,927645440,6.441982
WRITE,306.0,,927933421,6.443982
WRITE,306.0,,928221403,6.445982
WRITE,306.0,,928509384,6.447982
WRITE,306.0,,928797366,6.449982
WRITE,306.0,,929085347,6.451982
WRITE,306.0,,929373328,6.453981
WRITE,306.0,,929661310,6.455981
WRITE,306.0,,929949291,6.457981
WRITE,306.0,,930237273,6.459981
WRITE,306.0,,930525254,6.461981
WRITE,306.0,,930813236,6.463981
WRITE,306.0,,931101217,6.465981
WRITE,306.0,,931389198,6.467981
WRITE,306.0,,931677180,6.469980
WRITE,306.0,,931965161,6.471980
WRITE,306.0,,932253143,6.473980
WRITE,306.0,,932541124,6.475980
WRITE,306.0,,932829105,6.477980
WRITE,306.0,,933117087,6.479980
WRITE,306.0,,933405068,6.481980
WRITE,306.0,,933693050,6.483980
WRITE,306.0,,933981031,6.485979
WRITE,306.0,,934269013,6.487979
WRITE,306.0,,934556994,6.489979
WRITE,306.0,,934844975,6.491979
WRITE,306.0,,935132957,6.493979
WRITE,306.0,,935420938,6.495979
WRITE,306.0,,935708920,6.497979
WRITE,306.0,,935999510,6.499997
WRITE,306.0,,936284879,6.501978
WRITE,306.0,,936572860,6.503978
WRITE,306.0,,936860841,6.505978
WRITE,306.0,,937148823,6.507978
WRITE,306.0,,937436804,6.509978
WRITE,306.0,,937724786,6.511978
WRITE,307.0,,938012767,6.513978
WRITE,308.0,,938300748,6.515977
WRITE,309.0,,938588730,6.517977
WRITE,310.0,,938876711,6.519977
WRITE,311.0,,939164693,6.521977
WRITE,313.0,,939452674,6.523977
WRITE,314.0,,939740656,6.525977
WRITE,316.0,,940028637,6.527977
WRITE,318.0,,940316618,6.529977
WRITE,320.0,,940604600,6.531976
WRITE,322.0,,940892581,6.533976
WRITE,325.0,,941180563,6.535976
WRITE,327.0,,941468544,6.537976
WRITE,329.0,,941756526,6.539976
WRITE,331.0,,942044507,6.541976
WRITE,333.0,,942332488,6.543976
WRITE,336.0,,942620470,6.545975
WRITE,338.0,,942908451,6.547975
WRITE,340.0,,943196433,6.549975
WRITE,342.0,,943484414,6.551975
WRITE,344.0,,943772395,6.553975
WRITE,346.0,,944060377,6.555975
WRITE,348.0,,944348358,6.557975
WRITE,350.0,,944636340,6.559975
WRITE,352.0,,944924321,6.561974
WRITE,353.0,,945212303,6.563974
WRITE,355.0,,945500284,6.565974
WRITE,357.0,,945788265,6.567974
WRITE,358.0,,946076247,6.569974
WRITE,360.0,,946364228,6.571974
WRITE,361.0,,946652210,6.573974
WRITE,363.0,,946940191,6.575974
WRITE,364.0,,947228173,6.577973
WRITE,365.0,,947516154,6.579973
WRITE,367.0,,947804135,6.581973
WRITE,368.0,,948092117,6.583973
WRITE,369.0,,948380098,6.585973
WRITE,370.0,,948668080,6.587973
WRITE,371.0,,948956061,6.589973
WRITE,373.0,,949244043,6.591973
WRITE,373.0,,949532024,6.593972
WRITE,374.0,,949820005,6.595972
WRITE,375.0,,950107987,6.597972
WRITE,376.0,,950395968,6.599972
WRITE,377.0,,950683950,6.601972
WRITE,378.0,,950971931,6.603972
WRITE,379.0,,951259912,6.605972
WRITE,380.0,,951547894,6.607971
WRITE,381.0,,951835875,6.609971
WRITE,381.0,,952123857,6.611971
WRITE,382.0,,952411838,6.613971
WRITE,383.0,,952699820,6.615971
WRITE,384.0,,952987801,6.617971
WRITE,385.0,,953275782,6.619971
WRITE,385.0,,953563764,6.621971
WRITE,386.0,,953851745,6.623970
WRITE,387.0,,954139727,6.625970
WRITE,388.0,,954427708,6.627970
WRITE,388.0,,954715690,6.629970
WRITE,389.0,,955003671,6.631970
WRITE,390.0,,955291652,6.633970
WRITE,390.0,,955579634,6.635970
WRITE,391.0,,955867615,6.637970
WRITE,392.0,,956155597,6.639969
WRITE,393.0,,956443578,6.641969
WRITE,393.0,,956731559,6.643969
WRITE,394.0,,957019541,6.645969
WRITE,395.0,,957307522,6.647969
WRITE,395.0,,957595504,6.649969
WRITE,396.0,,957883485,6.651969
WRITE,396.0,,958171467,6.653969
WRITE,397.0,,958459448,6.655968
WRITE,397.0,,958747429,6.657968
WRITE,398.0,,959035411,6.659968
WRITE,398.0,,959323392,6.661968
WRITE,399.0,,959611374,6.663968
WRITE,399.0,,959899355,6.665968
WRITE,400.0,,960187337,6.667968
WRITE,400.0,,960475318,6.669967
WRITE,401.0,,960763299,6.671967
WRITE,401.0,,961051281,6.673967
WRITE,401.0,,961339262,6.675967
WRITE,402.0,,961627244,6.677967
WRITE,402.0,,961915225,6.679967
WRITE,402.0,,962203206,6.681967
WRITE,403.0,,962491188,6.683967
WRITE,403.0,,962779169,6.685966
WRITE,403.0,,963067151,6.687966
WRITE,404.0,,963355132,6.689966
WRITE,404.0,,963643114,6.691966
WRITE,405.0,,963931095,6.693966
WRITE,405.0,,964219076,6.695966
WRITE,405.0,,964507058,6.697966
WRITE,406.0,,964795039,6.699966
WRITE,406.0,,965083021,6.701965
WRITE,407.0,,965371002,6.703965
WRITE,407.0,,965658984,6.705965
WRITE,407.0,,965946965,6.707965
WRITE,408.0,,966234946,6.709965
WRITE,408.0,,966522928,6.711965
WRITE,409.0,,966810909,6.713965
WRITE,409.0,,967098891,6.715965
WRITE,409.0,,967386872,6.717964
WRITE,410.0,,967674854,6.719964
WRITE,410.0,,967962835,6.721964
WRITE,411.0,,968250816,6.723964
WRITE,411.0,,968538798,6.725964
WRITE,411.0,,968826779,6.727964
WRITE,412.0,,969114761,6.729964
WRITE,412.0,,969402742,6.731963
WRITE,412.0,,969690723,6.733963
WRITE,413.0,,969978705,6.735963
WRITE,413.0,,970266686,6.737963
WRITE,413.0,,970554668,6.739963
WRITE,414.0,,970842649,6.741963
WRITE,414.0,,971130631,6.743963
WRITE,414.0,,971418612,6.745963
WRITE,414.0,,971706593,6.747962
WRITE,414.0,,971994575,6.749962
WRITE,414.0,,972282556,6.751962
WRITE,415.0,,972570538,6.753962
WRITE,415.0,,972858519,6.755962
WRITE,415.0,,973146501,6.757962
WRITE,415.0,,973434482,6.759962
WRITE,415.0,,973722463,6.761962
WRITE,415.0,,974010445,6.763961
WRITE,416.0,,974298426,6.765961
WRITE,416.0,,974586408,6.767961
WRITE,416.0,,974874389,6.769961
WRITE,416.0,,975162370,6.771961
WRITE,416.0,,975450352,6.773961
WRITE,416.0,,975738333,6.775961
WRITE,416.0,,976026315,6.777961
WRITE,416.0,,976314296,6.779960
WRITE,416.0,,976602278,6.781960
WRITE,416.0,,976890259,6.783960
WRITE,416.0,,977178240,6.785960
WRITE,416.0,,977466222,6.787960
WRITE,417.0,,977754203,6.789960
WRITE,417.0,,978042185,6.791960
WRITE,417.0,,978330166,6.793959
WRITE,417.0,,978618148,6.795959
WRITE,417.0,,978906129,6.797959
WRITE,417.0,,979194110,6.799959
WRITE,417.0,,979482092,6.801959
WRITE,417.0,,979770073,6.803959
WRITE,417.0,,980058055,6.805959
WRITE,417.0,,980346036,6.807959
WRITE,417.0,,980634017,6.809958
WRITE,417.0,,980921999,6.811958
WRITE,417.0,,981209980,6.813958
WRITE,417.0,,981497962,6.815958
WRITE,417.0,,981785943,6.817958
WRITE,417.0,,982073925,6.819958
WRITE,417.0,,982361906,6.821958
WRITE,417.0,,982649887,6.823958
WRITE,417.0,,982937869,6.825957
WRITE,417.0,,983225850,6.827957
WRITE,417.0,,983513832,6.829957
WRITE,417.0,,983801813,6.831957
WRITE,417.0,,984089795,6.833957
WRITE,417.0,,984377776,6.835957
WRITE,417.0,,984665757,6.837957
WRITE,417.0,,984953739,6.839957
WRITE,417.0,,985241720,6.841956
WRITE,417.0,,985529702,6.843956
WRITE,417.0,,985817683,6.845956
WRITE,417.0,,986105665,6.847956
WRITE,417.0,,986393646,6.849956
WRITE,417.0,,986681627,6.851956
WRITE,417.0,,986969609,6.853956
WRITE,417.0,,987257590,6.855955
WRITE,417.0,,987545572,6.857955
WRITE,417.0,,987833553,6.859955
WRITE,417.0,,988121534,6.861955
WRITE,417.0,,988409516,6.863955
WRITE,417.0,,988697497,6.865955
WRITE,417.0,,988985479,6.867955
WRITE,417.0,,989273460,6.869955
WRITE,417.0,,989561442,6.871954
WRITE,417.0,,989849423,6.873954
WRITE,417.0,,990137404,6.875954
WRITE,417.0,,990425386,6.877954
WRITE,417.0,,990713367,6.879954
WRITE,417.0,,991001349,6.881954
WRITE,417.0,,991289330,6.883954
WRITE,417.0,,991577312,6.885954
WRITE,417.0,,991865293,6.887953
WRITE,417.0,,992153274,6.889953
WRITE,417.0,,992441256,6.891953
WRITE,417.0,,992729237,6.893953
WRITE,417.0,,993017219,6.895953
WRITE,417.0,,993305200,6.897953
WRITE,417.0,,993593181,6.899953
WRITE,417.0,,993881163,6.901953
WRITE,417.0,,994169144,6.903952
WRITE,417.0,,994457126,6.905952
WRITE,417.0,,994745107,6.907952
WRITE,417.0,,995033089,6.909952
WRITE,417.0,,995321070,6.911952
WRITE,417.0,,995609051,6.913952
WRITE,417.0,,995897033,6.915952
WRITE,417.0,,996185014,6.917951
WRITE,417.0,,996472996,6.919951
WRITE,417.0,,996760977,6.921951
WRITE,417.0,,997048959,6.923951
WRITE,417.0,,997336940,6.925951
WRITE,417.0,,997624921,6.927951
WRITE,417.0,,997912903,6.929951
WRITE,417.0,,998200884,6.931951
WRITE,417.0,,998488866,6.933950
WRITE,417.0,,998776847,6.935950
WRITE,417.0,,999064828,6.937950
WRITE,417.0,,999352810,6.939950
WRITE,417.0,,999640791,6.941950
WRITE,417.0,,999928773,6.943950
WRITE,417.0,,1000216754,6.945950
WRITE,417.0,,1000504736,6.947950
WRITE,417.0,,1000792717,6.949949
WRITE,417.0,,1001080698,6.951949
WRITE,417.0,,1001368680,6.953949
WRITE,417.0,,1001656661,6.955949
WRITE,417.0,,1001944643,6.957949
WRITE,417.0,,1002232624,6.959949
WRITE,417.0,,1002520606,6.961949
WRITE,417.0,,1002808587,6.963949
WRITE,417.0,,1003096568,6.965948
WRITE,417.0,,1003384550,6.967948
WRITE,417.0,,1003672531,6.969948
WRITE,417.0,,1003960513,6.971948
WRITE,417.0,,1004248494,6.973948
WRITE,417.0,,1004536476,6.975948
WRITE,417.0,,1004824457,6.977948
WRITE,417.0,,1005112438,6.979947
WRITE,417.0,,1005400420,6.981947
WRITE,417.0,,1005688401,6.983947
WRITE,417.0,,1005976383,6.985947
WRITE,417.0,,1006264364,6.987947
WRITE,417.0,,1006552345,6.989947
WRITE,417.0,,1006840327,6.991947
WRITE,417.0,,1007128308,6.993947
WRITE,417.0,,1007416290,6.995946
WRITE,417.0,,1007704271,6.997946
WRITE,417.0,,1007994861,6.999964
WRITE,417.0,,1008280230,7.001946
WRITE,417.0,,1008568211,7.003946
WRITE,417.0,,1008856193,7.005946
WRITE,417.0,,1009144174,7.007946
WRITE,417.0,,1009432156,7.009946
WRITE,417.0,,1009720137,7.011945
WRITE,418.0,,1010008119,7.013945
WRITE,419.0,,1010296100,7.015945
WRITE,420.0,,1010584081,7.017945
WRITE,421.0,,1010872063,7.019945
WRITE,423.0,,1011160044,7.021945
WRITE,424.0,,1011448026,7.023945
WRITE,426.0,,1011736007,7.025944
WRITE,428.0,,1012023988,7.027944
WRITE,430.0,,1012311970,7.029944
WRITE,432.0,,1012599951,7.031944
WRITE,434.0,,1012887933,7.033944
WRITE,436.0,,1013175914,7.035944
WRITE,439.0,,1013463896,7.037944
WRITE,441.0,,1013751877,7.039944
WRITE,443.0,,1014039858,7.041943
WRITE,445.0,,1014327840,7.043943
WRITE,447.0,,1014615821,7.045943
WRITE,449.0,,1014903803,7.047943
WRITE,451.0,,1015191784,7.049943
WRITE,453.0,,1015479766,7.051943
WRITE,455.0,,1015767747,7.053943
WRITE,457.0,,1016055728,7.055943
WRITE,459.0,,1016343710,7.057942
WRITE,461.0,,1016631691,7.059942
WRITE,462.0,,1016919673,7.061942
WRITE,464.0,,1017207654,7.063942
WRITE,465.0,,1017495635,7.065942
WRITE,467.0,,1017783617,7.067942
WRITE,468.0,,1018071598,7.069942
WRITE,469.0,,1018359580,7.071942
WRITE,471.0,,1018647561,7.073941
WRITE,472.0,,1018935543,7.075941
WRITE,473.0,,1019223524,7.077941
WRITE,475.0,,1019511505,7.079941
WRITE,476.0,,1019799487,7.081941
WRITE,477.0,,1020087468,7.083941
WRITE,478.0,,1020375450,7.085941
WRITE,479.0,,1020663431,7.087940
WRITE,481.0,,1020951413,7.089940
WRITE,482.0,,1021239394,7.091940
WRITE,483.0,,1021527375,7.093940
WRITE,484.0,,1021815357,7.095940
WRITE,485.0,,1022103338,7.097940
WRITE,486.0,,1022391320,7.099940
WRITE,487.0,,1022679301,7.101940
WRITE,488.0,,1022967283,7.103939
WRITE,489.0,,1023255264,7.105939
WRITE,490.0,,1023543245,7.107939
WRITE,490.0,,1023831227,7.109939
WRITE,491.0,,1024119208,7.111939
WRITE,492.0,,1024407190,7.113939
WRITE,493.0,,1024695171,7.115939
WRITE,494.0,,1024983152,7.117939
WRITE,494.0,,1025271134,7.119938
WRITE,495.0,,1025559115,7.121938
WRITE,496.0,,1025847097,7.123938
WRITE,496.0,,1026135078,7.125938
WRITE,497.0,,1026423060,7.127938
WRITE,498.0,,1026711041,7.129938
WRITE,498.0,,1026999022,7.131938
WRITE,499.0,,1027287004,7.133938
WRITE,499.0,,1027574985,7.135937
WRITE,500.0,,1027862967,7.137937
WRITE,500.0,,1028150948,7.139937
WRITE,501.0,,1028438930,7.141937
WRITE,501.0,,1028726911,7.143937
WRITE,502.0,,1029014892,7.145937
WRITE,502.0,,1029302874,7.147937
WRITE,502.0,,1029590855,7.149936
WRITE,503.0,,1029878837,7.151936
WRITE,503.0,,1030166818,7.153936
WRITE,504.0,,1030454799,7.155936
WRITE,504.0,,1030742781,7.157936
WRITE,505.0,,1031030762,7.159936
WRITE,505.0,,1031318744,7.161936
WRITE,505.0,,1031606725,7.163936
WRITE,506.0,,1031894707,7.165935
WRITE,506.0,,1032182688,7.167935
WRITE,506.0,,1032470669,7.169935
WRITE,507.0,,1032758651,7.171935
WRITE,507.0,,1033046632,7.173935
WRITE,508.0,,1033334614,7.175935
WRITE,508.0,,1033622595,7.177935
WRITE,508.0,,1033910577,7.179935
WRITE,509.0,,1034198558,7.181934
WRITE,509.0,,1034486539,7.183934
WRITE,509.0,,1034774521,7.185934
WRITE,510.0,,1035062502,7.187934
WRITE,510.0,,1035350484,7.189934
WRITE,510.0,,1035638465,7.191934
WRITE,511.0,,1035926446,7.193934
WRITE,511.0,,1036214428,7.195934
WRITE,511.0,,1036502409,7.197933
WRITE,512.0,,1036790391,7.199933
WRITE,512.0,,1037078372,7.201933
WRITE,512.0,,1037366354,7.203933
WRITE,513.0,,1037654335,7.205933
WRITE,513.0,,1037942316,7.207933
WRITE,514.0,,1038230298,7.209933
WRITE,514.0,,1038518279,7.211932
WRITE,514.0,,1038806261,7.213932
WRITE,515.0,,1039094242,7.215932
WRITE,515.0,,1039382224,7.217932
WRITE,515.0,,1039670205,7.219932
WRITE,516.0,,1039958186,7.221932
WRITE,516.0,,1040246168,7.223932
WRITE,516.0,,1040534149,7.225932
WRITE,517.0,,1040822131,7.227931
WRITE,517.0,,1041110112,7.229931
WRITE,517.0,,1041398094,7.231931
WRITE,517.0,,1041686075,7.233931
WRITE,518.0,,1041974056,7.235931
WRITE,518.0,,1042262038,7.237931
WRITE,518.0,,1042550019,7.239931
WRITE,518.0,,1042838001,7.241931
WRITE,519.0,,1043125982,7.243930
WRITE,519.0,,1043413963,7.245930
WRITE,519.0,,1043701945,7.247930
WRITE,519.0,,1043989926,7.249930
WRITE,519.0,,1044277908,7.251930
WRITE,520.0,,1044565889,7.253930
WRITE,520.0,,1044853871,7.255930
WRITE,520.0,,1045141852,7.257930
WRITE,520.0,,1045429833,7.259929
WRITE,520.0,,1045717815,7.261929
WRITE,521.0,,1046005796,7.263929
WRITE,521.0,,1046293778,7.265929
WRITE,521.0,,1046581759,7.267929
WRITE,521.0,,1046869741,7.269929
WRITE,521.0,,1047157722,7.271929
WRITE,521.0,,1047445703,7.273928
WRITE,521.0,,1047733685,7.275928
WRITE,521.0,,1048021666,7.277928
WRITE,521.0,,1048309648,7.279928
WRITE,520.0,,1048597629,7.281928
WRITE,520.0,,1048885610,7.283928
WRITE,520.0,,1049173592,7.285928
WRITE,520.0,,1049461573,7.287928
WRITE,520.0,,1049749555,7.289927
WRITE,520.0,,1050037536,7.291927
WRITE,520.0,,1050325518,7.293927
WRITE,520.0,,1050613499,7.295927
WRITE,520.0,,1050901480,7.297927
WRITE,520.0,,1051189462,7.299927
WRITE,520.0,,1051477443,7.301927
WRITE,520.0,,1051765425,7.303927
WRITE,520.0,,1052053406,7.305926
WRITE,520.0,,1052341388,7.307926
WRITE,520.0,,1052629369,7.309926
WRITE,520.0,,1052917350,7.311926
WRITE,520.0,,1053205332,7.313926
WRITE,520.0,,1053493313,7.315926
WRITE,520.0,,1053781295,7.317926
WRITE,520.0,,1054069276,7.319926
WRITE,520.0,,1054357257,7.321925
WRITE,520.0,,1054645239,7.323925
WRITE,520.0,,1054933220,7.325925
WRITE,520.0,,1055221202,7.327925
WRITE,520.0,,1055509183,7.329925
WRITE,520.0,,1055797165,7.331925
WRITE,520.0,,1056085146,7.333925
WRITE,520.0,,1056373127,7.335924
WRITE,520.0,,1056661109,7.337924
WRITE,520.0,,1056949090,7.339924
WRITE,520.0,,1057237072,7.341924
WRITE,520.0,,1057525053,7.343924
WRITE,520.0,,1057813035,7.345924
WRITE,520.0,,1058101016,7.347924
WRITE,520.0,,1058388997,7.349924
WRITE,520.0,,1058676979,7.351923
WRITE,520.0,,1058964960,7.353923
WRITE,520.0,,1059252942,7.355923
WRITE,520.0,,1059540923,7.357923
WRITE,520.0,,1059828905,7.359923
WRITE,520.0,,1060116886,7.361923
WRITE,520.0,,1060404867,7.363923
WRITE,520.0,,1060692849,7.365923
WRITE,520.0,,1060980830,7.367922
WRITE,520.0,,1061268812,7.369922
WRITE,520.0,,1061556793,7.371922
WRITE,520.0,,1061844774,7.373922
WRITE,520.0,,1062132756,7.375922
WRITE,520.0,,1062420737,7.377922
WRITE,520.0,,1062708719,7.379922
WRITE,520.0,,1062996700,7.381922
WRITE,520.0,,1063284682,7.383921
WRITE,520.0,,1063572663,7.385921
WRITE,520.0,,1063860644,7.387921
WRITE,520.0,,1064148626,7.389921
WRITE,520.0,,1064436607,7.391921
WRITE,520.0,,1064724589,7.393921
WRITE,520.0,,1065012570,7.395921
WRITE,520.0,,1065300552,7.397921
WRITE,520.0,,1065588533,7.399920
WRITE,520.0,,1065876514,7.401920
WRITE,520.0,,1066164496,7.403920
WRITE,520.0,,1066452477,7.405920
WRITE,520.0,,1066740459,7.407920
WRITE,520.0,,1067028440,7.409920
WRITE,520.0,,1067316421,7.411920
WRITE,520.0,,1067604403,7.413919
WRITE,520.0,,1067892384,7.415919
WRITE,520.0,,1068180366,7.417919
WRITE,520.0,,1068468347,7.419919
WRITE,520.0,,1068756329,7.421919
WRITE,520.0,,1069044310,7.423919
WRITE,520.0,,1069332291,7.425919
WRITE,520.0,,1069620273,7.427919
WRITE,520.0,,1069908254,7.429918
WRITE,520.0,,1070196236,7.431918
WRITE,520.0,,1070484217,7.433918
WRITE,520.0,,1070772199,7.435918
WRITE,520.0,,1071060180,7.437918
WRITE,520.0,,1071348161,7.439918
WRITE,520.0,,1071636143,7.441918
WRITE,520.0,,1071924124,7.443918
WRITE,520.0,,1072212106,7.445917
WRITE,520.0,,1072500087,7.447917
WRITE,520.0,,1072788068,7.449917
WRITE,520.0,,1073076050,7.451917
WRITE,520.0,,1073364031,7.453917
WRITE,520.0,,1073652013,7.455917
WRITE,520.0,,1073939994,7.457917
WRITE,520.0,,1074227976,7.459917
WRITE,520.0,,1074515957,7.461916
WRITE,520.0,,1074803938,7.463916
WRITE,520.0,,1075091920,7.465916
WRITE,520.0,,1075379901,7.467916
WRITE,520.0,,1075667883,7.469916
WRITE,520.0,,1075955864,7.471916
WRITE,520.0,,1076243846,7.473916
WRITE,520.0,,1076531827,7.475915
WRITE,520.0,,1076819808,7.477915
WRITE,520.0,,1077107790,7.479915
WRITE,520.0,,1077395771,7.481915
WRITE,520.0,,1077683753,7.483915
WRITE,520.0,,1077971734,7.485915
WRITE,520.0,,1078259716,7.487915
WRITE,520.0,,1078547697,7.489915
WRITE,520.0,,1078835678,7.491914
WRITE,520.0,,1079123660,7.493914
WRITE,520.0,,1079411641,7.495914
WRITE,520.0,,1079699623,7.497914
WRITE,520.0,,1079990213,7.499932
WRITE,520.0,,1080275581,7.501914
WRITE,520.0,,1080563563,7.503914
WRITE,520.0,,1080851544,7.505914
WRITE,520.0,,1081139526,7.507913
WRITE,520.0,,1081427507,7.509913
WRITE,521.0,,1081715489,7.511913
WRITE,522.0,,1082003470,7.513913
WRITE,523.0,,1082291451,7.515913
WRITE,524.0,,1082579433,7.517913
WRITE,525.0,,1082867414,7.519913
WRITE,527.0,,1083155396,7.521912
WRITE,529.0,,1083443377,7.523912
WRITE,531.0,,1083731359,7.525912
WRITE,533.0,,1084019340,7.527912
WRITE,535.0,,1084307321,7.529912
WRITE,537.0,,1084595303,7.531912
WRITE,539.0,,1084883284,7.533912
WRITE,541.0,,1085171266,7.535912
WRITE,543.0,,1085459247,7.537911
WRITE,546.0,,1085747228,7.539911
WRITE,548.0,,1086035210,7.541911
WRITE,550.0,,1086323191,7.543911
WRITE,552.0,,1086611173,7.545911
WRITE,554.0,,1086899154,7.547911
WRITE,556.0,,1087187136,7.549911
WRITE,558.0,,1087475117,7.551911
WRITE,560.0,,1087763098,7.553910
WRITE,562.0,,1088051080,7.555910
WRITE,564.0,,1088339061,7.557910
WRITE,565.0,,1088627043,7.559910
WRITE,567.0,,1088915024,7.561910
WRITE,569.0,,1089203006,7.563910
WRITE,570.0,,1089490987,7.565910
WRITE,572.0,,1089778968,7.567910
WRITE,573.0,,1090066950,7.569909
WRITE,574.0,,1090354931,7.571909
WRITE,576.0,,1090642913,7.573909
WRITE,577.0,,1090930894,7.575909
WRITE,578.0,,1091218875,7.577909
WRITE,580.0,,1091506857,7.579909
WRITE,581.0,,1091794838,7.581909
WRITE,582.0,,1092082820,7.583908
WRITE,583.0,,1092370801,7.585908
WRITE,584.0,,1092658783,7.587908
WRITE,585.0,,1092946764,7.589908
WRITE,586.0,,1093234745,7.591908
WRITE,587.0,,1093522727,7.593908
WRITE,588.0,,1093810708,7.595908
WRITE,589.0,,1094098690,7.597908
WRITE,590.0,,1094386671,7.599907
WRITE,591.0,,1094674653,7.601907
WRITE,592.0,,1094962634,7.603907
WRITE,593.0,,1095250615,7.605907
WRITE,594.0,,1095538597,7.607907
WRITE,595.0,,1095826578,7.609907
WRITE,596.0,,1096114560,7.611907
WRITE,597.0,,1096402541,7.613907
WRITE,597.0,,1096690523,7.615906
WRITE,598.0,,1096978504,7.617906
WRITE,599.0,,1097266485,7.619906
WRITE,600.0,,1097554467,7.621906
WRITE,601.0,,1097842448,7.623906
WRITE,601.0,,1098130430,7.625906
WRITE,602.0,,1098418411,7.627906
WRITE,603.0,,1098706392,7.629906
WRITE,603.0,,1098994374,7.631905
WRITE,604.0,,1099282355,7.633905
WRITE,604.0,,1099570337,7.635905
WRITE,605.0,,1099858318,7.637905
WRITE,605.0,,1100146300,7.639905
WRITE,606.0,,1100434281,7.641905
WRITE,606.0,,1100722262,7.643905
WRITE,606.0,,1101010244,7.645904
WRITE,607.0,,1101298225,7.647904
WRITE,607.0,,1101586207,7.649904
WRITE,608.0,,1101874188,7.651904
WRITE,608.0,,1102162170,7.653904
WRITE,609.0,,1102450151,7.655904
WRITE,609.0,,1102738132,7.657904
WRITE,610.0,,1103026114,7.659904
WRITE,610.0,,1103314095,7.661903
WRITE,611.0,,1103602077,7.663903
WRITE,611.0,,1103890058,7.665903
WRITE,612.0,,1104178039,7.667903
WRITE,612.0,,1104466021,7.669903
WRITE,613.0,,1104754002,7.671903
WRITE,613.0,,1105041984,7.673903
WRITE,614.0,,1105329965,7.675903
WRITE,614.0,,1105617947,7.677902
WRITE,614.0,,1105905928,7.679902
WRITE,615.0,,1106193909,7.681902
WRITE,616.0,,1106481891,7.683902
WRITE,616.0,,1106769872,7.685902
WRITE,617.0,,1107057854,7.687902
WRITE,617.0,,1107345835,7.689902
WRITE,618.0,,1107633817,7.691902
WRITE,618.0,,1107921798,7.693901
WRITE,618.0,,1108209779,7.695901
WRITE,619.0,,1108497761,7.697901
WRITE,619.0,,1108785742,7.699901
WRITE,620.0,,1109073724,7.701901
WRITE,620.0,,1109361705,7.703901
WRITE,621.0,,1109649686,7.705901
WRITE,621.0,,1109937668,7.707900
WRITE,622.0,,1110225649,7.709900
WRITE,622.0,,1110513631,7.711900
WRITE,622.0,,1110801612,7.713900
WRITE,623.0,,1111089594,7.715900
WRITE,623.0,,1111377575,7.717900
WRITE,624.0,,1111665556,7.719900
WRITE,624.0,,1111953538,7.721900
WRITE,624.0,,1112241519,7.723899
WRITE,625.0,,1112529501,7.725899
WRITE,625.0,,1112817482,7.727899
WRITE,625.0,,1113105464,7.729899
WRITE,625.0,,1113393445,7.731899
WRITE,626.0,,1113681426,7.733899
WRITE,626.0,,1113969408,7.735899
WRITE,626.0,,1114257389,7.737899
WRITE,626.0,,1114545371,7.739898
WRITE,626.0,,1114833352,7.741898
WRITE,626.0,,1115121334,7.743898
WRITE,627.0,,1115409315,7.745898
WRITE,627.0,,1115697296,7.747898
WRITE,627.0,,1115985278,7.749898
WRITE,627.0,,1116273259,7.751898
WRITE,627.0,,1116561241,7.753898
WRITE,627.0,,1116849222,7.755897
WRITE,627.0,,1117137203,7.757897
WRITE,627.0,,1117425185,7.759897
WRITE,627.0,,1117713166,7.761897
WRITE,627.0,,1118001148,7.763897
WRITE,627.0,,1118289129,7.765897
WRITE,627.0,,1118577111,7.767897
WRITE,627.0,,1118865092,7.769896
WRITE,627.0,,1119153073,7.771896
WRITE,627.0,,1119441055,7.773896
WRITE,627.0,,1119729036,7.775896
WRITE,627.0,,1120017018,7.777896
WRITE,627.0,,1120304999,7.779896
WRITE,627.0,,1120592981,7.781896
WRITE,627.0,,1120880962,7.783896
WRITE,627.0,,1121168943,7.785895
WRITE,627.0,,1121456925,7.787895
WRITE,627.0,,1121744906,7.789895
WRITE,627.0,,1122032888,7.791895
WRITE,627.0,,1122320869,7.793895
WRITE,627.0,,1122608850,7.795895
WRITE,627.0,,1122896832,7.797895
WRITE,627.0,,1123184813,7.799895
WRITE,627.0,,1123472795,7.801894
WRITE,627.0,,1123760776,7.803894
WRITE,627.0,,1124048758,7.805894
WRITE,627.0,,1124336739,7.807894
WRITE,627.0,,1124624720,7.809894
WRITE,627.0,,1124912702,7.811894
WRITE,627.0,,1125200683,7.813894
WRITE,627.0,,1125488665,7.815894
WRITE,627.0,,1125776646,7.817893
WRITE,627.0,,1126064628,7.819893
WRITE,627.0,,1126352609,7.821893
WRITE,627.0,,1126640590,7.823893
WRITE,627.0,,1126928572,7.825893
WRITE,627.0,,1127216553,7.827893
WRITE,627.0,,1127504535,7.829893
WRITE,627.0,,1127792516,7.831892
WRITE,627.0,,1128080497,7.833892
WRITE,627.0,,1128368479,7.835892
WRITE,627.0,,1128656460,7.837892
WRITE,627.0,,1128944442,7.839892
WRITE,627.0,,1129232423,7.841892
WRITE,627.0,,1129520405,7.843892
WRITE,627.0,,1129808386,7.845892
WRITE,627.0,,1130096367,7.847891
WRITE,627.0,,1130384349,7.849891
WRITE,627.0,,1130672330,7.851891
WRITE,627.0,,1130960312,7.853891
WRITE,627.0,,1131248293,7.855891
WRITE,627.0,,1131536275,7.857891
WRITE,627.0,,1131824256,7.859891
WRITE,627.0,,1132112237,7.861891
WRITE,627.0,,1132400219,7.863890
WRITE,627.0,,1132688200,7.865890
WRITE,627.0,,1132976182,7.867890
WRITE,627.0,,1133264163,7.869890
WRITE,627.0,,1133552145,7.871890
WRITE,627.0,,1133840126,7.873890
WRITE,627.0,,1134128107,7.875890
WRITE,627.0,,1134416089,7.877890
WRITE,627.0,,1134704070,7.879889
WRITE,627.0,,1134992052,7.881889
WRITE,627.0,,1135280033,7.883889
WRITE,627.0,,1135568014,7.885889
WRITE,627.0,,1135855996,7.887889
WRITE,627.0,,1136143977,7.889889
WRITE,627.0,,1136431959,7.891889
WRITE,627.0,,1136719940,7.893888
WRITE,627.0,,1137007922,7.895888
WRITE,627.0,,1137295903,7.897888
WRITE,627.0,,1137583884,7.899888
WRITE,627.0,,1137871866,7.901888
WRITE,627.0,,1138159847,7.903888
WRITE,627.0,,1138447829,7.905888
WRITE,627.0,,1138735810,7.907888
WRITE,627.0,,1139023792,7.909887
WRITE,627.0,,1139311773,7.911887
WRITE,627.0,,1139599754,7.913887
WRITE,627.0,,1139887736,7.915887
WRITE,627.0,,1140175717,7.917887
WRITE,627.0,,1140463699,7.919887
WRITE,627.0,,1140751680,7.921887
WRITE,627.0,,1141039661,7.923887
WRITE,627.0,,1141327643,7.925886
WRITE,627.0,,1141615624,7.927886
WRITE,627.0,,1141903606,7.929886
WRITE,627.0,,1142191587,7.931886
WRITE,627.0,,1142479569,7.933886
WRITE,627.0,,1142767550,7.935886
WRITE,627.0,,1143055531,7.937886
WRITE,627.0,,1143343513,7.939886
WRITE,627.0,,1143631494,7.941885
WRITE,627.0,,1143919476,7.943885
WRITE,627.0,,1144207457,7.945885
WRITE,627.0,,1144495439,7.947885
WRITE,627.0,,1144783420,7.949885
WRITE,627.0,,1145071401,7.951885
WRITE,627.0,,1145359383,7.953885
WRITE,627.0,,1145647364,7.955884
WRITE,627.0,,1145935346,7.957884
WRITE,627.0,,1146223327,7.959884
WRITE,627.0,,1146511308,7.961884
WRITE,627.0,,1146799290,7.963884
WRITE,627.0,,1147087271,7.965884
WRITE,627.0,,1147375253,7.967884
WRITE,627.0,,1147663234,7.969884
WRITE,627.0,,1147951216,7.971883
WRITE,627.0,,1148239197,7.973883
WRITE,627.0,,1148527178,7.975883
WRITE,627.0,,1148815160,7.977883
WRITE,627.0,,1149103141,7.979883
WRITE,627.0,,1149391123,7.981883
WRITE,627.0,,1149679104,7.983883
WRITE,627.0,,1149967086,7.985883
WRITE,627.0,,1150255067,7.987882
WRITE,627.0,,1150543048,7.989882
WRITE,627.0,,1150831030,7.991882
WRITE,627.0,,1151119011,7.993882
WRITE,627.0,,1151406993,7.995882
WRITE,627.0,,1151694974,7.997882
WRITE,627.0,,1151985565,7.999900
WRITE,627.0,,1152270934,8.001881
WRITE,627.0,,1152558915,8.003881
WRITE,627.0,,1152846897,8.005881
WRITE,627.0,,1153134878,8.007881
WRITE,627.0,,1153422860,8.009881
WRITE,627.0,,1153710841,8.011881
WRITE,628.0,,1153998822,8.013881
WRITE,628.0,,1154286804,8.015881
WRITE,629.0,,1154574785,8.017880
WRITE,631.0,,1154862767,8.019880
WRITE,632.0,,1155150748,8.021880
WRITE,634.0,,1155438730,8.023880
WRITE,635.0,,1155726711,8.025880
WRITE,637.0,,1156014692,8.027880
WRITE,639.0,,1156302674,8.029880
WRITE,641.0,,1156590655,8.031880
WRITE,643.0,,1156878637,8.033879
WRITE,646.0,,1157166618,8.035879
WRITE,648.0,,1157454600,8.037879
WRITE,650.0,,1157742581,8.039879
WRITE,652.0,,1158030562,8.041879
WRITE,654.0,,1158318544,8.043879
WRITE,656.0,,1158606525,8.045879
WRITE,658.0,,1158894507,8.047879
WRITE,661.0,,1159182488,8.049878
WRITE,662.0,,1159470469,8.051878
WRITE,665.0,,1159758451,8.053878
WRITE,666.0,,1160046432,8.055878
WRITE,668.0,,1160334414,8.057878
WRITE,670.0,,1160622395,8.059878
WRITE,672.0,,1160910377,8.061878
WRITE,673.0,,1161198358,8.063877
WRITE,675.0,,1161486339,8.065877
WRITE,677.0,,1161774321,8.067877
WRITE,678.0,,1162062302,8.069877
WRITE,680.0,,1162350284,8.071877
WRITE,681.0,,1162638265,8.073877
WRITE,683.0,,1162926247,8.075877
WRITE,684.0,,1163214228,8.077877
WRITE,685.0,,1163502209,8.079876
WRITE,687.0,,1163790191,8.081876
WRITE,688.0,,1164078172,8.083876
WRITE,689.0,,1164366154,8.085876
WRITE,690.0,,1164654135,8.087876
WRITE,691.0,,1164942116,8.089876
WRITE,692.0,,1165230098,8.091876
WRITE,693.0,,1165518079,8.093876
WRITE,694.0,,1165806061,8.095875
WRITE,695.0,,1166094042,8.097875
WRITE,696.0,,1166382024,8.099875
WRITE,697.0,,1166670005,8.101875
WRITE,698.0,,1166957986,8.103875
WRITE,699.0,,1167245968,8.105875
WRITE,700.0,,1167533949,8.107875
WRITE,701.0,,1167821931,8.109875
WRITE,702.0,,1168109912,8.111874
WRITE,703.0,,1168397894,8.113874
WRITE,704.0,,1168685875,8.115874
WRITE,705.0,,1168973856,8.117874
WRITE,705.0,,1169261838,8.119874
WRITE,706.0,,1169549819,8.121874
WRITE,707.0,,1169837801,8.123874
WRITE,708.0,,1170125782,8.125873
WRITE,708.0,,1170413764,8.127873
WRITE,709.0,,1170701745,8.129873
WRITE,710.0,,1170989726,8.131873
WRITE,710.0,,1171277708,8.133873
WRITE,711.0,,1171565689,8.135873
WRITE,712.0,,1171853671,8.137873
WRITE,713.0,,1172141652,8.139873
WRITE,713.0,,1172429633,8.141872
WRITE,714.0,,1172717615,8.143872
WRITE,714.0,,1173005596,8.145872
WRITE,715.0,,1173293578,8.147872
WRITE,716.0,,1173581559,8.149872
WRITE,716.0,,1173869541,8.151872
WRITE,717.0,,1174157522,8.153872
WRITE,717.0,,1174445503,8.155872
WRITE,718.0,,1174733485,8.157871
WRITE,718.0,,1175021466,8.159871
WRITE,719.0,,1175309448,8.161871
WRITE,719.0,,1175597429,8.163871
WRITE,720.0,,1175885411,8.165871
WRITE,720.0,,1176173392,8.167871
WRITE,720.0,,1176461373,8.169871
WRITE,721.0,,1176749355,8.171871
WRITE,721.0,,1177037336,8.173870
WRITE,721.0,,1177325318,8.175870
WRITE,721.0,,1177613299,8.177870
WRITE,722.0,,1177901280,8.179870
WRITE,722.0,,1178189262,8.181870
WRITE,723.0,,1178477243,8.183870
WRITE,723.0,,1178765225,8.185870
WRITE,723.0,,1179053206,8.187869
WRITE,724.0,,1179341188,8.189869
WRITE,724.0,,1179629169,8.191869
WRITE,725.0,,1179917150,8.193869
WRITE,725.0,,1180205132,8.195869
WRITE,725.0,,1180493113,8.197869
WRITE,726.0,,1180781095,8.199869
WRITE,726.0,,1181069076,8.201869
WRITE,726.0,,1181357058,8.203868
WRITE,727.0,,1181645039,8.205868
WRITE,727.0,,1181933020,8.207868
WRITE,727.0,,1182221002,8.209868
WRITE,728.0,,1182508983,8.211868
WRITE,728.0,,1182796965,8.213868
WRITE,728.0,,1183084946,8.215868
WRITE,728.0,,1183372927,8.217868
WRITE,728.0,,1183660909,8.219867
WRITE,729.0,,1183948890,8.221867
WRITE,729.0,,1184236872,8.223867
WRITE,729.0,,1184524853,8.225867
WRITE,729.0,,1184812835,8.227867
WRITE,729.0,,1185100816,8.229867
WRITE,729.0,,1185388797,8.231867
WRITE,730.0,,1185676779,8.233867
WRITE,730.0,,1185964760,8.235866
WRITE,730.0,,1186252742,8.237866
WRITE,730.0,,1186540723,8.239866
WRITE,731.0,,1186828705,8.241866
WRITE,731.0,,1187116686,8.243866
WRITE,731.0,,1187404667,8.245866
WRITE,731.0,,1187692649,8.247866
WRITE,732.0,,1187980630,8.249865
WRITE,732.0,,1188268612,8.251865
WRITE,732.0,,1188556593,8.253865
WRITE,732.0,,1188844575,8.255865
WRITE,732.0,,1189132556,8.257865
WRITE,733.0,,1189420537,8.259865
WRITE,733.0,,1189708519,8.261865
WRITE,733.0,,1189996500,8.263865
WRITE,733.0,,1190284482,8.265864
WRITE,733.0,,1190572463,8.267864
WRITE,734.0,,1190860444,8.269864
WRITE,734.0,,1191148426,8.271864
WRITE,734.0,,1191436407,8.273864
WRITE,734.0,,1191724389,8.275864
WRITE,734.0,,1192012370,8.277864
WRITE,735.0,,1192300352,8.279864
WRITE,735.0,,1192588333,8.281863
WRITE,735.0,,1192876314,8.283863
WRITE,735.0,,1193164296,8.285863
WRITE,735.0,,1193452277,8.287863
WRITE,735.0,,1193740259,8.289863
WRITE,735.0,,1194028240,8.291863
WRITE,735.0,,1194316222,8.293863
WRITE,735.0,,1194604203,8.295863
WRITE,735.0,,1194892184,8.297862
WRITE,735.0,,1195180166,8.299862
WRITE,735.0,,1195468147,8.301862
WRITE,735.0,,1195756129,8.303862
WRITE,735.0,,1196044110,8.305862
WRITE,735.0,,1196332091,8.307862
WRITE,735.0,,1196620073,8.309862
WRITE,735.0,,1196908054,8.311861
WRITE,735.0,,1197196036,8.313861
WRITE,735.0,,1197484017,8.315861
WRITE,735.0,,1197771999,8.317861
WRITE,735.0,,1198059980,8.319861
WRITE,735.0,,1198347961,8.321861
WRITE,735.0,,1198635943,8.323861
WRITE,735.0,,1198923924,8.325861
WRITE,735.0,,1199211906,8.327860
WRITE,735.0,,1199499887,8.329860
WRITE,735.0,,1199787869,8.331860
WRITE,735.0,,1200075850,8.333860
WRITE,735.0,,1200363831,8.335860
WRITE,735.0,,1200651813,8.337860
WRITE,735.0,,1200939794,8.339860
WRITE,735.0,,1201227776,8.341860
WRITE,735.0,,1201515757,8.343859
WRITE,735.0,,1201803738,8.345859
WRITE,735.0,,1202091720,8.347859
WRITE,735.0,,1202379701,8.349859
WRITE,735.0,,1202667683,8.351859
WRITE,735.0,,1202955664,8.353859
WRITE,735.0,,1203243646,8.355859
WRITE,735.0,,1203531627,8.357859
WRITE,735.0,,1203819608,8.359858
WRITE,735.0,,1204107590,8.361858
WRITE,735.0,,1204395571,8.363858
WRITE,735.0,,1204683553,8.365858
WRITE,735.0,,1204971534,8.367858
WRITE,735.0,,1205259516,8.369858
WRITE,735.0,,1205547497,8.371858
WRITE,735.0,,1205835478,8.373857
WRITE,735.0,,1206123460,8.375857
WRITE,735.0,,1206411441,8.377857
WRITE,735.0,,1206699423,8.379857
WRITE,735.0,,1206987404,8.381857
WRITE,735.0,,1207275386,8.383857
WRITE,735.0,,1207563367,8.385857
WRITE,735.0,,1207851348,8.387857
WRITE,735.0,,1208139330,8.389856
WRITE,735.0,,1208427311,8.391856
WRITE,735.0,,1208715293,8.393856
WRITE,735.0,,1209003274,8.395856
WRITE,735.0,,1209291255,8.397856
WRITE,735.0,,1209579237,8.399856
WRITE,735.0,,1209867218,8.401856
WRITE,735.0,,1210155200,8.403856
WRITE,735.0,,1210443181,8.405855
WRITE,735.0,,1210731163,8.407855
WRITE,735.0,,1211019144,8.409855
WRITE,735.0,,1211307125,8.411855
WRITE,735.0,,1211595107,8.413855
WRITE,735.0,,1211883088,8.415855
WRITE,735.0,,1212171070,8.417855
WRITE,735.0,,1212459051,8.419855
WRITE,735.0,,1212747033,8.421854
WRITE,735.0,,1213035014,8.423854
WRITE,735.0,,1213322995,8.425854
WRITE,735.0,,1213610977,8.427854
WRITE,735.0,,1213898958,8.429854
WRITE,735.0,,1214186940,8.431854
WRITE,735.0,,1214474921,8.433854
WRITE,735.0,,1214762902,8.435853
WRITE,735.0,,1215050884,8.437853
WRITE,735.0,,1215338865,8.439853
WRITE,735.0,,1215626847,8.441853
WRITE,735.0,,1215914828,8.443853
WRITE,735.0,,1216202810,8.445853
WRITE,735.0,,1216490791,8.447853
WRITE,735.0,,1216778772,8.449853
WRITE,735.0,,1217066754,8.451852
WRITE,735.0,,1217354735,8.453852
WRITE,735.0,,1217642717,8.455852
WRITE,735.0,,1217930698,8.457852
WRITE,735.0,,1218218680,8.459852
WRITE,735.0,,1218506661,8.461852
WRITE,735.0,,1218794642,8.463852
WRITE,735.0,,1219082624,8.465852
WRITE,735.0,,1219370605,8.467851
WRITE,735.0,,1219658587,8.469851
WRITE,735.0,,1219946568,8.471851
WRITE,735.0,,1220234549,8.473851
WRITE,735.0,,1220522531,8.475851
WRITE,735.0,,1220810512,8.477851
WRITE,735.0,,1221098494,8.479851
WRITE,735.0,,1221386475,8.481851
WRITE,735.0,,1221674457,8.483850
WRITE,735.0,,1221962438,8.485850
WRITE,735.0,,1222250419,8.487850
WRITE,735.0,,1222538401,8.489850
WRITE,735.0,,1222826382,8.491850
WRITE,735.0,,1223114364,8.493850
WRITE,735.0,,1223402345,8.495850
WRITE,735.0,,1223690327,8.497849
WRITE,735.0,,1223980917,8.499867
WRITE,735.0,,1224266285,8.501849
WRITE,735.0,,1224554267,8.503849
WRITE,735.0,,1224842248,8.505849
WRITE,735.0,,1225130230,8.507849
WRITE,736.0,,1225418211,8.509849
WRITE,736.0,,1225706193,8.511849
WRITE,737.0,,1225994174,8.513848
WRITE,738.0,,1226282155,8.515848
WRITE,739.0,,1226570137,8.517848
WRITE,740.0,,1226858118,8.519848
WRITE,742.0,,1227146100,8.521848
WRITE,744.0,,1227434081,8.523848
WRITE,745.0,,1227722062,8.525848
WRITE,747.0,,1228010044,8.527848
WRITE,749.0,,1228298025,8.529847
WRITE,752.0,,1228586007,8.531847
WRITE,754.0,,1228873988,8.533847
WRITE,756.0,,1229161970,8.535847
WRITE,758.0,,1229449951,8.537847
WRITE,760.0,,1229737932,8.539847
WRITE,762.0,,1230025914,8.541847
WRITE,765.0,,1230313895,8.543846
WRITE,767.0,,1230601877,8.545846
WRITE,769.0,,1230889858,8.547846
WRITE,771.0,,1231177840,8.549846
WRITE,773.0,,1231465821,8.551846
WRITE,775.0,,1231753802,8.553846
WRITE,777.0,,1232041784,8.555846
WRITE,778.0,,1232329765,8.557846
WRITE,780.0,,1232617747,8.559845
WRITE,782.0,,1232905728,8.561845
WRITE,783.0,,1233193709,8.563845
WRITE,785.0,,1233481691,8.565845
WRITE,786.0,,1233769672,8.567845
WRITE,788.0,,1234057654,8.569845
WRITE,789.0,,1234345635,8.571845
WRITE,791.0,,1234633617,8.573845
WRITE,792.0,,1234921598,8.575844
WRITE,793.0,,1235209579,8.577844
WRITE,794.0,,1235497561,8.579844
WRITE,796.0,,1235785542,8.581844
WRITE,797.0,,1236073524,8.583844
WRITE,798.0,,1236361505,8.585844
WRITE,799.0,,1236649487,8.587844
WRITE,800.0,,1236937468,8.589844
WRITE,801.0,,1237225449,8.591843
WRITE,802.0,,1237513431,8.593843
WRITE,803.0,,1237801412,8.595843
WRITE,804.0,,1238089394,8.597843
WRITE,804.0,,1238377375,8.599843
WRITE,805.0,,1238665356,8.601843
WRITE,806.0,,1238953338,8.603843
WRITE,807.0,,1239241319,8.605842
WRITE,808.0,,1239529301,8.607842
WRITE,809.0,,1239817282,8.609842
WRITE,809.0,,1240105264,8.611842
WRITE,810.0,,1240393245,8.613842
WRITE,811.0,,1240681226,8.615842
WRITE,812.0,,1240969208,8.617842
WRITE,812.0,,1241257189,8.619842
WRITE,813.0,,1241545171,8.621841
WRITE,813.0,,1241833152,8.623841
WRITE,814.0,,1242121134,8.625841
WRITE,815.0,,1242409115,8.627841
WRITE,815.0,,1242697096,8.629841
WRITE,816.0,,1242985078,8.631841
WRITE,817.0,,1243273059,8.633841
WRITE,817.0,,1243561041,8.635841
WRITE,818.0,,1243849022,8.637840
WRITE,818.0,,1244137004,8.639840
WRITE,819.0,,1244424985,8.641840
WRITE,820.0,,1244712966,8.643840
WRITE,820.0,,1245000948,8.645840
WRITE,821.0,,1245288929,8.647840
WRITE,821.0,,1245576911,8.649840
WRITE,822.0,,1245864892,8.651840
WRITE,822.0,,1246152873,8.653839
WRITE,823.0,,1246440855,8.655839
WRITE,823.0,,1246728836,8.657839
WRITE,824.0,,1247016818,8.659839
WRITE,824.0,,1247304799,8.661839
WRITE,824.0,,1247592781,8.663839
WRITE,825.0,,1247880762,8.665839
WRITE,825.0,,1248168743,8.667838
WRITE,826.0,,1248456725,8.669838
WRITE,826.0,,1248744706,8.671838
WRITE,827.0,,1249032688,8.673838
WRITE,827.0,,1249320669,8.675838
WRITE,828.0,,1249608651,8.677838
WRITE,828.0,,1249896632,8.679838
WRITE,828.0,,1250184613,8.681838
WRITE,829.0,,1250472595,8.683837
WRITE,829.0,,1250760576,8.685837
WRITE,830.0,,1251048558,8.687837
WRITE,830.0,,1251336539,8.689837
WRITE,830.0,,1251624520,8.691837
WRITE,831.0,,1251912502,8.693837
WRITE,831.0,,1252200483,8.695837
WRITE,832.0,,1252488465,8.697837
WRITE,832.0,,1252776446,8.699836
WRITE,833.0,,1253064428,8.701836
WRITE,833.0,,1253352409,8.703836
WRITE,834.0,,1253640390,8.705836
WRITE,834.0,,1253928372,8.707836
WRITE,834.0,,1254216353,8.709836
WRITE,835.0,,1254504335,8.711836
WRITE,835.0,,1254792316,8.713836
WRITE,835.0,,1255080298,8.715835
WRITE,835.0,,1255368279,8.717835
WRITE,835.0,,1255656260,8.719835
WRITE,835.0,,1255944242,8.721835
WRITE,836.0,,1256232223,8.723835
WRITE,836.0,,1256520205,8.725835
WRITE,836.0,,1256808186,8.727835
WRITE,836.0,,1257096167,8.729834
WRITE,836.0,,1257384149,8.731834
WRITE,836.0,,1257672130,8.733834
WRITE,837.0,,1257960112,8.735834
WRITE,837.0,,1258248093,8.737834
WRITE,837.0,,1258536075,8.739834
WRITE,837.0,,1258824056,8.741834
WRITE,837.0,,1259112037,8.743834
WRITE,837.0,,1259400019,8.745833
WRITE,838.0,,1259688000,8.747833
WRITE,838.0,,1259975982,8.749833
WRITE,838.0,,1260263963,8.751833
WRITE,838.0,,1260551945,8.753833
WRITE,839.0,,1260839926,8.755833
WRITE,839.0,,1261127907,8.757833
WRITE,839.0,,1261415889,8.759833
WRITE,839.0,,1261703870,8.761832
WRITE,839.0,,1261991852,8.763832
WRITE,840.0,,1262279833,8.765832
WRITE,840.0,,1262567815,8.767832
WRITE,840.0,,1262855796,8.769832
WRITE,840.0,,1263143777,8.771832
WRITE,840.0,,1263431759,8.773832
WRITE,841.0,,1263719740,8.775832
WRITE,841.0,,1264007722,8.777831
WRITE,841.0,,1264295703,8.779831
WRITE,841.0,,1264583684,8.781831
WRITE,841.0,,1264871666,8.783831
WRITE,841.0,,1265159647,8.785831
WRITE,841.0,,1265447629,8.787831
WRITE,841.0,,1265735610,8.789831
WRITE,841.0,,1266023592,8.791831
WRITE,841.0,,1266311573,8.793830
WRITE,841.0,,1266599554,8.795830
WRITE,841.0,,1266887536,8.797830
WRITE,841.0,,1267175517,8.799830
WRITE,841.0,,1267463499,8.801830
WRITE,841.0,,1267751480,8.803830
WRITE,841.0,,1268039462,8.805830
WRITE,841.0,,1268327443,8.807829
WRITE,841.0,,1268615424,8.809829
WRITE,841.0,,1268903406,8.811829
WRITE,841.0,,1269191387,8.813829
WRITE,841.0,,1269479369,8.815829
WRITE,841.0,,1269767350,8.817829
WRITE,841.0,,1270055331,8.819829
WRITE,841.0,,1270343313,8.821829
WRITE,841.0,,1270631294,8.823828
WRITE,841.0,,1270919276,8.825828
WRITE,841.0,,1271207257,8.827828
WRITE,841.0,,1271495239,8.829828
WRITE,841.0,,1271783220,8.831828
WRITE,841.0,,1272071201,8.833828
WRITE,841.0,,1272359183,8.835828
WRITE,841.0,,1272647164,8.837828
WRITE,841.0,,1272935146,8.839827
WRITE,841.0,,1273223127,8.841827
WRITE,841.0,,1273511109,8.843827
WRITE,841.0,,1273799090,8.845827
WRITE,841.0,,1274087071,8.847827
WRITE,841.0,,1274375053,8.849827
WRITE,841.0,,1274663034,8.851827
WRITE,841.0,,1274951016,8.853827
WRITE,841.0,,1275238997,8.855826
WRITE,841.0,,1275526978,8.857826
WRITE,841.0,,1275814960,8.859826
WRITE,841.0,,1276102941,8.861826
WRITE,841.0,,1276390923,8.863826
WRITE,841.0,,1276678904,8.865826
WRITE,841.0,,1276966886,8.867826
WRITE,841.0,,1277254867,8.869825
WRITE,841.0,,1277542848,8.871825
WRITE,841.0,,1277830830,8.873825
WRITE,841.0,,1278118811,8.875825
WRITE,841.0,,1278406793,8.877825
WRITE,841.0,,1278694774,8.879825
WRITE,841.0,,1278982756,8.881825
WRITE,841.0,,1279270737,8.883825
WRITE,841.0,,1279558718,8.885824
WRITE,841.0,,1279846700,8.887824
WRITE,841.0,,1280134681,8.889824
WRITE,841.0,,1280422663,8.891824
WRITE,841.0,,1280710644,8.893824
WRITE,841.0,,1280998626,8.895824
WRITE,841.0,,1281286607,8.897824
WRITE,841.0,,1281574588,8.899824
WRITE,841.0,,1281862570,8.901823
WRITE,841.0,,1282150551,8.903823
WRITE,841.0,,1282438533,8.905823
WRITE,841.0,,1282726514,8.907823
WRITE,841.0,,1283014495,8.909823
WRITE,841.0,,1283302477,8.911823
WRITE,841.0,,1283590458,8.913823
WRITE,841.0,,1283878440,8.915823
WRITE,841.0,,1284166421,8.917822
WRITE,841.0,,1284454403,8.919822
WRITE,841.0,,1284742384,8.921822
WRITE,841.0,,1285030365,8.923822
WRITE,841.0,,1285318347,8.925822
WRITE,841.0,,1285606328,8.927822
WRITE,841.0,,1285894310,8.929822
WRITE,841.0,,1286182291,8.931821
WRITE,841.0,,1286470273,8.933821
WRITE,841.0,,1286758254,8.935821
WRITE,841.0,,1287046235,8.937821
WRITE,841.0,,1287334217,8.939821
WRITE,841.0,,1287622198,8.941821
WRITE,841.0,,1287910180,8.943821
WRITE,841.0,,1288198161,8.945821
WRITE,841.0,,1288486142,8.947820
WRITE,841.0,,1288774124,8.949820
WRITE,841.0,,1289062105,8.951820
WRITE,841.0,,1289350087,8.953820
WRITE,841.0,,1289638068,8.955820
WRITE,841.0,,1289926050,8.957820
WRITE,841.0,,1290214031,8.959820
WRITE,841.0,,1290502012,8.961820
WRITE,841.0,,1290789994,8.963819
WRITE,841.0,,1291077975,8.965819
WRITE,841.0,,1291365957,8.967819
WRITE,841.0,,1291653938,8.969819
WRITE,841.0,,1291941920,8.971819
WRITE,841.0,,1292229901,8.973819
WRITE,841.0,,1292517882,8.975819
WRITE,841.0,,1292805864,8.977819
WRITE,841.0,,1293093845,8.979818
WRITE,841.0,,1293381827,8.981818
WRITE,841.0,,1293669808,8.983818
WRITE,841.0,,1293957789,8.985818
WRITE,841.0,,1294245771,8.987818
WRITE,841.0,,1294533752,8.989818
WRITE,841.0,,1294821734,8.991818
WRITE,841.0,,1295109715,8.993817
WRITE,841.0,,1295397697,8.995817
WRITE,841.0,,1295685678,8.997817
WRITE,841.0,,1295976269,8.999835
WRITE,841.0,,1296261638,9.001817
WRITE,841.0,,1296549619,9.003817
WRITE,841.0,,1296837601,9.005817
WRITE,841.0,,1297125582,9.007817
WRITE,841.0,,1297413564,9.009816
WRITE,841.0,,1297701545,9.011816
WRITE,841.0,,1297989526,9.013816
WRITE,842.0,,1298277508,9.015816
WRITE,843.0,,1298565489,9.017816
WRITE,844.0,,1298853471,9.019816
WRITE,845.0,,1299141452,9.021816
WRITE,846.0,,1299429434,9.023816
WRITE,848.0,,1299717415,9.025815
WRITE,850.0,,1300005396,9.027815
WRITE,852.0,,1300293378,9.029815
WRITE,854.0,,1300581359,9.031815
WRITE,856.0,,1300869341,9.033815
WRITE,858.0,,1301157322,9.035815
WRITE,860.0,,1301445303,9.037815
WRITE,862.0,,1301733285,9.039814
WRITE,864.0,,1302021266,9.041814
WRITE,867.0,,1302309248,9.043814
WRITE,869.0,,1302597229,9.045814
WRITE,871.0,,1302885211,9.047814
WRITE,873.0,,1303173192,9.049814
WRITE,875.0,,1303461173,9.051814
WRITE,877.0,,1303749155,9.053814
WRITE,879.0,,1304037136,9.055813
WRITE,881.0,,1304325118,9.057813
WRITE,882.0,,1304613099,9.059813
WRITE,884.0,,1304901081,9.061813
WRITE,886.0,,1305189062,9.063813
WRITE,887.0,,1305477043,9.065813
WRITE,889.0,,1305765025,9.067813
WRITE,890.0,,1306053006,9.069813
WRITE,892.0,,1306340988,9.071812
WRITE,893.0,,1306628969,9.073812
WRITE,894.0,,1306916950,9.075812
WRITE,896.0,,1307204932,9.077812
WRITE,897.0,,1307492913,9.079812
WRITE,898.0,,1307780895,9.081812
WRITE,899.0,,1308068876,9.083812
WRITE,900.0,,1308356858,9.085812
WRITE,901.0,,1308644839,9.087811
WRITE,902.0,,1308932820,9.089811
WRITE,904.0,,1309220802,9.091811
WRITE,905.0,,1309508783,9.093811
WRITE,906.0,,1309796765,9.095811
WRITE,907.0,,1310084746,9.097811
WRITE,908.0,,1310372728,9.099811
WRITE,909.0,,1310660709,9.101810
WRITE,910.0,,1310948690,9.103810
WRITE,911.0,,1311236672,9.105810
WRITE,912.0,,1311524653,9.107810
WRITE,913.0,,1311812635,9.109810
WRITE,913.0,,1312100616,9.111810
WRITE,914.0,,1312388597,9.113810
WRITE,915.0,,1312676579,9.115810
WRITE,916.0,,1312964560,9.117809
WRITE,916.0,,1313252542,9.119809
WRITE,917.0,,1313540523,9.121809
WRITE,918.0,,1313828505,9.123809
WRITE,918.0,,1314116486,9.125809
WRITE,919.0,,1314404467,9.127809
WRITE,920.0,,1314692449,9.129809
WRITE,921.0,,1314980430,9.131809
WRITE,921.0,,1315268412,9.133808
WRITE,922.0,,1315556393,9.135808
WRITE,922.0,,1315844375,9.137808
WRITE,923.0,,1316132356,9.139808
WRITE,924.0,,1316420337,9.141808
WRITE,924.0,,1316708319,9.143808
WRITE,925.0,,1316996300,9.145808
WRITE,925.0,,1317284282,9.147808
WRITE,926.0,,1317572263,9.149807
WRITE,927.0,,1317860245,9.151807
WRITE,927.0,,1318148226,9.153807
WRITE,928.0,,1318436207,9.155807
WRITE,928.0,,1318724189,9.157807
WRITE,929.0,,1319012170,9.159807
WRITE,929.0,,1319300152,9.161807
WRITE,929.0,,1319588133,9.163806
WRITE,930.0,,1319876114,9.165806
WRITE,930.0,,1320164096,9.167806
WRITE,931.0,,1320452077,9.169806
WRITE,931.0,,1320740059,9.171806
WRITE,932.0,,1321028040,9.173806
WRITE,932.0,,1321316022,9.175806
WRITE,932.0,,1321604003,9.177806
WRITE,933.0,,1321891984,9.179805
WRITE,933.0,,1322179966,9.181805
WRITE,934.0,,1322467947,9.183805
WRITE,934.0,,1322755929,9.185805
WRITE,934.0,,1323043910,9.187805
WRITE,935.0,,1323331892,9.189805
WRITE,935.0,,1323619873,9.191805
WRITE,936.0,,1323907854,9.193805
WRITE,936.0,,1324195836,9.195804
WRITE,937.0,,1324483817,9.197804
WRITE,937.0,,1324771799,9.199804
WRITE,938.0,,1325059780,9.201804
WRITE,938.0,,1325347761,9.203804
WRITE,938.0,,1325635743,9.205804
WRITE,939.0,,1325923724,9.207804
WRITE,939.0,,1326211706,9.209804
WRITE,940.0,,1326499687,9.211803
WRITE,940.0,,1326787669,9.213803
WRITE,940.0,,1327075650,9.215803
WRITE,941.0,,1327363631,9.217803
WRITE,941.0,,1327651613,9.219803
WRITE,941.0,,1327939594,9.221803
WRITE,942.0,,1328227576,9.223803
WRITE,942.0,,1328515557,9.225802
WRITE,942.0,,1328803539,9.227802
WRITE,943.0,,1329091520,9.229802
WRITE,943.0,,1329379501,9.231802
WRITE,943.0,,1329667483,9.233802
WRITE,944.0,,1329955464,9.235802
WRITE,944.0,,1330243446,9.237802
WRITE,944.0,,1330531427,9.239802
WRITE,944.0,,1330819408,9.241801
WRITE,945.0,,1331107390,9.243801
WRITE,945.0,,1331395371,9.245801
WRITE,945.0,,1331683353,9.247801
WRITE,946.0,,1331971334,9.249801
WRITE,946.0,,1332259316,9.251801
WRITE,946.0,,1332547297,9.253801
WRITE,946.0,,1332835278,9.255801
WRITE,946.0,,1333123260,9.257800
WRITE,947.0,,1333411241,9.259800
WRITE,947.0,,1333699223,9.261800
WRITE,947.0,,1333987204,9.263800
WRITE,947.0,,1334275186,9.265800
WRITE,947.0,,1334563167,9.267800
WRITE,947.0,,1334851148,9.269800
WRITE,947.0,,1335139130,9.271800
WRITE,947.0,,1335427111,9.273799
WRITE,947.0,,1335715093,9.275799
WRITE,947.0,,1336003074,9.277799
WRITE,947.0,,1336291056,9.279799
WRITE,947.0,,1336579037,9.281799
WRITE,947.0,,1336867018,9.283799
WRITE,947.0,,1337155000,9.285799
WRITE,947.0,,1337442981,9.287798
WRITE,947.0,,1337730963,9.289798
WRITE,947.0,,1338018944,9.291798
WRITE,947.0,,1338306925,9.293798
WRITE,947.0,,1338594907,9.295798
WRITE,947.0,,1338882888,9.297798
WRITE,947.0,,1339170870,9.299798
WRITE,947.0,,1339458851,9.301798
WRITE,947.0,,1339746833,9.303797
WRITE,947.0,,1340034814,9.305797
WRITE,947.0,,1340322795,9.307797
WRITE,947.0,,1340610777,9.309797
WRITE,947.0,,1340898758,9.311797
WRITE,947.0,,1341186740,9.313797
WRITE,947.0,,1341474721,9.315797
WRITE,947.0,,1341762703,9.317797
WRITE,947.0,,1342050684,9.319796
WRITE,947.0,,1342338665,9.321796
WRITE,947.0,,1342626647,9.323796
WRITE,947.0,,1342914628,9.325796
WRITE,947.0,,1343202610,9.327796
WRITE,947.0,,1343490591,9.329796
WRITE,947.0,,1343778572,9.331796
WRITE,947.0,,1344066554,9.333796
WRITE,947.0,,1344354535,9.335795
WRITE,947.0,,1344642517,9.337795
WRITE,947.0,,1344930498,9.339795
WRITE,947.0,,1345218480,9.341795
WRITE,947.0,,1345506461,9.343795
WRITE,947.0,,1345794442,9.345795
WRITE,947.0,,1346082424,9.347795
WRITE,947.0,,1346370405,9.349794
WRITE,947.0,,1346658387,9.351794
WRITE,947.0,,1346946368,9.353794
WRITE,947.0,,1347234350,9.355794
WRITE,947.0,,1347522331,9.357794
WRITE,947.0,,1347810312,9.359794
WRITE,947.0,,1348098294,9.361794
WRITE,947.0,,1348386275,9.363794
WRITE,947.0,,1348674257,9.365793
WRITE,947.0,,1348962238,9.367793
WRITE,947.0,,1349250219,9.369793
WRITE,947.0,,1349538201,9.371793
WRITE,947.0,,1349826182,9.373793
WRITE,947.0,,1350114164,9.375793
WRITE,947.0,,1350402145,9.377793
WRITE,947.0,,1350690127,9.379793
WRITE,947.0,,1350978108,9.381792
WRITE,947.0,,1351266089,9.383792
WRITE,947.0,,1351554071,9.385792
WRITE,947.0,,1351842052,9.387792
WRITE,947.0,,1352130034,9.389792
WRITE,947.0,,1352418015,9.391792
WRITE,947.0,,1352705997,9.393792
WRITE,947.0,,1352993978,9.395792
WRITE,947.0,,1353281959,9.397791
WRITE,947.0,,1353569941,9.399791
WRITE,947.0,,1353857922,9.401791
WRITE,947.0,,1354145904,9.403791
WRITE,947.0,,1354433885,9.405791
WRITE,947.0,,1354721867,9.407791
WRITE,947.0,,1355009848,9.409791
WRITE,947.0,,1355297829,9.411790
WRITE,947.0,,1355585811,9.413790
WRITE,947.0,,1355873792,9.415790
WRITE,947.0,,1356161774,9.417790
WRITE,947.0,,1356449755,9.419790
WRITE,947.0,,1356737736,9.421790
WRITE,947.0,,1357025718,9.423790
WRITE,947.0,,1357313699,9.425790
WRITE,947.0,,1357601681,9.427789
WRITE,947.0,,1357889662,9.429789
WRITE,947.0,,1358177644,9.431789
WRITE,947.0,,1358465625,9.433789
WRITE,947.0,,1358753606,9.435789
WRITE,947.0,,1359041588,9.437789
WRITE,947.0,,1359329569,9.439789
WRITE,947.0,,1359617551,9.441789
WRITE,947.0,,1359905532,9.443788
WRITE,947.0,,1360193514,9.445788
WRITE,947.0,,1360481495,9.447788
WRITE,947.0,,1360769476,9.449788
WRITE,947.0,,1361057458,9.451788
WRITE,947.0,,1361345439,9.453788
WRITE,947.0,,1361633421,9.455788
WRITE,947.0,,1361921402,9.457788
WRITE,947.0,,1362209383,9.459787
WRITE,947.0,,1362497365,9.461787
WRITE,947.0,,1362785346,9.463787
WRITE,947.0,,1363073328,9.465787
WRITE,947.0,,1363361309,9.467787
WRITE,947.0,,1363649291,9.469787
WRITE,947.0,,1363937272,9.471787
WRITE,947.0,,1364225253,9.473786
WRITE,947.0,,1364513235,9.475786
WRITE,947.0,,1364801216,9.477786
WRITE,947.0,,1365089198,9.479786
WRITE,947.0,,1365377179,9.481786
WRITE,947.0,,1365665161,9.483786
WRITE,947.0,,1365953142,9.485786
WRITE,947.0,,1366241123,9.487786
WRITE,947.0,,1366529105,9.489785
WRITE,947.0,,1366817086,9.491785
WRITE,947.0,,1367105068,9.493785
WRITE,947.0,,1367393049,9.495785
WRITE,947.0,,1367681030,9.497785
WRITE,947.0,,1367971621,9.499803
WRITE,947.0,,1368256989,9.501785
WRITE,947.0,,1368544971,9.503785
WRITE,947.0,,1368832952,9.505784
WRITE,947.0,,1369120934,9.507784
WRITE,947.0,,1369408915,9.509784
WRITE,947.0,,1369696896,9.511784
WRITE,948.0,,1369984878,9.513784
WRITE,949.0,,1370272859,9.515784
WRITE,950.0,,1370560841,9.517784
WRITE,951.0,,1370848822,9.519783
WRITE,953.0,,1371136804,9.521783
WRITE,954.0,,1371424785,9.523783
WRITE,956.0,,1371712766,9.525783
WRITE,958.0,,1372000748,9.527783
WRITE,960.0,,1372288729,9.529783
WRITE,962.0,,1372576711,9.531783
WRITE,964.0,,1372864692,9.533783
WRITE,966.0,,1373152674,9.535782
WRITE,969.0,,1373440655,9.537782
WRITE,971.0,,1373728636,9.539782
WRITE,973.0,,1374016618,9.541782
WRITE,975.0,,1374304599,9.543782
WRITE,977.0,,1374592581,9.545782
WRITE,979.0,,1374880562,9.547782
WRITE,981.0,,1375168543,9.549782
WRITE,983.0,,1375456525,9.551781
WRITE,985.0,,1375744506,9.553781
WRITE,987.0,,1376032488,9.555781
WRITE,989.0,,1376320469,9.557781
WRITE,990.0,,1376608451,9.559781
WRITE,992.0,,1376896432,9.561781
WRITE,994.0,,1377184413,9.563781
WRITE,995.0,,1377472395,9.565781
WRITE,997.0,,1377760376,9.567780
WRITE,998.0,,1378048358,9.569780
WRITE,999.0,,1378336339,9.571780
WRITE,1001.0,,1378624321,9.573780
WRITE,1002.0,,1378912302,9.575780
WRITE,1003.0,,1379200283,9.577780
WRITE,1004.0,,1379488265,9.579780
WRITE,1005.0,,1379776246,9.581779
WRITE,1007.0,,1380064228,9.583779
WRITE,1008.0,,1380352209,9.585779
WRITE,1009.0,,1380640190,9.587779
WRITE,1010.0,,1380928172,9.589779
WRITE,1011.0,,1381216153,9.591779
WRITE,1012.0,,1381504135,9.593779
WRITE,1013.0,,1381792116,9.595779
WRITE,1014.0,,1382080098,9.597778
WRITE,1015.0,,1382368079,9.599778
WRITE,1016.0,,1382656060,9.601778
WRITE,1016.0,,1382944042,9.603778
WRITE,1017.0,,1383232023,9.605778
WRITE,1018.0,,1383520005,9.607778
WRITE,1019.0,,1383807986,9.609778
WRITE,1020.0,,1384095968,9.611778
WRITE,1021.0,,1384383949,9.613777
WRITE,1022.0,,1384671930,9.615777
WRITE,1023.0,,1384959912,9.617777
WRITE,1024.0,,1385247893,9.619777
WRITE,1024.0,,1385535875,9.621777
WRITE,1025.0,,1385823856,9.623777
WRITE,1026.0,,1386111837,9.625777
WRITE,1027.0,,1386399819,9.627777
WRITE,1028.0,,1386687800,9.629776
WRITE,1028.0,,1386975782,9.631776
WRITE,1029.0,,1387263763,9.633776
WRITE,1030.0,,1387551745,9.635776
WRITE,1030.0,,1387839726,9.637776
WRITE,1031.0,,1388127707,9.639776
WRITE,1032.0,,1388415689,9.641776
WRITE,1032.0,,1388703670,9.643775
WRITE,1033.0,,1388991652,9.645775
WRITE,1033.0,,1389279633,9.647775
WRITE,1034.0,,1389567615,9.649775
WRITE,1034.0,,1389855596,9.651775
WRITE,1035.0,,1390143577,9.653775
WRITE,1035.0,,1390431559,9.655775
WRITE,1036.0,,1390719540,9.657775
WRITE,1036.0,,1391007522,9.659774
WRITE,1037.0,,1391295503,9.661774
WRITE,1037.0,,1391583485,9.663774
WRITE,1037.0,,1391871466,9.665774
WRITE,1038.0,,1392159447,9.667774
WRITE,1038.0,,1392447429,9.669774
WRITE,1039.0,,1392735410,9.671774
WRITE,1039.0,,1393023392,9.673774
WRITE,1040.0,,1393311373,9.675773
WRITE,1040.0,,1393599354,9.677773
WRITE,1040.0,,1393887336,9.679773
WRITE,1041.0,,1394175317,9.681773
WRITE,1041.0,,1394463299,9.683773
WRITE,1042.0,,1394751280,9.685773
WRITE,1042.0,,1395039262,9.687773
WRITE,1043.0,,1395327243,9.689773
WRITE,1043.0,,1395615224,9.691772
WRITE,1043.0,,1395903206,9.693772
WRITE,1044.0,,1396191187,9.695772
WRITE,1044.0,,1396479169,9.697772
WRITE,1045.0,,1396767150,9.699772
WRITE,1045.0,,1397055132,9.701772
WRITE,1045.0,,1397343113,9.703772
WRITE,1045.0,,1397631094,9.705771
WRITE,1046.0,,1397919076,9.707771
WRITE,1046.0,,1398207057,9.709771
WRITE,1046.0,,1398495039,9.711771
WRITE,1046.0,,1398783020,9.713771
WRITE,1046.0,,1399071001,9.715771
WRITE,1046.0,,1399358983,9.717771
WRITE,1046.0,,1399646964,9.719771
WRITE,1046.0,,1399934946,9.721770
WRITE,1046.0,,1400222927,9.723770
WRITE,1046.0,,1400510909,9.725770
WRITE,1046.0,,1400798890,9.727770
WRITE,1046.0,,1401086871,9.729770
WRITE,1046.0,,1401374853,9.731770
WRITE,1046.0,,1401662834,9.733770
WRITE,1046.0,,1401950816,9.735770
WRITE,1047.0,,1402238797,9.737769
WRITE,1047.0,,1402526779,9.739769
WRITE,1047.0,,1402814760,9.741769
WRITE,1047.0,,1403102741,9.743769
WRITE,1047.0,,1403390723,9.745769
WRITE,1047.0,,1403678704,9.747769
WRITE,1048.0,,1403966686,9.749769
WRITE,1048.0,,1404254667,9.751769
WRITE,1048.0,,1404542648,9.753768
WRITE,1048.0,,1404830630,9.755768
WRITE,1048.0,,1405118611,9.757768
WRITE,1049.0,,1405406593,9.759768
WRITE,1049.0,,1405694574,9.761768
WRITE,1049.0,,1405982556,9.763768
WRITE,1049.0,,1406270537,9.765768
WRITE,1049.0,,1406558518,9.767767
WRITE,1050.0,,1406846500,9.769767
WRITE,1050.0,,1407134481,9.771767
WRITE,1050.0,,1407422463,9.773767
WRITE,1050.0,,1407710444,9.775767
WRITE,1050.0,,1407998426,9.777767
WRITE,1050.0,,1408286407,9.779767
WRITE,1050.0,,1408574388,9.781767
WRITE,1050.0,,1408862370,9.783766
WRITE,1051.0,,1409150351,9.785766
WRITE,1051.0,,1409438333,9.787766
WRITE,1051.0,,1409726314,9.789766
WRITE,1051.0,,1410014296,9.791766
WRITE,1051.0,,1410302277,9.793766
WRITE,1051.0,,1410590258,9.795766
WRITE,1051.0,,1410878240,9.797766
WRITE,1051.0,,1411166221,9.799765
WRITE,1051.0,,1411454203,9.801765
WRITE,1051.0,,1411742184,9.803765
WRITE,1051.0,,1412030165,9.805765
WRITE,1051.0,,1412318147,9.807765
WRITE,1051.0,,1412606128,9.809765
WRITE,1051.0,,1412894110,9.811765
WRITE,1051.0,,1413182091,9.813765
WRITE,1051.0,,1413470073,9.815764
WRITE,1051.0,,1413758054,9.817764
WRITE,1051.0,,1414046035,9.819764
WRITE,1051.0,,1414334017,9.821764
WRITE,1051.0,,1414621998,9.823764
WRITE,1051.0,,1414909980,9.825764
WRITE,1051.0,,1415197961,9.827764
WRITE,1051.0,,1415485943,9.829763
WRITE,1051.0,,1415773924,9.831763
WRITE,1051.0,,1416061905,9.833763
WRITE,1051.0,,1416349887,9.835763
WRITE,1051.0,,1416637868,9.837763
WRITE,1051.0,,1416925850,9.839763
WRITE,1051.0,,1417213831,9.841763
WRITE,1051.0,,1417501812,9.843763
WRITE,1051.0,,1417789794,9.845762
WRITE,1051.0,,1418077775,9.847762
WRITE,1051.0,,1418365757,9.849762
WRITE,1051.0,,1418653738,9.851762
WRITE,1051.0,,1418941720,9.853762
WRITE,1051.0,,1419229701,9.855762
WRITE,1051.0,,1419517682,9.857762
WRITE,1051.0,,1419805664,9.859762
WRITE,1051.0,,1420093645,9.861761
WRITE,1051.0,,1420381627,9.863761
WRITE,1051.0,,1420669608,9.865761
WRITE,1051.0,,1420957590,9.867761
WRITE,1051.0,,1421245571,9.869761
WRITE,1051.0,,1421533552,9.871761
WRITE,1051.0,,1421821534,9.873761
WRITE,1051.0,,1422109515,9.875761
WRITE,1051.0,,1422397497,9.877760
WRITE,1051.0,,1422685478,9.879760
WRITE,1051.0,,1422973459,9.881760
WRITE,1051.0,,1423261441,9.883760
WRITE,1051.0,,1423549422,9.885760
WRITE,1051.0,,1423837404,9.887760
WRITE,1051.0,,1424125385,9.889760
WRITE,1051.0,,1424413367,9.891759
WRITE,1051.0,,1424701348,9.893759
WRITE,1051.0,,1424989329,9.895759
WRITE,1051.0,,1425277311,9.897759
WRITE,1051.0,,1425565292,9.899759
WRITE,1051.0,,1425853274,9.901759
WRITE,1051.0,,1426141255,9.903759
WRITE,1051.0,,1426429237,9.905759
WRITE,1051.0,,1426717218,9.907758
WRITE,1051.0,,1427005199,9.909758
WRITE,1051.0,,1427293181,9.911758
WRITE,1051.0,,1427581162,9.913758
WRITE,1051.0,,1427869144,9.915758
WRITE,1051.0,,1428157125,9.917758
WRITE,1051.0,,1428445107,9.919758
WRITE,1051.0,,1428733088,9.921758
WRITE,1051.0,,1429021069,9.923757
WRITE,1051.0,,1429309051,9.925757
WRITE,1051.0,,1429597032,9.927757
WRITE,1051.0,,1429885014,9.929757
WRITE,1051.0,,1430172995,9.931757
WRITE,1051.0,,1430460976,9.933757
WRITE,1051.0,,1430748958,9.935757
WRITE,1051.0,,1431036939,9.937757
WRITE,1051.0,,1431324921,9.939756
WRITE,1051.0,,1431612902,9.941756
WRITE,1051.0,,1431900884,9.943756
WRITE,1051.0,,1432188865,9.945756
WRITE,1051.0,,1432476846,9.947756
WRITE,1051.0,,1432764828,9.949756
WRITE,1051.0,,1433052809,9.951756
WRITE,1051.0,,1433340791,9.953755
WRITE,1051.0,,1433628772,9.955755
WRITE,1051.0,,1433916754,9.957755
WRITE,1051.0,,1434204735,9.959755
WRITE,1051.0,,1434492716,9.961755
WRITE,1051.0,,1434780698,9.963755
WRITE,1051.0,,1435068679,9.965755
WRITE,1051.0,,1435356661,9.967755
WRITE,1051.0,,1435644642,9.969754
WRITE,1051.0,,1435932623,9.971754
WRITE,1051.0,,1436220605,9.973754
WRITE,1051.0,,1436508586,9.975754
WRITE,1051.0,,1436796568,9.977754
WRITE,1051.0,,1437084549,9.979754
WRITE,1051.0,,1437372531,9.981754
WRITE,1051.0,,1437660512,9.983754
WRITE,1051.0,,1437948493,9.985753
WRITE,1051.0,,1438236475,9.987753
WRITE,1051.0,,1438524456,9.989753
WRITE,1051.0,,1438812438,9.991753
WRITE,1051.0,,1439100419,9.993753
WRITE,1051.0,,1439388401,9.995753
WRITE,1051.0,,1439676382,9.997753
WRITE,1051.0,,1439966986,9.999771
WRITE,1051.0,,1440252341,10.001752
WRITE,1051.0,,1440540322,10.003752
WRITE,1051.0,,1440828304,10.005752
WRITE,1051.0,,1441116285,10.007752
WRITE,1051.0,,1441404266,10.009752
WRITE,1050.0,,1441692248,10.011752
WRITE,1049.0,,1441980229,10.013752
WRITE,1049.0,,1442268211,10.015751
WRITE,1048.0,,1442556192,10.017751
WRITE,1046.0,,1442844174,10.019751
WRITE,1045.0,,1443132155,10.021751
WRITE,1044.0,,1443420136,10.023751
WRITE,1042.0,,1443708118,10.025751
WRITE,1041.0,,1443996099,10.027751
WRITE,1039.0,,1444284081,10.029751
WRITE,1037.0,,1444572062,10.031750
WRITE,1035.0,,1444860044,10.033750
WRITE,1033.0,,1445148025,10.035750
WRITE,1030.0,,1445436006,10.037750
WRITE,1028.0,,1445723988,10.039750
WRITE,1026.0,,1446011969,10.041750
WRITE,1023.0,,1446299951,10.043750
WRITE,1021.0,,1446587932,10.045750
WRITE,1018.0,,1446875914,10.047749
WRITE,1015.0,,1447163895,10.049749
WRITE,1012.0,,1447451876,10.051749
WRITE,1009.0,,1447739858,10.053749
WRITE,1006.0,,1448027839,10.055749
WRITE,1003.0,,1448315821,10.057749
WRITE,999.0,,1448603802,10.059749
WRITE,996.0,,1448891783,10.061748
WRITE,992.0,,1449179765,10.063748
WRITE,989.0,,1449467746,10.065748
WRITE,985.0,,1449755728,10.067748
WRITE,981.0,,1450043709,10.069748
WRITE,977.0,,1450331691,10.071748
WRITE,973.0,,1450619672,10.073748
WRITE,969.0,,1450907653,10.075748
WRITE,965.0,,1451195635,10.077747
WRITE,961.0,,1451483616,10.079747
WRITE,957.0,,1451771598,10.081747
WRITE,952.0,,1452059579,10.083747
WRITE,947.0,,1452347561,10.085747
WRITE,943.0,,1452635542,10.087747
WRITE,938.0,,1452923523,10.089747
WRITE,933.0,,1453211505,10.091747
WRITE,929.0,,1453499486,10.093746
WRITE,924.0,,1453787468,10.095746
WRITE,919.0,,1454075449,10.097746
WRITE,914.0,,1454363430,10.099746
WRITE,909.0,,1454651412,10.101746
WRITE,904.0,,1454939393,10.103746
WRITE,899.0,,1455227375,10.105746
WRITE,894.0,,1455515356,10.107746
WRITE,889.0,,1455803338,10.109745
WRITE,885.0,,1456091319,10.111745
WRITE,879.0,,1456379300,10.113745
WRITE,874.0,,1456667282,10.115745
WRITE,869.0,,1456955263,10.117745
WRITE,864.0,,1457243245,10.119745
WRITE,859.0,,1457531226,10.121745
WRITE,854.0,,1457819208,10.123745
WRITE,849.0,,1458107189,10.125744
WRITE,844.0,,1458395170,10.127744
WRITE,839.0,,1458683152,10.129744
WRITE,833.0,,1458971133,10.131744
WRITE,828.0,,1459259115,10.133744
WRITE,823.0,,1459547096,10.135744
WRITE,818.0,,1459835077,10.137744
WRITE,813.0,,1460123059,10.139743
WRITE,808.0,,1460411040,10.141743
WRITE,802.0,,1460699022,10.143743
WRITE,797.0,,1460987003,10.145743
WRITE,792.0,,1461274985,10.147743
WRITE,787.0,,1461562966,10.149743
WRITE,782.0,,1461850947,10.151743
WRITE,777.0,,1462138929,10.153743
WRITE,771.0,,1462426910,10.155742
WRITE,766.0,,1462714892,10.157742
WRITE,761.0,,1463002873,10.159742
WRITE,756.0,,1463290855,10.161742
WRITE,751.0,,1463578836,10.163742
WRITE,746.0,,1463866817,10.165742
WRITE,741.0,,1464154799,10.167742
WRITE,736.0,,1464442780,10.169742
WRITE,730.0,,1464730762,10.171741
WRITE,725.0,,1465018743,10.173741
WRITE,720.0,,1465306725,10.175741
WRITE,715.0,,1465594706,10.177741
WRITE,710.0,,1465882687,10.179741
WRITE,704.0,,1466170669,10.181741
WRITE,699.0,,1466458650,10.183741
WRITE,694.0,,1466746632,10.185741
WRITE,689.0,,1467034613,10.187740
WRITE,683.0,,1467322594,10.189740
WRITE,678.0,,1467610576,10.191740
WRITE,673.0,,1467898557,10.193740
WRITE,668.0,,1468186539,10.195740
WRITE,663.0,,1468474520,10.197740
WRITE,658.0,,1468762502,10.199740
WRITE,652.0,,1469050483,10.201739
WRITE,647.0,,1469338464,10.203739
WRITE,642.0,,1469626446,10.205739
WRITE,637.0,,1469914427,10.207739
WRITE,632.0,,1470202409,10.209739
WRITE,626.0,,1470490390,10.211739
WRITE,621.0,,1470778372,10.213739
WRITE,616.0,,1471066353,10.215739
WRITE,611.0,,1471354334,10.217738
WRITE,606.0,,1471642316,10.219738
WRITE,601.0,,1471930297,10.221738
WRITE,596.0,,1472218279,10.223738
WRITE,590.0,,1472506260,10.225738
WRITE,585.0,,1472794241,10.227738
WRITE,580.0,,1473082223,10.229738
WRITE,575.0,,1473370204,10.231738
WRITE,569.0,,1473658186,10.233737
WRITE,564.0,,1473946167,10.235737
WRITE,559.0,,1474234149,10.237737
WRITE,554.0,,1474522130,10.239737
WRITE,549.0,,1474810111,10.241737
WRITE,544.0,,1475098093,10.243737
WRITE,538.0,,1475386074,10.245737
WRITE,533.0,,1475674056,10.247737
WRITE,528.0,,1475962037,10.249736
WRITE,523.0,,1476250019,10.251736
WRITE,518.0,,1476538000,10.253736
WRITE,512.0,,1476825981,10.255736
WRITE,507.0,,1477113963,10.257736
WRITE,502.0,,1477401944,10.259736
WRITE,497.0,,1477689926,10.261736
WRITE,492.0,,1477977907,10.263735
WRITE,487.0,,1478265888,10.265735
WRITE,481.0,,1478553870,10.267735
WRITE,476.0,,1478841851,10.269735
WRITE,471.0,,1479129833,10.271735
WRITE,465.0,,1479417814,10.273735
WRITE,460.0,,1479705796,10.275735
WRITE,455.0,,1479993777,10.277735
WRITE,450.0,,1480281758,10.279734
WRITE,445.0,,1480569740,10.281734
WRITE,439.0,,1480857721,10.283734
WRITE,434.0,,1481145703,10.285734
WRITE,429.0,,1481433684,10.287734
WRITE,424.0,,1481721666,10.289734
WRITE,419.0,,1482009647,10.291734
WRITE,414.0,,1482297628,10.293734
WRITE,409.0,,1482585610,10.295733
WRITE,403.0,,1482873591,10.297733
WRITE,398.0,,1483161573,10.299733
WRITE,393.0,,1483449554,10.301733
WRITE,388.0,,1483737536,10.303733
WRITE,383.0,,1484025517,10.305733
WRITE,378.0,,1484313498,10.307733
WRITE,372.0,,1484601480,10.309733
WRITE,367.0,,1484889461,10.311732
WRITE,362.0,,1485177443,10.313732
WRITE,357.0,,1485465424,10.315732
WRITE,352.0,,1485753405,10.317732
WRITE,346.0,,1486041387,10.319732
WRITE,341.0,,1486329368,10.321732
WRITE,336.0,,1486617350,10.323732
WRITE,331.0,,1486905331,10.325731
WRITE,325.0,,1487193313,10.327731
WRITE,320.0,,1487481294,10.329731
WRITE,315.0,,1487769275,10.331731
WRITE,310.0,,1488057257,10.333731
WRITE,305.0,,1488345238,10.335731
WRITE,300.0,,1488633220,10.337731
WRITE,295.0,,1488921201,10.339731
WRITE,289.0,,1489209183,10.341730
WRITE,284.0,,1489497164,10.343730
WRITE,279.0,,1489785145,10.345730
WRITE,274.0,,1490073127,10.347730
WRITE,269.0,,1490361108,10.349730
WRITE,263.0,,1490649090,10.351730
WRITE,258.0,,1490937071,10.353730
WRITE,253.0,,1491225052,10.355730
WRITE,248.0,,1491513034,10.357729
WRITE,242.0,,1491801015,10.359729
WRITE,237.0,,1492088997,10.361729
WRITE,232.0,,1492376978,10.363729
WRITE,227.0,,1492664960,10.365729
WRITE,222.0,,1492952941,10.367729
WRITE,217.0,,1493240922,10.369729
WRITE,211.0,,1493528904,10.371729
WRITE,206.0,,1493816885,10.373728
WRITE,201.0,,1494104867,10.375728
WRITE,196.0,,1494392848,10.377728
WRITE,190.0,,1494680830,10.379728
WRITE,185.0,,1494968811,10.381728
WRITE,180.0,,1495256792,10.383728
WRITE,175.0,,1495544774,10.385728
WRITE,169.0,,1495832755,10.387727
WRITE,164.0,,1496120737,10.389727
WRITE,159.0,,1496408718,10.391727
WRITE,154.0,,1496696699,10.393727
WRITE,149.0,,1496984681,10.395727
WRITE,144.0,,1497272662,10.397727
WRITE,138.0,,1497560644,10.399727
WRITE,133.0,,1497848625,10.401727
WRITE,128.0,,1498136607,10.403726
WRITE,123.0,,1498424588,10.405726
WRITE,117.0,,1498712569,10.407726
WRITE,112.0,,1499000551,10.409726
WRITE,107.0,,1499288532,10.411726
WRITE,102.0,,1499576514,10.413726
WRITE,97.0,,1499864495,10.415726
WRITE,91.0,,1500152477,10.417726
WRITE,86.0,,1500440458,10.419725
WRITE,81.0,,1500728439,10.421725
WRITE,76.0,,1501016421,10.423725
WRITE,70.0,,1501304402,10.425725
WRITE,65.0,,1501592384,10.427725
WRITE,60.0,,1501880365,10.429725
WRITE,55.0,,1502168347,10.431725
WRITE,50.0,,1502456328,10.433725
WRITE,45.0,,1502744309,10.435724
WRITE,39.0,,1503032291,10.437724
WRITE,34.0,,1503320272,10.439724
WRITE,29.0,,1503608254,10.441724
WRITE,24.0,,1503896235,10.443724
WRITE,19.0,,1504184216,10.445724
WRITE,14.0,,1504472198,10.447724
WRITE,8.0,,1504760179,10.449723
WRITE,3.0,,1505048161,10.451723
WRITE,-2.0,,1505336142,10.453723
WRITE,-8.0,,1505624124,10.455723
WRITE,-13.0,,1505912105,10.457723
WRITE,-18.0,,1506200086,10.459723
WRITE,-23.0,,1506488068,10.461723
WRITE,-29.0,,1506776049,10.463723
WRITE,-34.0,,1507064031,10.465722
WRITE,-39.0,,1507352012,10.467722
WRITE,-44.0,,1507639994,10.469722
WRITE,-49.0,,1507927975,10.471722
WRITE,-55.0,,1508215956,10.473722
WRITE,-59.0,,1508503938,10.475722
WRITE,-65.0,,1508791919,10.477722
WRITE,-70.0,,1509079901,10.479722
WRITE,-75.0,,1509367882,10.481721
WRITE,-80.0,,1509655863,10.483721
WRITE,-86.0,,1509943845,10.485721
WRITE,-91.0,,1510231826,10.487721
WRITE,-96.0,,1510519808,10.489721
WRITE,-101.0,,1510807789,10.491721
WRITE,-107.0,,1511095771,10.493721
WRITE,-112.0,,1511383752,10.495721
WRITE,-117.0,,1511671733,10.497720
WRITE,-123.0,,1511962219,10.499738
WRITE,-128.0,,1512247693,10.501720
WRITE,-133.0,,1512535675,10.503720
WRITE,-138.0,,1512823656,10.505720
WRITE,-143.0,,1513111638,10.507720
WRITE,-148.0,,1513399619,10.509720
WRITE,-154.0,,1513687600,10.511719
WRITE,-159.0,,1513975582,10.513719
WRITE,-164.0,,1514263563,10.515719
WRITE,-169.0,,1514551545,10.517719
WRITE,-174.0,,1514839526,10.519719
WRITE,-179.0,,1515127507,10.521719
WRITE,-185.0,,1515415489,10.523719
WRITE,-190.0,,1515703470,10.525719
WRITE,-195.0,,1515991452,10.527718
WRITE,-200.0,,1516279433,10.529718
WRITE,-205.0,,1516567415,10.531718
WRITE,-211.0,,1516855396,10.533718
WRITE,-216.0,,1517143377,10.535718
WRITE,-221.0,,1517431359,10.537718
WRITE,-227.0,,1517719340,10.539718
WRITE,-232.0,,1518007322,10.541718
WRITE,-238.0,,1518295303,10.543717
WRITE,-243.0,,1518583285,10.545717
WRITE,-248.0,,1518871266,10.547717
WRITE,-253.0,,1519159247,10.549717
WRITE,-258.0,,1519447229,10.551717
WRITE,-264.0,,1519735210,10.553717
WRITE,-269.0,,1520023192,10.555717
WRITE,-274.0,,1520311173,10.557716
WRITE,-279.0,,1520599155,10.559716
WRITE,-285.0,,1520887136,10.561716
WRITE,-290.0,,1521175117,10.563716
WRITE,-295.0,,1521463099,10.565716
WRITE,-300.0,,1521751080,10.567716
WRITE,-305.0,,1522039062,10.569716
WRITE,-311.0,,1522327043,10.571716
WRITE,-316.0,,1522615024,10.573715
WRITE,-321.0,,1522903006,10.575715
WRITE,-326.0,,1523190987,10.577715
WRITE,-331.0,,1523478969,10.579715
WRITE,-337.0,,1523766950,10.581715
WRITE,-342.0,,1524054932,10.583715
WRITE,-347.0,,1524342913,10.585715
WRITE,-352.0,,1524630894,10.587715
WRITE,-358.0,,1524918876,10.589714
WRITE,-363.0,,1525206857,10.591714
WRITE,-368.0,,1525494839,10.593714
WRITE,-374.0,,1525782820,10.595714
WRITE,-379.0,,1526070802,10.597714
WRITE,-384.0,,1526358783,10.599714
WRITE,-389.0,,1526646764,10.601714
WRITE,-395.0,,1526934746,10.603714
WRITE,-400.0,,1527222727,10.605713
WRITE,-405.0,,1527510709,10.607713
WRITE,-410.0,,1527798690,10.609713
WRITE,-415.0,,1528086671,10.611713
WRITE,-421.0,,1528374653,10.613713
WRITE,-426.0,,1528662634,10.615713
WRITE,-431.0,,1528950616,10.617713
WRITE,-436.0,,1529238597,10.619712
WRITE,-441.0,,1529526579,10.621712
WRITE,-447.0,,1529814560,10.623712
WRITE,-452.0,,1530102541,10.625712
WRITE,-457.0,,1530390523,10.627712
WRITE,-462.0,,1530678504,10.629712
WRITE,-468.0,,1530966486,10.631712
WRITE,-473.0,,1531254467,10.633712
WRITE,-478.0,,1531542449,10.635711
WRITE,-484.0,,1531830430,10.637711
WRITE,-489.0,,1532118411,10.639711
WRITE,-494.0,,1532406393,10.641711
WRITE,-499.0,,1532694374,10.643711
WRITE,-505.0,,1532982356,10.645711
WRITE,-510.0,,1533270337,10.647711
WRITE,-515.0,,1533558318,10.649711
WRITE,-520.0,,1533846300,10.651710
WRITE,-526.0,,1534134281,10.653710
WRITE,-531.0,,1534422263,10.655710
WRITE,-536.0,,1534710244,10.657710
WRITE,-541.0,,1534998226,10.659710
WRITE,-547.0,,1535286207,10.661710
WRITE,-552.0,,1535574188,10.663710
WRITE,-557.0,,1535862170,10.665710
WRITE,-562.0,,1536150151,10.667709
WRITE,-568.0,,1536438133,10.669709
WRITE,-573.0,,1536726114,10.671709
WRITE,-578.0,,1537014096,10.673709
WRITE,-583.0,,1537302077,10.675709
WRITE,-589.0,,1537590058,10.677709
WRITE,-594.0,,1537878040,10.679709
WRITE,-600.0,,1538166021,10.681708
WRITE,-605.0,,1538454003,10.683708
WRITE,-610.0,,1538741984,10.685708
WRITE,-616.0,,1539029966,10.687708
WRITE,-621.0,,1539317947,10.689708
WRITE,-626.0,,1539605928,10.691708
WRITE,-631.0,,1539893910,10.693708
WRITE,-636.0,,1540181891,10.695708
WRITE,-641.0,,1540469873,10.697707
WRITE,-646.0,,1540757854,10.699707
WRITE,-651.0,,1541045835,10.701707
WRITE,-655.0,,1541333817,10.703707
WRITE,-660.0,,1541621798,10.705707
WRITE,-665.0,,1541909780,10.707707
WRITE,-669.0,,1542197761,10.709707
WRITE,-674.0,,1542485743,10.711707
WRITE,-678.0,,1542773724,10.713706
WRITE,-683.0,,1543061705,10.715706
WRITE,-687.0,,1543349687,10.717706
WRITE,-692.0,,1543637668,10.719706
WRITE,-696.0,,1543925650,10.721706
WRITE,-700.0,,1544213631,10.723706
WRITE,-704.0,,1544501613,10.725706
WRITE,-708.0,,1544789594,10.727706
WRITE,-712.0,,1545077575,10.729705
WRITE,-716.0,,1545365557,10.731705
WRITE,-720.0,,1545653538,10.733705
WRITE,-724.0,,1545941520,10.735705
WRITE,-727.0,,1546229501,10.737705
WRITE,-731.0,,1546517482,10.739705
WRITE,-734.0,,1546805464,10.741705
WRITE,-737.0,,1547093445,10.743704
WRITE,-740.0,,1547381427,10.745704
WRITE,-743.0,,1547669408,10.747704
WRITE,-746.0,,1547957390,10.749704
WRITE,-749.0,,1548245371,10.751704
WRITE,-752.0,,1548533352,10.753704
WRITE,-754.0,,1548821334,10.755704
WRITE,-757.0,,1549109315,10.757704
WRITE,-759.0,,1549397297,10.759703
WRITE,-762.0,,1549685278,10.761703
WRITE,-764.0,,1549973260,10.763703
WRITE,-766.0,,1550261241,10.765703
WRITE,-768.0,,1550549222,10.767703
WRITE,-770.0,,1550837204,10.769703
WRITE,-772.0,,1551125185,10.771703
WRITE,-774.0,,1551413167,10.773703
WRITE,-776.0,,1551701148,10.775702
WRITE,-777.0,,1551989129,10.777702
WRITE,-779.0,,1552277111,10.779702
WRITE,-780.0,,1552565092,10.781702
WRITE,-782.0,,1552853074,10.783702
WRITE,-783.0,,1553141055,10.785702
WRITE,-785.0,,1553429037,10.787702
WRITE,-786.0,,1553717018,10.789702
WRITE,-787.0,,1554004999,10.791701
WRITE,-789.0,,1554292981,10.793701
WRITE,-790.0,,1554580962,10.795701
WRITE,-791.0,,1554868944,10.797701
WRITE,-792.0,,1555156925,10.799701
WRITE,-793.0,,1555444907,10.801701
WRITE,-795.0,,1555732888,10.803701
WRITE,-796.0,,1556020869,10.805700
WRITE,-797.0,,1556308851,10.807700
WRITE,-798.0,,1556596832,10.809700
WRITE,-799.0,,1556884814,10.811700
WRITE,-800.0,,1557172795,10.813700
WRITE,-801.0,,1557460777,10.815700
WRITE,-801.0,,1557748758,10.817700
WRITE,-802.0,,1558036739,10.819700
WRITE,-803.0,,1558324721,10.821699
WRITE,-804.0,,1558612702,10.823699
WRITE,-804.0,,1558900684,10.825699
WRITE,-805.0,,1559188665,10.827699
WRITE,-806.0,,1559476646,10.829699
WRITE,-806.0,,1559764628,10.831699
WRITE,-807.0,,1560052609,10.833699
WRITE,-807.0,,1560340591,10.835699
WRITE,-808.0,,1560628572,10.837698
WRITE,-809.0,,1560916554,10.839698
WRITE,-809.0,,1561204535,10.841698
WRITE,-810.0,,1561492516,10.843698
WRITE,-810.0,,1561780498,10.845698
WRITE,-811.0,,1562068479,10.847698
WRITE,-811.0,,1562356461,10.849698
WRITE,-812.0,,1562644442,10.851698
WRITE,-812.0,,1562932424,10.853697
WRITE,-813.0,,1563220405,10.855697
WRITE,-813.0,,1563508386,10.857697
WRITE,-813.0,,1563796368,10.859697
WRITE,-814.0,,1564084349,10.861697
WRITE,-814.0,,1564372331,10.863697
WRITE,-815.0,,1564660312,10.865697
WRITE,-815.0,,1564948293,10.867696
WRITE,-815.0,,1565236275,10.869696
WRITE,-816.0,,1565524256,10.871696
WRITE,-816.0,,1565812238,10.873696
WRITE,-816.0,,1566100219,10.875696
WRITE,-817.0,,1566388201,10.877696
WRITE,-817.0,,1566676182,10.879696
WRITE,-818.0,,1566964163,10.881696
WRITE,-818.0,,1567252145,10.883695
WRITE,-819.0,,1567540126,10.885695
WRITE,-819.0,,1567828108,10.887695
WRITE,-819.0,,1568116089,10.889695
WRITE,-820.0,,1568404071,10.891695
WRITE,-820.0,,1568692052,10.893695
WRITE,-821.0,,1568980033,10.895695
WRITE,-821.0,,1569268015,10.897695
WRITE,-822.0,,1569555996,10.899694
WRITE,-822.0,,1569843978,10.901694
WRITE,-822.0,,1570131959,10.903694
WRITE,-823.0,,1570419940,10.905694
WRITE,-823.0,,1570707922,10.907694
WRITE,-823.0,,1570995903,10.909694
WRITE,-824.0,,1571283885,10.911694
WRITE,-824.0,,1571571866,10.913694
WRITE,-824.0,,1571859848,10.915693
WRITE,-825.0,,1572147829,10.917693
WRITE,-825.0,,1572435810,10.919693
WRITE,-825.0,,1572723792,10.921693
WRITE,-826.0,,1573011773,10.923693
WRITE,-826.0,,1573299755,10.925693
WRITE,-826.0,,1573587736,10.927693
WRITE,-826.0,,1573875718,10.929692
WRITE,-827.0,,1574163699,10.931692
WRITE,-827.0,,1574451680,10.933692
WRITE,-827.0,,1574739662,10.935692
WRITE,-827.0,,1575027643,10.937692
WRITE,-828.0,,1575315625,10.939692
WRITE,-828.0,,1575603606,10.941692
WRITE,-828.0,,1575891588,10.943692
WRITE,-829.0,,1576179569,10.945691
WRITE,-829.0,,1576467550,10.947691
WRITE,-829.0,,1576755532,10.949691
WRITE,-829.0,,1577043513,10.951691
WRITE,-830.0,,1577331495,10.953691
WRITE,-830.0,,1577619476,10.955691
WRITE,-830.0,,1577907457,10.957691
WRITE,-830.0,,1578195439,10.959691
WRITE,-831.0,,1578483420,10.961690
WRITE,-831.0,,1578771402,10.963690
WRITE,-831.0,,1579059383,10.965690
WRITE,-831.0,,1579347365,10.967690
WRITE,-831.0,,1579635346,10.969690
WRITE,-831.0,,1579923327,10.971690
WRITE,-831.0,,1580211309,10.973690
WRITE,-831.0,,1580499290,10.975690
WRITE,-831.0,,1580787272,10.977689
WRITE,-831.0,,1581075253,10.979689
WRITE,-831.0,,1581363235,10.981689
WRITE,-831.0,,1581651216,10.983689
WRITE,-831.0,,1581939197,10.985689
WRITE,-831.0,,1582227179,10.987689
WRITE,-831.0,,1582515160,10.989689
WRITE,-831.0,,1582803142,10.991688
WRITE,-831.0,,1583091123,10.993688
WRITE,-831.0,,1583379104,10.995688
WRITE,-831.0,,1583667086,10.997688
WRITE,-831.0,,1583957689,10.999706
WRITE,-831.0,,1584243045,11.001688
WRITE,-831.0,,1584531026,11.003688
WRITE,-831.0,,1584819008,11.005688
WRITE,-831.0,,1585106989,11.007687
WRITE,-831.0,,1585394970,11.009687
WRITE,-831.0,,1585682952,11.011687
WRITE,-830.0,,1585970933,11.013687
WRITE,-830.0,,1586258915,11.015687
WRITE,-829.0,,1586546896,11.017687
WRITE,-828.0,,1586834878,11.019687
WRITE,-827.0,,1587122859,11.021687
WRITE,-826.0,,1587410840,11.023686
WRITE,-824.0,,1587698822,11.025686
WRITE,-822.0,,1587986803,11.027686
WRITE,-820.0,,1588274785,11.029686
WRITE,-818.0,,1588562766,11.031686
WRITE,-816.0,,1588850747,11.033686
WRITE,-814.0,,1589138729,11.035686
WRITE,-812.0,,1589426710,11.037685
WRITE,-809.0,,1589714692,11.039685
WRITE,-807.0,,1590002673,11.041685
WRITE,-805.0,,1590290655,11.043685
WRITE,-802.0,,1590578636,11.045685
WRITE,-800.0,,1590866617,11.047685
WRITE,-798.0,,1591154599,11.049685
WRITE,-795.0,,1591442580,11.051685
WRITE,-793.0,,1591730562,11.053684
WRITE,-791.0,,1592018543,11.055684
WRITE,-789.0,,1592306525,11.057684
WRITE,-787.0,,1592594506,11.059684
WRITE,-785.0,,1592882487,11.061684
WRITE,-783.0,,1593170469,11.063684
WRITE,-782.0,,1593458450,11.065684
WRITE,-780.0,,1593746432,11.067684
WRITE,-778.0,,1594034413,11.069683
WRITE,-777.0,,1594322395,11.071683
WRITE,-775.0,,1594610376,11.073683
WRITE,-774.0,,1594898357,11.075683
WRITE,-772.0,,1595186339,11.077683
WRITE,-771.0,,1595474320,11.079683
WRITE,-770.0,,1595762302,11.081683
WRITE,-769.0,,1596050283,11.083683
WRITE,-767.0,,1596338264,11.085682
WRITE,-766.0,,1596626246,11.087682
WRITE,-765.0,,1596914227,11.089682
WRITE,-764.0,,1597202209,11.091682
WRITE,-763.0,,1597490190,11.093682
WRITE,-762.0,,1597778172,11.095682
WRITE,-761.0,,1598066153,11.097682
WRITE,-760.0,,1598354134,11.099681
WRITE,-759.0,,1598642116,11.101681
WRITE,-758.0,,1598930097,11.103681
WRITE,-757.0,,1599218079,11.105681
WRITE,-756.0,,1599506060,11.107681
WRITE,-755.0,,1599794042,11.109681
WRITE,-754.0,,1600082023,11.111681
WRITE,-753.0,,1600370004,11.113681
WRITE,-752.0,,1600657986,11.115680
WRITE,-751.0,,1600945967,11.117680
WRITE,-750.0,,1601233949,11.119680
WRITE,-749.0,,1601521930,11.121680
WRITE,-748.0,,1601809911,11.123680
WRITE,-747.0,,1602097893,11.125680
WRITE,-746.0,,1602385874,11.127680
WRITE,-746.0,,1602673856,11.129680
WRITE,-745.0,,1602961837,11.131679
WRITE,-744.0,,1603249819,11.133679
WRITE,-744.0,,1603537800,11.135679
WRITE,-743.0,,1603825781,11.137679
WRITE,-743.0,,1604113763,11.139679
WRITE,-742.0,,1604401744,11.141679
WRITE,-742.0,,1604689726,11.143679
WRITE,-741.0,,1604977707,11.145679
WRITE,-741.0,,1605265689,11.147678
WRITE,-740.0,,1605553670,11.149678
WRITE,-740.0,,1605841651,11.151678
WRITE,-739.0,,1606129633,11.153678
WRITE,-739.0,,1606417614,11.155678
WRITE,-738.0,,1606705596,11.157678
WRITE,-738.0,,1606993577,11.159678
WRITE,-737.0,,1607281558,11.161677
WRITE,-737.0,,1607569540,11.163677
WRITE,-736.0,,1607857521,11.165677
WRITE,-736.0,,1608145503,11.167677
WRITE,-736.0,,1608433484,11.169677
WRITE,-735.0,,1608721466,11.171677
WRITE,-735.0,,1609009447,11.173677
WRITE,-734.0,,1609297428,11.175677
WRITE,-734.0,,1609585410,11.177676
WRITE,-733.0,,1609873391,11.179676
WRITE,-733.0,,1610161373,11.181676
WRITE,-732.0,,1610449354,11.183676
WRITE,-732.0,,1610737336,11.185676
WRITE,-731.0,,1611025317,11.187676
WRITE,-731.0,,1611313298,11.189676
WRITE,-731.0,,1611601280,11.191676
WRITE,-730.0,,1611889261,11.193675
WRITE,-730.0,,1612177243,11.195675
WRITE,-729.0,,1612465224,11.197675
WRITE,-729.0,,1612753206,11.199675
WRITE,-728.0,,1613041187,11.201675
WRITE,-728.0,,1613329168,11.203675
WRITE,-728.0,,1613617150,11.205675
WRITE,-727.0,,1613905131,11.207675
WRITE,-727.0,,1614193113,11.209674
WRITE,-726.0,,1614481094,11.211674
WRITE,-726.0,,1614769075,11.213674
WRITE,-726.0,,1615057057,11.215674
WRITE,-725.0,,1615345038,11.217674
WRITE,-725.0,,1615633020,11.219674
WRITE,-724.0,,1615921001,11.221674
WRITE,-724.0,,1616208983,11.223673
WRITE,-724.0,,1616496964,11.225673
WRITE,-723.0,,1616784945,11.227673
WRITE,-723.0,,1617072927,11.229673
WRITE,-723.0,,1617360908,11.231673
WRITE,-722.0,,1617648890,11.233673
WRITE,-722.0,,1617936871,11.235673
WRITE,-722.0,,1618224853,11.237673
WRITE,-722.0,,1618512834,11.239672
WRITE,-722.0,,1618800815,11.241672
WRITE,-722.0,,1619088797,11.243672
WRITE,-722.0,,1619376778,11.245672
WRITE,-722.0,,1619664760,11.247672
WRITE,-722.0,,1619952741,11.249672
WRITE,-722.0,,1620240722,11.251672
WRITE,-722.0,,1620528704,11.253672
WRITE,-722.0,,1620816685,11.255671
WRITE,-722.0,,1621104667,11.257671
WRITE,-722.0,,1621392648,11.259671
WRITE,-722.0,,1621680630,11.261671
WRITE,-722.0,,1621968611,11.263671
WRITE,-722.0,,1622256592,11.265671
WRITE,-722.0,,1622544574,11.267671
WRITE,-722.0,,1622832555,11.269671
WRITE,-722.0,,1623120537,11.271670
WRITE,-722.0,,1623408518,11.273670
WRITE,-722.0,,1623696500,11.275670
WRITE,-722.0,,1623984481,11.277670
WRITE,-722.0,,1624272462,11.279670
WRITE,-722.0,,1624560444,11.281670
WRITE,-722.0,,1624848425,11.283670
WRITE,-722.0,,1625136407,11.285669
WRITE,-722.0,,1625424388,11.287669
WRITE,-722.0,,1625712369,11.289669
WRITE,-722.0,,1626000351,11.291669
WRITE,-722.0,,1626288332,11.293669
WRITE,-722.0,,1626576314,11.295669
WRITE,-722.0,,1626864295,11.297669
WRITE,-722.0,,1627152277,11.299669
WRITE,-722.0,,1627440258,11.301668
WRITE,-722.0,,1627728239,11.303668
WRITE,-722.0,,1628016221,11.305668
WRITE,-722.0,,1628304202,11.307668
WRITE,-722.0,,1628592184,11.309668
WRITE,-722.0,,1628880165,11.311668
WRITE,-722.0,,1629168147,11.313668
WRITE,-722.0,,1629456128,11.315668
WRITE,-722.0,,1629744109,11.317667
WRITE,-722.0,,1630032091,11.319667
WRITE,-722.0,,1630320072,11.321667
WRITE,-722.0,,1630608054,11.323667
WRITE,-722.0,,1630896035,11.325667
WRITE,-722.0,,1631184017,11.327667
WRITE,-722.0,,1631471998,11.329667
WRITE,-722.0,,1631759979,11.331667
WRITE,-722.0,,1632047961,11.333666
WRITE,-722.0,,1632335942,11.335666
WRITE,-722.0,,1632623924,11.337666
WRITE,-722.0,,1632911905,11.339666
WRITE,-722.0,,1633199886,11.341666
WRITE,-722.0,,1633487868,11.343666
WRITE,-722.0,,1633775849,11.345666
WRITE,-722.0,,1634063831,11.347665
WRITE,-722.0,,1634351812,11.349665
WRITE,-722.0,,1634639794,11.351665
WRITE,-722.0,,1634927775,11.353665
WRITE,-722.0,,1635215756,11.355665
WRITE,-722.0,,1635503738,11.357665
WRITE,-722.0,,1635791719,11.359665
WRITE,-722.0,,1636079701,11.361665
WRITE,-722.0,,1636367682,11.363664
WRITE,-722.0,,1636655664,11.365664
WRITE,-722.0,,1636943645,11.367664
WRITE,-722.0,,1637231626,11.369664
WRITE,-722.0,,1637519608,11.371664
WRITE,-722.0,,1637807589,11.373664
WRITE,-722.0,,1638095571,11.375664
WRITE,-722.0,,1638383552,11.377664
WRITE,-722.0,,1638671533,11.379663
WRITE,-722.0,,1638959515,11.381663
WRITE,-722.0,,1639247496,11.383663
WRITE,-722.0,,1639535478,11.385663
WRITE,-722.0,,1639823459,11.387663
WRITE,-722.0,,1640111441,11.389663
WRITE,-722.0,,1640399422,11.391663
WRITE,-722.0,,1640687403,11.393663
WRITE,-722.0,,1640975385,11.395662
WRITE,-722.0,,1641263366,11.397662
WRITE,-722.0,,1641551348,11.399662
WRITE,-722.0,,1641839329,11.401662
WRITE,-722.0,,1642127311,11.403662
WRITE,-722.0,,1642415292,11.405662
WRITE,-722.0,,1642703273,11.407662
WRITE,-722.0,,1642991255,11.409661
WRITE,-722.0,,1643279236,11.411661
WRITE,-722.0,,1643567218,11.413661
WRITE,-722.0,,1643855199,11.415661
WRITE,-722.0,,1644143180,11.417661
WRITE,-722.0,,1644431162,11.419661
WRITE,-722.0,,1644719143,11.421661
WRITE,-722.0,,1645007125,11.423661
WRITE,-722.0,,1645295106,11.425660
WRITE,-722.0,,1645583088,11.427660
WRITE,-722.0,,1645871069,11.429660
WRITE,-722.0,,1646159050,11.431660
WRITE,-722.0,,1646447032,11.433660
WRITE,-722.0,,1646735013,11.435660
WRITE,-722.0,,1647022995,11.437660
WRITE,-722.0,,1647310976,11.439660
WRITE,-722.0,,1647598958,11.441659
WRITE,-722.0,,1647886939,11.443659
WRITE,-722.0,,1648174920,11.445659
WRITE,-722.0,,1648462902,11.447659
WRITE,-722.0,,1648750883,11.449659
WRITE,-722.0,,1649038865,11.451659
WRITE,-722.0,,1649326846,11.453659
WRITE,-722.0,,1649614828,11.455659
WRITE,-722.0,,1649902809,11.457658
WRITE,-722.0,,1650190790,11.459658
WRITE,-722.0,,1650478772,11.461658
WRITE,-722.0,,1650766753,11.463658
WRITE,-722.0,,1651054735,11.465658
WRITE,-722.0,,1651342716,11.467658
WRITE,-722.0,,1651630697,11.469658
WRITE,-722.0,,1651918679,11.471657
WRITE,-722.0,,1652206660,11.473657
WRITE,-722.0,,1652494642,11.475657
WRITE,-722.0,,1652782623,11.477657
WRITE,-722.0,,1653070605,11.479657
WRITE,-722.0,,1653358586,11.481657
WRITE,-722.0,,1653646567,11.483657
WRITE,-722.0,,1653934549,11.485657
WRITE,-722.0,,1654222530,11.487656
WRITE,-722.0,,1654510512,11.489656
WRITE,-722.0,,1654798493,11.491656
WRITE,-722.0,,1655086475,11.493656
WRITE,-722.0,,1655374456,11.495656
WRITE,-722.0,,1655662437,11.497656
WRITE,-722.0,,1655953041,11.499674
WRITE,-722.0,,1656238396,11.501656
WRITE,-722.0,,1656526378,11.503655
WRITE,-722.0,,1656814359,11.505655
WRITE,-722.0,,1657102340,11.507655
WRITE,-722.0,,1657390322,11.509655
WRITE,-722.0,,1657678303,11.511655
WRITE,-721.0,,1657966285,11.513655
WRITE,-720.0,,1658254266,11.515655
WRITE,-719.0,,1658542248,11.517655
WRITE,-718.0,,1658830229,11.519654
WRITE,-717.0,,1659118210,11.521654
WRITE,-715.0,,1659406192,11.523654
WRITE,-714.0,,1659694173,11.525654
WRITE,-712.0,,1659982155,11.527654
WRITE,-710.0,,1660270136,11.529654
WRITE,-708.0,,1660558118,11.531654
WRITE,-706.0,,1660846099,11.533653
WRITE,-703.0,,1661134080,11.535653
WRITE,-701.0,,1661422062,11.537653
WRITE,-699.0,,1661710043,11.539653
WRITE,-696.0,,1661998025,11.541653
WRITE,-694.0,,1662286006,11.543653
WRITE,-692.0,,1662573987,11.545653
WRITE,-690.0,,1662861969,11.547653
WRITE,-688.0,,1663149950,11.549652
WRITE,-686.0,,1663437932,11.551652
WRITE,-684.0,,1663725913,11.553652
WRITE,-682.0,,1664013895,11.555652
WRITE,-680.0,,1664301876,11.557652
WRITE,-678.0,,1664589857,11.559652
WRITE,-676.0,,1664877839,11.561652
WRITE,-675.0,,1665165820,11.563652
WRITE,-673.0,,1665453802,11.565651
WRITE,-671.0,,1665741783,11.567651
WRITE,-670.0,,1666029765,11.569651
WRITE,-668.0,,1666317746,11.571651
WRITE,-667.0,,1666605727,11.573651
WRITE,-666.0,,1666893709,11.575651
WRITE,-664.0,,1667181690,11.577651
WRITE,-663.0,,1667469672,11.579651
WRITE,-662.0,,1667757653,11.581650
WRITE,-661.0,,1668045635,11.583650
WRITE,-659.0,,1668333616,11.585650
WRITE,-658.0,,1668621597,11.587650
WRITE,-657.0,,1668909579,11.589650
WRITE,-656.0,,1669197560,11.591650
WRITE,-655.0,,1669485542,11.593650
WRITE,-655.0,,1669773523,11.595649
WRITE,-654.0,,1670061504,11.597649
WRITE,-653.0,,1670349486,11.599649
WRITE,-652.0,,1670637467,11.601649
WRITE,-651.0,,1670925449,11.603649
WRITE,-650.0,,1671213430,11.605649
WRITE,-650.0,,1671501412,11.607649
WRITE,-649.0,,1671789393,11.609649
WRITE,-648.0,,1672077374,11.611648
WRITE,-647.0,,1672365356,11.613648
WRITE,-647.0,,1672653337,11.615648
WRITE,-646.0,,1672941319,11.617648
WRITE,-645.0,,1673229300,11.619648
WRITE,-644.0,,1673517282,11.621648
WRITE,-644.0,,1673805263,11.623648
WRITE,-643.0,,1674093244,11.625648
WRITE,-643.0,,1674381226,11.627647
WRITE,-642.0,,1674669207,11.629647
WRITE,-641.0,,1674957189,11.631647
WRITE,-641.0,,1675245170,11.633647
WRITE,-640.0,,1675533151,11.635647
WRITE,-640.0,,1675821133,11.637647
WRITE,-639.0,,1676109114,11.639647
WRITE,-639.0,,1676397096,11.641647
WRITE,-638.0,,1676685077,11.643646
WRITE,-638.0,,1676973059,11.645646
WRITE,-637.0,,1677261040,11.647646
WRITE,-637.0,,1677549021,11.649646
WRITE,-636.0,,1677837003,11.651646
WRITE,-636.0,,1678124984,11.653646
WRITE,-635.0,,1678412966,11.655646
WRITE,-635.0,,1678700947,11.657645
WRITE,-634.0,,1678988929,11.659645
WRITE,-634.0,,1679276910,11.661645
WRITE,-634.0,,1679564891,11.663645
WRITE,-633.0,,1679852873,11.665645
WRITE,-633.0,,1680140854,11.667645
WRITE,-633.0,,1680428836,11.669645
WRITE,-632.0,,1680716817,11.671645
WRITE,-632.0,,1681004798,11.673644
WRITE,-632.0,,1681292780,11.675644
WRITE,-631.0,,1681580761,11.677644
WRITE,-631.0,,1681868743,11.679644
WRITE,-631.0,,1682156724,11.681644
WRITE,-630.0,,1682444706,11.683644
WRITE,-630.0,,1682732687,11.685644
WRITE,-630.0,,1683020668,11.687644
WRITE,-629.0,,1683308650,11.689643
WRITE,-629.0,,1683596631,11.691643
WRITE,-628.0,,1683884613,11.693643
WRITE,-628.0,,1684172594,11.695643
WRITE,-628.0,,1684460576,11.697643
WRITE,-627.0,,1684748557,11.699643
WRITE,-627.0,,1685036538,11.701643
WRITE,-627.0,,1685324520,11.703643
WRITE,-626.0,,1685612501,11.705642
WRITE,-626.0,,1685900483,11.707642
WRITE,-626.0,,1686188464,11.709642
WRITE,-625.0,,1686476446,11.711642
WRITE,-625.0,,1686764427,11.713642
WRITE,-625.0,,1687052408,11.715642
WRITE,-625.0,,1687340390,11.717642
WRITE,-624.0,,1687628371,11.719641
WRITE,-624.0,,1687916353,11.721641
WRITE,-624.0,,1688204334,11.723641
WRITE,-624.0,,1688492315,11.725641
WRITE,-624.0,,1688780297,11.727641
WRITE,-623.0,,1689068278,11.729641
WRITE,-623.0,,1689356260,11.731641
WRITE,-623.0,,1689644241,11.733641
WRITE,-623.0,,1689932223,11.735640
WRITE,-623.0,,1690220204,11.737640
WRITE,-622.0,,1690508185,11.739640
WRITE,-622.0,,1690796167,11.741640
WRITE,-622.0,,1691084148,11.743640
WRITE,-622.0,,1691372130,11.745640
WRITE,-621.0,,1691660111,11.747640
WRITE,-621.0,,1691948093,11.749640
WRITE,-621.0,,1692236074,11.751639
WRITE,-621.0,,1692524055,11.753639
WRITE,-621.0,,1692812037,11.755639
WRITE,-621.0,,1693100018,11.757639
WRITE,-620.0,,1693388000,11.759639
WRITE,-620.0,,1693675981,11.761639
WRITE,-620.0,,1693963962,11.763639
WRITE,-620.0,,1694251944,11.765639
WRITE,-620.0,,1694539925,11.767638
WRITE,-619.0,,1694827907,11.769638
WRITE,-619.0,,1695115888,11.771638
WRITE,-619.0,,1695403870,11.773638
WRITE,-619.0,,1695691851,11.775638
WRITE,-619.0,,1695979832,11.777638
WRITE,-619.0,,1696267814,11.779638
WRITE,-619.0,,1696555795,11.781637
WRITE,-619.0,,1696843777,11.783637
WRITE,-619.0,,1697131758,11.785637
WRITE,-619.0,,1697419740,11.787637
WRITE,-619.0,,1697707721,11.789637
WRITE,-619.0,,1697995702,11.791637
WRITE,-619.0,,1698283684,11.793637
WRITE,-619.0,,1698571665,11.795637
WRITE,-619.0,,1698859647,11.797636
WRITE,-619.0,,1699147628,11.799636
WRITE,-619.0,,1699435609,11.801636
WRITE,-619.0,,1699723591,11.803636
WRITE,-620.0,,1700011572,11.805636
WRITE,-620.0,,1700299554,11.807636
WRITE,-620.0,,1700587535,11.809636
WRITE,-620.0,,1700875517,11.811636
WRITE,-620.0,,1701163498,11.813635
WRITE,-620.0,,1701451479,11.815635
WRITE,-620.0,,1701739461,11.817635
WRITE,-620.0,,1702027442,11.819635
WRITE,-620.0,,1702315424,11.821635
WRITE,-620.0,,1702603405,11.823635
WRITE,-620.0,,1702891387,11.825635
WRITE,-620.0,,1703179368,11.827635
WRITE,-620.0,,1703467349,11.829634
WRITE,-620.0,,1703755331,11.831634
WRITE,-620.0,,1704043312,11.833634
WRITE,-620.0,,1704331294,11.835634
WRITE,-620.0,,1704619275,11.837634
WRITE,-620.0,,1704907257,11.839634
WRITE,-620.0,,1705195238,11.841634
WRITE,-620.0,,1705483219,11.843633
WRITE,-620.0,,1705771201,11.845633
WRITE,-620.0,,1706059182,11.847633
WRITE,-620.0,,1706347164,11.849633
WRITE,-620.0,,1706635145,11.851633
WRITE,-620.0,,1706923126,11.853633
WRITE,-620.0,,1707211108,11.855633
WRITE,-620.0,,1707499089,11.857633
WRITE,-620.0,,1707787071,11.859632
WRITE,-620.0,,1708075052,11.861632
WRITE,-620.0,,1708363034,11.863632
WRITE,-620.0,,1708651015,11.865632
WRITE,-620.0,,1708938996,11.867632
WRITE,-620.0,,1709226978,11.869632
WRITE,-620.0,,1709514959,11.871632
WRITE,-620.0,,1709802941,11.873632
WRITE,-620.0,,1710090922,11.875631
WRITE,-620.0,,1710378904,11.877631
WRITE,-620.0,,1710666885,11.879631
WRITE,-620.0,,1710954866,11.881631
WRITE,-620.0,,1711242848,11.883631
WRITE,-620.0,,1711530829,11.885631
WRITE,-620.0,,1711818811,11.887631
WRITE,-620.0,,1712106792,11.889631
WRITE,-620.0,,1712394773,11.891630
WRITE,-620.0,,1712682755,11.893630
WRITE,-620.0,,1712970736,11.895630
WRITE,-620.0,,1713258718,11.897630
WRITE,-620.0,,1713546699,11.899630
WRITE,-620.0,,1713834681,11.901630
WRITE,-620.0,,1714122662,11.903630
WRITE,-620.0,,1714410643,11.905629
WRITE,-620.0,,1714698625,11.907629
WRITE,-620.0,,1714986606,11.909629
WRITE,-620.0,,1715274588,11.911629
WRITE,-620.0,,1715562569,11.913629
WRITE,-620.0,,1715850551,11.915629
WRITE,-620.0,,1716138532,11.917629
WRITE,-620.0,,1716426513,11.919629
WRITE,-620.0,,1716714495,11.921628
WRITE,-620.0,,1717002476,11.923628
WRITE,-620.0,,1717290458,11.925628
WRITE,-620.0,,1717578439,11.927628
WRITE,-620.0,,1717866420,11.929628
WRITE,-620.0,,1718154402,11.931628
WRITE,-620.0,,1718442383,11.933628
WRITE,-620.0,,1718730365,11.935628
WRITE,-620.0,,1719018346,11.937627
WRITE,-620.0,,1719306328,11.939627
WRITE,-620.0,,1719594309,11.941627
WRITE,-620.0,,1719882290,11.943627
WRITE,-620.0,,1720170272,11.945627
WRITE,-620.0,,1720458253,11.947627
WRITE,-620.0,,1720746235,11.949627
WRITE,-620.0,,1721034216,11.951627
WRITE,-620.0,,1721322198,11.953626
WRITE,-620.0,,1721610179,11.955626
WRITE,-620.0,,1721898160,11.957626
WRITE,-620.0,,1722186142,11.959626
WRITE,-620.0,,1722474123,11.961626
WRITE,-620.0,,1722762105,11.963626
WRITE,-620.0,,1723050086,11.965626
WRITE,-620.0,,1723338068,11.967625
WRITE,-620.0,,1723626049,11.969625
WRITE,-620.0,,1723914030,11.971625
WRITE,-620.0,,1724202012,11.973625
WRITE,-620.0,,1724489993,11.975625
WRITE,-620.0,,1724777975,11.977625
WRITE,-620.0,,1725065956,11.979625
WRITE,-620.0,,1725353937,11.981625
WRITE,-620.0,,1725641919,11.983624
WRITE,-620.0,,1725929900,11.985624
WRITE,-620.0,,1726217882,11.987624
WRITE,-620.0,,1726505863,11.989624
WRITE,-620.0,,1726793845,11.991624
WRITE,-620.0,,1727081826,11.993624
WRITE,-620.0,,1727369807,11.995624
WRITE,-620.0,,1727657789,11.997624
WRITE,-620.0,,1727948379,11.999642
WRITE,-620.0,,1728233748,12.001623
WRITE,-620.0,,1728521729,12.003623
WRITE,-620.0,,1728809711,12.005623
WRITE,-620.0,,1729097692,12.007623
WRITE,-620.0,,1729385673,12.009623
WRITE,-620.0,,1729673655,12.011623
WRITE,-619.0,,1729961636,12.013622
WRITE,-618.0,,1730249618,12.015622
WRITE,-617.0,,1730537599,12.017622
WRITE,-616.0,,1730825580,12.019622
WRITE,-614.0,,1731113562,12.021622
WRITE,-613.0,,1731401543,12.023622
WRITE,-611.0,,1731689525,12.025622
WRITE,-609.0,,1731977506,12.027622
WRITE,-607.0,,1732265488,12.029621
WRITE,-605.0,,1732553469,12.031621
WRITE,-603.0,,1732841450,12.033621
WRITE,-601.0,,1733129432,12.035621
WRITE,-598.0,,1733417413,12.037621
WRITE,-596.0,,1733705395,12.039621
WRITE,-594.0,,1733993376,12.041621
WRITE,-592.0,,1734281358,12.043621
WRITE,-590.0,,1734569339,12.045620
WRITE,-587.0,,1734857320,12.047620
WRITE,-585.0,,1735145302,12.049620
WRITE,-583.0,,1735433283,12.051620
WRITE,-581.0,,1735721265,12.053620
WRITE,-579.0,,1736009246,12.055620
WRITE,-578.0,,1736297227,12.057620
WRITE,-576.0,,1736585209,12.059620
WRITE,-574.0,,1736873190,12.061619
WRITE,-572.0,,1737161172,12.063619
WRITE,-571.0,,1737449153,12.065619
WRITE,-569.0,,1737737135,12.067619
WRITE,-568.0,,1738025116,12.069619
WRITE,-567.0,,1738313097,12.071619
WRITE,-565.0,,1738601079,12.073619
WRITE,-564.0,,1738889060,12.075618
WRITE,-563.0,,1739177042,12.077618
WRITE,-562.0,,1739465023,12.079618
WRITE,-560.0,,1739753005,12.081618
WRITE,-559.0,,1740040986,12.083618
WRITE,-558.0,,1740328967,12.085618
WRITE,-557.0,,1740616949,12.087618
WRITE,-556.0,,1740904930,12.089618
WRITE,-555.0,,1741192912,12.091617
WRITE,-554.0,,1741480893,12.093617
WRITE,-553.0,,1741768875,12.095617
WRITE,-552.0,,1742056856,12.097617
WRITE,-552.0,,1742344837,12.099617
WRITE,-551.0,,1742632819,12.101617
WRITE,-550.0,,1742920800,12.103617
WRITE,-549.0,,1743208782,12.105617
WRITE,-548.0,,1743496763,12.107616
WRITE,-547.0,,1743784744,12.109616
WRITE,-547.0,,1744072726,12.111616
WRITE,-546.0,,1744360707,12.113616
WRITE,-545.0,,1744648689,12.115616
WRITE,-544.0,,1744936670,12.117616
WRITE,-544.0,,1745224652,12.119616
WRITE,-543.0,,1745512633,12.121616
WRITE,-542.0,,1745800614,12.123615
WRITE,-542.0,,1746088596,12.125615
WRITE,-541.0,,1746376577,12.127615
WRITE,-541.0,,1746664559,12.129615
WRITE,-540.0,,1746952540,12.131615
WRITE,-539.0,,1747240522,12.133615
WRITE,-539.0,,1747528503,12.135615
WRITE,-538.0,,1747816484,12.137614
WRITE,-537.0,,1748104466,12.139614
WRITE,-537.0,,1748392447,12.141614
WRITE,-536.0,,1748680429,12.143614
WRITE,-536.0,,1748968410,12.145614
WRITE,-535.0,,1749256391,12.147614
WRITE,-535.0,,1749544373,12.149614
WRITE,-534.0,,1749832354,12.151614
WRITE,-534.0,,1750120336,12.153613
WRITE,-533.0,,1750408317,12.155613
WRITE,-532.0,,1750696299,12.157613
WRITE,-532.0,,1750984280,12.159613
WRITE,-532.0,,1751272261,12.161613
WRITE,-531.0,,1751560243,12.163613
WRITE,-531.0,,1751848224,12.165613
WRITE,-530.0,,1752136206,12.167613
WRITE,-530.0,,1752424187,12.169612
WRITE,-530.0,,1752712169,12.171612
WRITE,-529.0,,1753000150,12.173612
WRITE,-529.0,,1753288131,12.175612
WRITE,-529.0,,1753576113,12.177612
WRITE,-528.0,,1753864094,12.179612
WRITE,-528.0,,1754152076,12.181612
WRITE,-527.0,,1754440057,12.183612
WRITE,-527.0,,1754728038,12.185611
WRITE,-527.0,,1755016020,12.187611
WRITE,-526.0,,1755304001,12.189611
WRITE,-526.0,,1755591983,12.191611
WRITE,-525.0,,1755879964,12.193611
WRITE,-525.0,,1756167946,12.195611
WRITE,-524.0,,1756455927,12.197611
WRITE,-524.0,,1756743908,12.199610
WRITE,-524.0,,1757031890,12.201610
WRITE,-523.0,,1757319871,12.203610
WRITE,-523.0,,1757607853,12.205610
WRITE,-522.0,,1757895834,12.207610
WRITE,-522.0,,1758183816,12.209610
WRITE,-522.0,,1758471797,12.211610
WRITE,-521.0,,1758759778,12.213610
WRITE,-521.0,,1759047760,12.215609
WRITE,-521.0,,1759335741,12.217609
WRITE,-521.0,,1759623723,12.219609
WRITE,-520.0,,1759911704,12.221609
WRITE,-520.0,,1760199686,12.223609
WRITE,-520.0,,1760487667,12.225609
WRITE,-519.0,,1760775648,12.227609
WRITE,-519.0,,1761063630,12.229609
WRITE,-519.0,,1761351611,12.231608
WRITE,-519.0,,1761639593,12.233608
WRITE,-518.0,,1761927574,12.235608
WRITE,-518.0,,1762215555,12.237608
WRITE,-518.0,,1762503537,12.239608
WRITE,-518.0,,1762791518,12.241608
WRITE,-518.0,,1763079500,12.243608
WRITE,-517.0,,1763367481,12.245608
WRITE,-517.0,,1763655463,12.247607
WRITE,-517.0,,1763943444,12.249607
WRITE,-517.0,,1764231425,12.251607
WRITE,-517.0,,1764519407,12.253607
WRITE,-516.0,,1764807388,12.255607
WRITE,-516.0,,1765095370,12.257607
WRITE,-516.0,,1765383351,12.259607
WRITE,-516.0,,1765671333,12.261606
WRITE,-516.0,,1765959314,12.263606
WRITE,-516.0,,1766247295,12.265606
WRITE,-516.0,,1766535277,12.267606
WRITE,-516.0,,1766823258,12.269606
WRITE,-516.0,,1767111240,12.271606
WRITE,-516.0,,1767399221,12.273606
WRITE,-516.0,,1767687202,12.275606
WRITE,-516.0,,1767975184,12.277605
WRITE,-516.0,,1768263165,12.279605
WRITE,-516.0,,1768551147,12.281605
WRITE,-516.0,,1768839128,12.283605
WRITE,-516.0,,1769127110,12.285605
WRITE,-516.0,,1769415091,12.287605
WRITE,-516.0,,1769703072,12.289605
WRITE,-516.0,,1769991054,12.291605
WRITE,-516.0,,1770279035,12.293604
WRITE,-516.0,,1770567017,12.295604
WRITE,-516.0,,1770854998,12.297604
WRITE,-516.0,,1771142980,12.299604
WRITE,-516.0,,1771430961,12.301604
WRITE,-516.0,,1771718942,12.303604
WRITE,-516.0,,1772006924,12.305604
WRITE,-516.0,,1772294905,12.307604
WRITE,-516.0,,1772582887,12.309603
WRITE,-516.0,,1772870868,12.311603
WRITE,-516.0,,1773158849,12.313603
WRITE,-516.0,,1773446831,12.315603
WRITE,-516.0,,1773734812,12.317603
WRITE,-516.0,,1774022794,12.319603
WRITE,-516.0,,1774310775,12.321603
WRITE,-516.0,,1774598757,12.323602
WRITE,-516.0,,1774886738,12.325602
WRITE,-516.0,,1775174719,12.327602
WRITE,-516.0,,1775462701,12.329602
WRITE,-516.0,,1775750682,12.331602
WRITE,-516.0,,1776038664,12.333602
WRITE,-516.0,,1776326645,12.335602
WRITE,-516.0,,1776614627,12.337602
WRITE,-516.0,,1776902608,12.339601
WRITE,-516.0,,1777190589,12.341601
WRITE,-516.0,,1777478571,12.343601
WRITE,-516.0,,1777766552,12.345601
WRITE,-516.0,,1778054534,12.347601
WRITE,-516.0,,1778342515,12.349601
WRITE,-516.0,,1778630497,12.351601
WRITE,-516.0,,1778918478,12.353601
WRITE,-516.0,,1779206459,12.355600
WRITE,-516.0,,1779494441,12.357600
WRITE,-516.0,,1779782422,12.359600
WRITE,-516.0,,1780070404,12.361600
WRITE,-516.0,,1780358385,12.363600
WRITE,-516.0,,1780646366,12.365600
WRITE,-516.0,,1780934348,12.367600
WRITE,-516.0,,1781222329,12.369600
WRITE,-516.0,,1781510311,12.371599
WRITE,-516.0,,1781798292,12.373599
WRITE,-516.0,,1782086274,12.375599
WRITE,-516.0,,1782374255,12.377599
WRITE,-516.0,,1782662236,12.379599
WRITE,-516.0,,1782950218,12.381599
WRITE,-516.0,,1783238199,12.383599
WRITE,-516.0,,1783526181,12.385598
WRITE,-516.0,,1783814162,12.387598
WRITE,-516.0,,1784102144,12.389598
WRITE,-516.0,,1784390125,12.391598
WRITE,-516.0,,1784678106,12.393598
WRITE,-516.0,,1784966088,12.395598
WRITE,-516.0,,1785254069,12.397598
WRITE,-516.0,,1785542051,12.399598
WRITE,-516.0,,1785830032,12.401597
WRITE,-516.0,,1786118013,12.403597
WRITE,-516.0,,1786405995,12.405597
WRITE,-516.0,,1786693976,12.407597
WRITE,-516.0,,1786981958,12.409597
WRITE,-516.0,,1787269939,12.411597
WRITE,-516.0,,1787557921,12.413597
WRITE,-516.0,,1787845902,12.415597
WRITE,-516.0,,1788133883,12.417596
WRITE,-516.0,,1788421865,12.419596
WRITE,-516.0,,1788709846,12.421596
WRITE,-516.0,,1788997828,12.423596
WRITE,-516.0,,1789285809,12.425596
WRITE,-516.0,,1789573791,12.427596
WRITE,-516.0,,1789861772,12.429596
WRITE,-516.0,,1790149753,12.431596
WRITE,-516.0,,1790437735,12.433595
WRITE,-516.0,,1790725716,12.435595
WRITE,-516.0,,1791013698,12.437595
WRITE,-516.0,,1791301679,12.439595
WRITE,-516.0,,1791589660,12.441595
WRITE,-516.0,,1791877642,12.443595
WRITE,-516.0,,1792165623,12.445595
WRITE,-516.0,,1792453605,12.447594
WRITE,-516.0,,1792741586,12.449594
WRITE,-516.0,,1793029568,12.451594
WRITE,-516.0,,1793317549,12.453594
WRITE,-516.0,,1793605530,12.455594
WRITE,-516.0,,1793893512,12.457594
WRITE,-516.0,,1794181493,12.459594
WRITE,-516.0,,1794469475,12.461594
WRITE,-516.0,,1794757456,12.463593
WRITE,-516.0,,1795045438,12.465593
WRITE,-516.0,,1795333419,12.467593
WRITE,-516.0,,1795621400,12.469593
WRITE,-516.0,,1795909382,12.471593
WRITE,-516.0,,1796197363,12.473593
WRITE,-516.0,,1796485345,12.475593
WRITE,-516.0,,1796773326,12.477593
WRITE,-516.0,,1797061308,12.479592
WRITE,-516.0,,1797349289,12.481592
WRITE,-516.0,,1797637270,12.483592
WRITE,-516.0,,1797925252,12.485592
WRITE,-516.0,,1798213233,12.487592
WRITE,-516.0,,1798501215,12.489592
WRITE,-516.0,,1798789196,12.491592
WRITE,-516.0,,1799077177,12.493592
WRITE,-516.0,,1799365159,12.495591
WRITE,-516.0,,1799653140,12.497591
WRITE,-516.0,,1799943744,12.499609
WRITE,-516.0,,1800229099,12.501591
WRITE,-516.0,,1800517081,12.503591
WRITE,-516.0,,1800805062,12.505591
WRITE,-516.0,,1801093043,12.507591
WRITE,-516.0,,1801381025,12.509590
WRITE,-516.0,,1801669006,12.511590
WRITE,-516.0,,1801956988,12.513590
WRITE,-516.0,,1802244969,12.515590
WRITE,-515.0,,1802532951,12.517590
WRITE,-514.0,,1802820932,12.519590
WRITE,-513.0,,1803108913,12.521590
WRITE,-511.0,,1803396895,12.523590
WRITE,-510.0,,1803684876,12.525589
WRITE,-508.0,,1803972858,12.527589
WRITE,-506.0,,1804260839,12.529589
WRITE,-505.0,,1804548820,12.531589
WRITE,-502.0,,1804836802,12.533589
WRITE,-500.0,,1805124783,12.535589
WRITE,-498.0,,1805412765,12.537589
WRITE,-496.0,,1805700746,12.539589
WRITE,-494.0,,1805988728,12.541588
WRITE,-491.0,,1806276709,12.543588
WRITE,-489.0,,1806564690,12.545588
WRITE,-487.0,,1806852672,12.547588
WRITE,-485.0,,1807140653,12.549588
WRITE,-482.0,,1807428635,12.551588
WRITE,-480.0,,1807716616,12.553588
WRITE,-478.0,,1808004598,12.555587
WRITE,-476.0,,1808292579,12.557587
WRITE,-474.0,,1808580560,12.559587
WRITE,-472.0,,1808868542,12.561587
WRITE,-471.0,,1809156523,12.563587
WRITE,-469.0,,1809444505,12.565587
WRITE,-467.0,,1809732486,12.567587
WRITE,-466.0,,1810020467,12.569587
WRITE,-464.0,,1810308449,12.571586
WRITE,-463.0,,1810596430,12.573586
WRITE,-462.0,,1810884412,12.575586
WRITE,-460.0,,1811172393,12.577586
WRITE,-459.0,,1811460375,12.579586
WRITE,-458.0,,1811748356,12.581586
WRITE,-457.0,,1812036337,12.583586
WRITE,-455.0,,1812324319,12.585586
WRITE,-454.0,,1812612300,12.587585
WRITE,-453.0,,1812900282,12.589585
WRITE,-452.0,,1813188263,12.591585
WRITE,-451.0,,1813476245,12.593585
WRITE,-450.0,,1813764226,12.595585
WRITE,-449.0,,1814052207,12.597585
WRITE,-448.0,,1814340189,12.599585
WRITE,-447.0,,1814628170,12.601585
WRITE,-446.0,,1814916152,12.603584
WRITE,-445.0,,1815204133,12.605584
WRITE,-444.0,,1815492115,12.607584
WRITE,-443.0,,1815780096,12.609584
WRITE,-443.0,,1816068077,12.611584
WRITE,-442.0,,1816356059,12.613584
WRITE,-441.0,,1816644040,12.615584
WRITE,-440.0,,1816932022,12.617583
WRITE,-440.0,,1817220003,12.619583
WRITE,-439.0,,1817507984,12.621583
WRITE,-438.0,,1817795966,12.623583
WRITE,-438.0,,1818083947,12.625583
WRITE,-437.0,,1818371929,12.627583
WRITE,-437.0,,1818659910,12.629583
WRITE,-436.0,,1818947892,12.631583
WRITE,-435.0,,1819235873,12.633582
WRITE,-435.0,,1819523854,12.635582
WRITE,-434.0,,1819811836,12.637582
WRITE,-434.0,,1820099817,12.639582
WRITE,-433.0,,1820387799,12.641582
WRITE,-433.0,,1820675780,12.643582
WRITE,-432.0,,1820963762,12.645582
WRITE,-431.0,,1821251743,12.647582
WRITE,-431.0,,1821539724,12.649581
WRITE,-430.0,,1821827706,12.651581
WRITE,-429.0,,1822115687,12.653581
WRITE,-429.0,,1822403669,12.655581
WRITE,-428.0,,1822691650,12.657581
WRITE,-428.0,,1822979631,12.659581
WRITE,-427.0,,1823267613,12.661581
WRITE,-427.0,,1823555594,12.663581
WRITE,-426.0,,1823843576,12.665580
WRITE,-426.0,,1824131557,12.667580
WRITE,-426.0,,1824419539,12.669580
WRITE,-425.0,,1824707520,12.671580
WRITE,-425.0,,1824995501,12.673580
WRITE,-424.0,,1825283483,12.675580
WRITE,-424.0,,1825571464,12.677580
WRITE,-424.0,,1825859446,12.679579
WRITE,-423.0,,1826147427,12.681579
WRITE,-423.0,,1826435409,12.683579
WRITE,-423.0,,1826723390,12.685579
WRITE,-422.0,,1827011371,12.687579
WRITE,-422.0,,1827299353,12.689579
WRITE,-422.0,,1827587334,12.691579
WRITE,-422.0,,1827875316,12.693579
WRITE,-421.0,,1828163297,12.695578
WRITE,-421.0,,1828451278,12.697578
WRITE,-421.0,,1828739260,12.699578
WRITE,-420.0,,1829027241,12.701578
WRITE,-420.0,,1829315223,12.703578
WRITE,-419.0,,1829603204,12.705578
WRITE,-419.0,,1829891186,12.707578
WRITE,-419.0,,1830179167,12.709578
WRITE,-418.0,,1830467148,12.711577
WRITE,-418.0,,1830755130,12.713577
WRITE,-418.0,,1831043111,12.715577
WRITE,-417.0,,1831331093,12.717577
WRITE,-417.0,,1831619074,12.719577
WRITE,-417.0,,1831907056,12.721577
WRITE,-416.0,,1832195037,12.723577
WRITE,-416.0,,1832483018,12.725577
WRITE,-416.0,,1832771000,12.727576
WRITE,-415.0,,1833058981,12.729576
WRITE,-415.0,,1833346963,12.731576
WRITE,-415.0,,1833634944,12.733576
WRITE,-414.0,,1833922926,12.735576
WRITE,-414.0,,1834210907,12.737576
WRITE,-414.0,,1834498888,12.739576
WRITE,-414.0,,1834786870,12.741575
WRITE,-413.0,,1835074851,12.743575
WRITE,-413.0,,1835362833,12.745575
WRITE,-413.0,,1835650814,12.747575
WRITE,-412.0,,1835938795,12.749575
WRITE,-412.0,,1836226777,12.751575
WRITE,-412.0,,1836514758,12.753575
WRITE,-412.0,,1836802740,12.755575
WRITE,-411.0,,1837090721,12.757574
WRITE,-411.0,,1837378703,12.759574
WRITE,-411.0,,1837666684,12.761574
WRITE,-411.0,,1837954665,12.763574
WRITE,-411.0,,1838242647,12.765574
WRITE,-411.0,,1838530628,12.767574
WRITE,-410.0,,1838818610,12.769574
WRITE,-410.0,,1839106591,12.771574
WRITE,-410.0,,1839394573,12.773573
WRITE,-410.0,,1839682554,12.775573
WRITE,-410.0,,1839970535,12.777573
WRITE,-410.0,,1840258517,12.779573
WRITE,-410.0,,1840546498,12.781573
WRITE,-410.0,,1840834480,12.783573
WRITE,-410.0,,1841122461,12.785573
WRITE,-410.0,,1841410442,12.787573
WRITE,-410.0,,1841698424,12.789572
WRITE,-410.0,,1841986405,12.791572
WRITE,-410.0,,1842274387,12.793572
WRITE,-410.0,,1842562368,12.795572
WRITE,-410.0,,1842850350,12.797572
WRITE,-410.0,,1843138331,12.799572
WRITE,-410.0,,1843426312,12.801572
WRITE,-410.0,,1843714294,12.803571
WRITE,-410.0,,1844002275,12.805571
WRITE,-410.0,,1844290257,12.807571
WRITE,-410.0,,1844578238,12.809571
WRITE,-410.0,,1844866220,12.811571
WRITE,-410.0,,1845154201,12.813571
WRITE,-410.0,,1845442182,12.815571
WRITE,-410.0,,1845730164,12.817571
WRITE,-410.0,,1846018145,12.819570
WRITE,-410.0,,1846306127,12.821570
WRITE,-410.0,,1846594108,12.823570
WRITE,-410.0,,1846882089,12.825570
WRITE,-410.0,,1847170071,12.827570
WRITE,-410.0,,1847458052,12.829570
WRITE,-410.0,,1847746034,12.831570
WRITE,-410.0,,1848034015,12.833570
WRITE,-410.0,,1848321997,12.835569
WRITE,-410.0,,1848609978,12.837569
WRITE,-410.0,,1848897959,12.839569
WRITE,-410.0,,1849185941,12.841569
WRITE,-410.0,,1849473922,12.843569
WRITE,-410.0,,1849761904,12.845569
WRITE,-410.0,,1850049885,12.847569
WRITE,-410.0,,1850337867,12.849569
WRITE,-410.0,,1850625848,12.851568
WRITE,-410.0,,1850913829,12.853568
WRITE,-410.0,,1851201811,12.855568
WRITE,-410.0,,1851489792,12.857568
WRITE,-410.0,,1851777774,12.859568
WRITE,-410.0,,1852065755,12.861568
WRITE,-410.0,,1852353737,12.863568
WRITE,-410.0,,1852641718,12.865567
WRITE,-410.0,,1852929699,12.867567
WRITE,-410.0,,1853217681,12.869567
WRITE,-410.0,,1853505662,12.871567
WRITE,-410.0,,1853793644,12.873567
WRITE,-410.0,,1854081625,12.875567
WRITE,-410.0,,1854369606,12.877567
WRITE,-410.0,,1854657588,12.879567
WRITE,-410.0,,1854945569,12.881566
WRITE,-410.0,,1855233551,12.883566
WRITE,-410.0,,1855521532,12.885566
WRITE,-410.0,,1855809514,12.887566
WRITE,-410.0,,1856097495,12.889566
WRITE,-410.0,,1856385476,12.891566
WRITE,-410.0,,1856673458,12.893566
WRITE,-410.0,,1856961439,12.895566
WRITE,-410.0,,1857249421,12.897565
WRITE,-410.0,,1857537402,12.899565
WRITE,-410.0,,1857825384,12.901565
WRITE,-410.0,,1858113365,12.903565
WRITE,-410.0,,1858401346,12.905565
WRITE,-410.0,,1858689328,12.907565
WRITE,-410.0,,1858977309,12.909565
WRITE,-410.0,,1859265291,12.911565
WRITE,-410.0,,1859553272,12.913564
WRITE,-410.0,,1859841253,12.915564
WRITE,-410.0,,1860129235,12.917564
WRITE,-410.0,,1860417216,12.919564
WRITE,-410.0,,1860705198,12.921564
WRITE,-410.0,,1860993179,12.923564
WRITE,-410.0,,1861281161,12.925564
WRITE,-410.0,,1861569142,12.927563
WRITE,-410.0,,1861857123,12.929563
WRITE,-410.0,,1862145105,12.931563
WRITE,-410.0,,1862433086,12.933563
WRITE,-410.0,,1862721068,12.935563
WRITE,-410.0,,1863009049,12.937563
WRITE,-410.0,,1863297031,12.939563
WRITE,-410.0,,1863585012,12.941563
WRITE,-410.0,,1863872993,12.943562
WRITE,-410.0,,1864160975,12.945562
WRITE,-410.0,,1864448956,12.947562
WRITE,-410.0,,1864736938,12.949562
WRITE,-410.0,,1865024919,12.951562
WRITE,-410.0,,1865312900,12.953562
WRITE,-410.0,,1865600882,12.955562
WRITE,-410.0,,1865888863,12.957562
WRITE,-410.0,,1866176845,12.959561
WRITE,-410.0,,1866464826,12.961561
WRITE,-410.0,,1866752808,12.963561
WRITE,-410.0,,1867040789,12.965561
WRITE,-410.0,,1867328770,12.967561
WRITE,-410.0,,1867616752,12.969561
WRITE,-410.0,,1867904733,12.971561
WRITE,-410.0,,1868192715,12.973561
WRITE,-410.0,,1868480696,12.975560
WRITE,-410.0,,1868768678,12.977560
WRITE,-410.0,,1869056659,12.979560
WRITE,-410.0,,1869344640,12.981560
WRITE,-410.0,,1869632622,12.983560
WRITE,-410.0,,1869920603,12.985560
WRITE,-410.0,,1870208585,12.987560
WRITE,-410.0,,1870496566,12.989559
WRITE,-410.0,,1870784548,12.991559
WRITE,-410.0,,1871072529,12.993559
WRITE,-410.0,,1871360510,12.995559
WRITE,-410.0,,1871648492,12.997559
WRITE,-410.0,,1871939082,12.999577
WRITE,-410.0,,1872224451,13.001559
WRITE,-410.0,,1872512432,13.003559
WRITE,-410.0,,1872800413,13.005558
WRITE,-410.0,,1873088395,13.007558
WRITE,-410.0,,1873376376,13.009558
WRITE,-410.0,,1873664358,13.011558
WRITE,-409.0,,1873952339,13.013558
WRITE,-408.0,,1874240321,13.015558
WRITE,-407.0,,1874528302,13.017558
WRITE,-406.0,,1874816283,13.019558
WRITE,-405.0,,1875104265,13.021557
WRITE,-403.0,,1875392246,13.023557
WRITE,-402.0,,1875680228,13.025557
WRITE,-400.0,,1875968209,13.027557
WRITE,-398.0,,1876256191,13.029557
WRITE,-396.0,,1876544172,13.031557
WRITE,-394.0,,1876832153,13.033557
WRITE,-391.0,,1877120135,13.035556
WRITE,-389.0,,1877408116,13.037556
WRITE,-387.0,,1877696098,13.039556
WRITE,-385.0,,1877984079,13.041556
WRITE,-383.0,,1878272060,13.043556
WRITE,-381.0,,1878560042,13.045556
WRITE,-378.0,,1878848023,13.047556
WRITE,-376.0,,1879136005,13.049556
WRITE,-374.0,,1879423986,13.051555
WRITE,-372.0,,1879711968,13.053555
WRITE,-370.0,,1879999949,13.055555
WRITE,-369.0,,1880287930,13.057555
WRITE,-367.0,,1880575912,13.059555
WRITE,-365.0,,1880863893,13.061555
WRITE,-364.0,,1881151875,13.063555
WRITE,-362.0,,1881439856,13.065555
WRITE,-360.0,,1881727838,13.067554
WRITE,-359.0,,1882015819,13.069554
WRITE,-358.0,,1882303800,13.071554
WRITE,-356.0,,1882591782,13.073554
WRITE,-355.0,,1882879763,13.075554
WRITE,-354.0,,1883167745,13.077554
WRITE,-353.0,,1883455726,13.079554
WRITE,-351.0,,1883743707,13.081554
WRITE,-350.0,,1884031689,13.083553
WRITE,-349.0,,1884319670,13.085553
WRITE,-348.0,,1884607652,13.087553
WRITE,-347.0,,1884895633,13.089553
WRITE,-346.0,,1885183615,13.091553
WRITE,-345.0,,1885471596,13.093553
WRITE,-344.0,,1885759577,13.095553
WRITE,-343.0,,1886047559,13.097552
WRITE,-342.0,,1886335540,13.099552
WRITE,-342.0,,1886623522,13.101552
WRITE,-341.0,,1886911503,13.103552
WRITE,-340.0,,1887199485,13.105552
WRITE,-339.0,,1887487466,13.107552
WRITE,-338.0,,1887775447,13.109552
WRITE,-337.0,,1888063429,13.111552
WRITE,-336.0,,1888351410,13.113551
WRITE,-335.0,,1888639392,13.115551
WRITE,-335.0,,1888927373,13.117551
WRITE,-334.0,,1889215355,13.119551
WRITE,-333.0,,1889503336,13.121551
WRITE,-333.0,,1889791317,13.123551
WRITE,-332.0,,1890079299,13.125551
WRITE,-331.0,,1890367280,13.127551
WRITE,-331.0,,1890655262,13.129550
WRITE,-330.0,,1890943243,13.131550
WRITE,-330.0,,1891231224,13.133550
WRITE,-329.0,,1891519206,13.135550
WRITE,-328.0,,1891807187,13.137550
WRITE,-328.0,,1892095169,13.139550
WRITE,-327.0,,1892383150,13.141550
WRITE,-327.0,,1892671132,13.143550
WRITE,-326.0,,1892959113,13.145549
WRITE,-326.0,,1893247094,13.147549
WRITE,-325.0,,1893535076,13.149549
WRITE,-325.0,,1893823057,13.151549
WRITE,-324.0,,1894111039,13.153549
WRITE,-324.0,,1894399020,13.155549
WRITE,-323.0,,1894687002,13.157549
WRITE,-323.0,,1894974983,13.159548
WRITE,-322.0,,1895262964,13.161548
WRITE,-322.0,,1895550946,13.163548
WRITE,-321.0,,1895838927,13.165548
WRITE,-321.0,,1896126909,13.167548
WRITE,-320.0,,1896414890,13.169548
WRITE,-320.0,,1896702871,13.171548
WRITE,-319.0,,1896990853,13.173548
WRITE,-319.0,,1897278834,13.175547
WRITE,-319.0,,1897566816,13.177547
WRITE,-319.0,,1897854797,13.179547
WRITE,-318.0,,1898142779,13.181547
WRITE,-318.0,,1898430760,13.183547
WRITE,-318.0,,1898718741,13.185547
WRITE,-317.0,,1899006723,13.187547
WRITE,-317.0,,1899294704,13.189547
WRITE,-317.0,,1899582686,13.191546
WRITE,-317.0,,1899870667,13.193546
WRITE,-316.0,,1900158649,13.195546
WRITE,-316.0,,1900446630,13.197546
WRITE,-316.0,,1900734611,13.199546
WRITE,-315.0,,1901022593,13.201546
WRITE,-315.0,,1901310574,13.203546
WRITE,-315.0,,1901598556,13.205546
WRITE,-315.0,,1901886537,13.207545
WRITE,-314.0,,1902174518,13.209545
WRITE,-314.0,,1902462500,13.211545
WRITE,-314.0,,1902750481,13.213545
WRITE,-313.0,,1903038463,13.215545
WRITE,-313.0,,1903326444,13.217545
WRITE,-313.0,,1903614426,13.219545
WRITE,-312.0,,1903902407,13.221544
WRITE,-312.0,,1904190388,13.223544
WRITE,-312.0,,1904478370,13.225544
WRITE,-312.0,,1904766351,13.227544
WRITE,-311.0,,1905054333,13.229544
WRITE,-311.0,,1905342314,13.231544
WRITE,-311.0,,1905630296,13.233544
WRITE,-311.0,,1905918277,13.235544
WRITE,-310.0,,1906206258,13.237543
WRITE,-310.0,,1906494240,13.239543
WRITE,-310.0,,1906782221,13.241543
WRITE,-310.0,,1907070203,13.243543
WRITE,-310.0,,1907358184,13.245543
WRITE,-310.0,,1907646166,13.247543
WRITE,-310.0,,1907934147,13.249543
WRITE,-309.0,,1908222128,13.251543
WRITE,-309.0,,1908510110,13.253542
WRITE,-309.0,,1908798091,13.255542
WRITE,-309.0,,1909086073,13.257542
WRITE,-309.0,,1909374054,13.259542
WRITE,-308.0,,1909662035,13.261542
WRITE,-308.0,,1909950017,13.263542
WRITE,-308.0,,1910237998,13.265542
WRITE,-308.0,,1910525980,13.267542
WRITE,-308.0,,1910813961,13.269541
WRITE,-308.0,,1911101943,13.271541
WRITE,-308.0,,1911389924,13.273541
WRITE,-308.0,,1911677905,13.275541
WRITE,-308.0,,1911965887,13.277541
WRITE,-308.0,,1912253868,13.279541
WRITE,-307.0,,1912541850,13.281541
WRITE,-307.0,,1912829831,13.283540
WRITE,-307.0,,1913117813,13.285540
WRITE,-307.0,,1913405794,13.287540
WRITE,-307.0,,1913693775,13.289540
WRITE,-307.0,,1913981757,13.291540
WRITE,-307.0,,1914269738,13.293540
WRITE,-307.0,,1914557720,13.295540
WRITE,-307.0,,1914845701,13.297540
WRITE,-307.0,,1915133682,13.299539
WRITE,-307.0,,1915421664,13.301539
WRITE,-307.0,,1915709645,13.303539
WRITE,-307.0,,1915997627,13.305539
WRITE,-307.0,,1916285608,13.307539
WRITE,-307.0,,1916573590,13.309539
WRITE,-307.0,,1916861571,13.311539
WRITE,-307.0,,1917149552,13.313539
WRITE,-307.0,,1917437534,13.315538
WRITE,-307.0,,1917725515,13.317538
WRITE,-307.0,,1918013497,13.319538
WRITE,-307.0,,1918301478,13.321538
WRITE,-307.0,,1918589460,13.323538
WRITE,-307.0,,1918877441,13.325538
WRITE,-307.0,,1919165422,13.327538
WRITE,-307.0,,1919453404,13.329538
WRITE,-307.0,,1919741385,13.331537
WRITE,-307.0,,1920029367,13.333537
WRITE,-307.0,,1920317348,13.335537
WRITE,-307.0,,1920605329,13.337537
WRITE,-307.0,,1920893311,13.339537
WRITE,-307.0,,1921181292,13.341537
WRITE,-307.0,,1921469274,13.343537
WRITE,-307.0,,1921757255,13.345536
WRITE,-307.0,,1922045237,13.347536
WRITE,-307.0,,1922333218,13.349536
WRITE,-307.0,,1922621199,13.351536
WRITE,-307.0,,1922909181,13.353536
WRITE,-307.0,,1923197162,13.355536
WRITE,-307.0,,1923485144,13.357536
WRITE,-307.0,,1923773125,13.359536
WRITE,-307.0,,1924061107,13.361535
WRITE,-307.0,,1924349088,13.363535
WRITE,-307.0,,1924637069,13.365535
WRITE,-307.0,,1924925051,13.367535
WRITE,-307.0,,1925213032,13.369535
WRITE,-307.0,,1925501014,13.371535
WRITE,-307.0,,1925788995,13.373535
WRITE,-307.0,,1926076977,13.375535
WRITE,-307.0,,1926364958,13.377534
WRITE,-307.0,,1926652939,13.379534
WRITE,-307.0,,1926940921,13.381534
WRITE,-307.0,,1927228902,13.383534
WRITE,-307.0,,1927516884,13.385534
WRITE,-307.0,,1927804865,13.387534
WRITE,-307.0,,1928092846,13.389534
WRITE,-307.0,,1928380828,13.391534
WRITE,-307.0,,1928668809,13.393533
WRITE,-307.0,,1928956791,13.395533
WRITE,-307.0,,1929244772,13.397533
WRITE,-307.0,,1929532754,13.399533
WRITE,-307.0,,1929820735,13.401533
WRITE,-307.0,,1930108716,13.403533
WRITE,-307.0,,1930396698,13.405533
WRITE,-307.0,,1930684679,13.407532
WRITE,-307.0,,1930972661,13.409532
WRITE,-307.0,,1931260642,13.411532
WRITE,-307.0,,1931548624,13.413532
WRITE,-307.0,,1931836605,13.415532
WRITE,-307.0,,1932124586,13.417532
WRITE,-307.0,,1932412568,13.419532
WRITE,-307.0,,1932700549,13.421532
WRITE,-307.0,,1932988531,13.423531
WRITE,-307.0,,1933276512,13.425531
WRITE,-307.0,,1933564493,13.427531
WRITE,-307.0,,1933852475,13.429531
WRITE,-307.0,,1934140456,13.431531
WRITE,-307.0,,1934428438,13.433531
WRITE,-307.0,,1934716419,13.435531
WRITE,-307.0,,1935004401,13.437531
WRITE,-307.0,,1935292382,13.439530
WRITE,-307.0,,1935580363,13.441530
WRITE,-307.0,,1935868345,13.443530
WRITE,-307.0,,1936156326,13.445530
WRITE,-307.0,,1936444308,13.447530
WRITE,-307.0,,1936732289,13.449530
WRITE,-307.0,,1937020271,13.451530
WRITE,-307.0,,1937308252,13.453530
WRITE,-307.0,,1937596233,13.455529
WRITE,-307.0,,1937884215,13.457529
WRITE,-307.0,,1938172196,13.459529
WRITE,-307.0,,1938460178,13.461529
WRITE,-307.0,,1938748159,13.463529
WRITE,-307.0,,1939036140,13.465529
WRITE,-307.0,,1939324122,13.467529
WRITE,-307.0,,1939612103,13.469528
WRITE,-307.0,,1939900085,13.471528
WRITE,-307.0,,1940188066,13.473528
WRITE,-307.0,,1940476048,13.475528
WRITE,-307.0,,1940764029,13.477528
WRITE,-307.0,,1941052010,13.479528
WRITE,-307.0,,1941339992,13.481528
WRITE,-307.0,,1941627973,13.483528
WRITE,-307.0,,1941915955,13.485527
WRITE,-307.0,,1942203936,13.487527
WRITE,-307.0,,1942491918,13.489527
WRITE,-307.0,,1942779899,13.491527
WRITE,-307.0,,1943067880,13.493527
WRITE,-307.0,,1943355862,13.495527
WRITE,-307.0,,1943643843,13.497527
WRITE,-307.0,,1943934433,13.499545
WRITE,-307.0,,1944219802,13.501526
WRITE,-307.0,,1944507784,13.503526
WRITE,-307.0,,1944795765,13.505526
WRITE,-307.0,,1945083746,13.507526
WRITE,-307.0,,1945371728,13.509526
WRITE,-307.0,,1945659709,13.511526
WRITE,-306.0,,1945947691,13.513526
WRITE,-305.0,,1946235672,13.515526
WRITE,-304.0,,1946523653,13.517525
WRITE,-303.0,,1946811635,13.519525
WRITE,-302.0,,1947099616,13.521525
WRITE,-300.0,,1947387598,13.523525
WRITE,-298.0,,1947675579,13.525525
WRITE,-296.0,,1947963561,13.527525
WRITE,-294.0,,1948251542,13.529525
WRITE,-292.0,,1948539523,13.531524
WRITE,-290.0,,1948827505,13.533524
WRITE,-287.0,,1949115486,13.535524
WRITE,-285.0,,1949403468,13.537524
WRITE,-283.0,,1949691449,13.539524
WRITE,-281.0,,1949979431,13.541524
WRITE,-279.0,,1950267412,13.543524
WRITE,-277.0,,1950555393,13.545524
WRITE,-274.0,,1950843375,13.547523
WRITE,-272.0,,1951131356,13.549523
WRITE,-270.0,,1951419338,13.551523
WRITE,-269.0,,1951707319,13.553523
WRITE,-267.0,,1951995300,13.555523
WRITE,-265.0,,1952283282,13.557523
WRITE,-263.0,,1952571263,13.559523
WRITE,-262.0,,1952859245,13.561523
WRITE,-260.0,,1953147226,13.563522
WRITE,-258.0,,1953435208,13.565522
WRITE,-257.0,,1953723189,13.567522
WRITE,-255.0,,1954011170,13.569522
WRITE,-254.0,,1954299152,13.571522
WRITE,-253.0,,1954587133,13.573522
WRITE,-251.0,,1954875115,13.575522
WRITE,-250.0,,1955163096,13.577522
WRITE,-249.0,,1955451078,13.579521
WRITE,-248.0,,1955739059,13.581521
WRITE,-247.0,,1956027040,13.583521
WRITE,-246.0,,1956315022,13.585521
WRITE,-245.0,,1956603003,13.587521
WRITE,-244.0,,1956890985,13.589521
WRITE,-243.0,,1957178966,13.591521
WRITE,-242.0,,1957466947,13.593520
WRITE,-241.0,,1957754929,13.595520
WRITE,-240.0,,1958042910,13.597520
WRITE,-239.0,,1958330892,13.599520
WRITE,-239.0,,1958618873,13.601520
WRITE,-238.0,,1958906855,13.603520
WRITE,-237.0,,1959194836,13.605520
WRITE,-236.0,,1959482817,13.607520
WRITE,-235.0,,1959770799,13.609519
WRITE,-234.0,,1960058780,13.611519
WRITE,-233.0,,1960346762,13.613519
WRITE,-232.0,,1960634743,13.615519
WRITE,-232.0,,1960922725,13.617519
WRITE,-231.0,,1961210706,13.619519
WRITE,-230.0,,1961498687,13.621519
WRITE,-229.0,,1961786669,13.623519
WRITE,-228.0,,1962074650,13.625518
WRITE,-228.0,,1962362632,13.627518
WRITE,-227.0,,1962650613,13.629518
WRITE,-227.0,,1962938595,13.631518
WRITE,-226.0,,1963226576,13.633518
WRITE,-225.0,,1963514557,13.635518
WRITE,-225.0,,1963802539,13.637518
WRITE,-224.0,,1964090520,13.639518
WRITE,-224.0,,1964378502,13.641517
WRITE,-223.0,,1964666483,13.643517
WRITE,-223.0,,1964954464,13.645517
WRITE,-222.0,,1965242446,13.647517
WRITE,-222.0,,1965530427,13.649517
WRITE,-221.0,,1965818409,13.651517
WRITE,-221.0,,1966106390,13.653517
WRITE,-220.0,,1966394372,13.655516
WRITE,-220.0,,1966682353,13.657516
WRITE,-219.0,,1966970334,13.659516
WRITE,-219.0,,1967258316,13.661516
WRITE,-219.0,,1967546297,13.663516
WRITE,-218.0,,1967834279,13.665516
WRITE,-218.0,,1968122260,13.667516
WRITE,-217.0,,1968410242,13.669516
WRITE,-217.0,,1968698223,13.671515
WRITE,-216.0,,1968986204,13.673515
WRITE,-216.0,,1969274186,13.675515
WRITE,-215.0,,1969562167,13.677515
WRITE,-215.0,,1969850149,13.679515
WRITE,-214.0,,1970138130,13.681515
WRITE,-214.0,,1970426111,13.683515
WRITE,-214.0,,1970714093,13.685515
WRITE,-213.0,,1971002074,13.687514
WRITE,-213.0,,1971290056,13.689514
WRITE,-212.0,,1971578037,13.691514
WRITE,-212.0,,1971866019,13.693514
WRITE,-212.0,,1972154000,13.695514
WRITE,-212.0,,1972441981,13.697514
WRITE,-211.0,,1972729963,13.699514
WRITE,-211.0,,1973017944,13.701514
WRITE,-211.0,,1973305926,13.703513
WRITE,-211.0,,1973593907,13.705513
WRITE,-211.0,,1973881889,13.707513
WRITE,-211.0,,1974169870,13.709513
WRITE,-210.0,,1974457851,13.711513
WRITE,-210.0,,1974745833,13.713513
WRITE,-210.0,,1975033814,13.715513
WRITE,-210.0,,1975321796,13.717512
WRITE,-210.0,,1975609777,13.719512
WRITE,-209.0,,1975897758,13.721512
WRITE,-209.0,,1976185740,13.723512
WRITE,-209.0,,1976473721,13.725512
WRITE,-209.0,,1976761703,13.727512
WRITE,-209.0,,1977049684,13.729512
WRITE,-209.0,,1977337666,13.731512
WRITE,-209.0,,1977625647,13.733511
WRITE,-208.0,,1977913628,13.735511
WRITE,-208.0,,1978201610,13.737511
WRITE,-208.0,,1978489591,13.739511
WRITE,-208.0,,1978777573,13.741511
WRITE,-207.0,,1979065554,13.743511
WRITE,-207.0,,1979353536,13.745511
WRITE,-207.0,,1979641517,13.747511
WRITE,-207.0,,1979929498,13.749510
WRITE,-207.0,,1980217480,13.751510
WRITE,-207.0,,1980505461,13.753510
WRITE,-207.0,,1980793443,13.755510
WRITE,-207.0,,1981081424,13.757510
WRITE,-207.0,,1981369406,13.759510
WRITE,-206.0,,1981657387,13.761510
WRITE,-206.0,,1981945368,13.763510
WRITE,-206.0,,1982233350,13.765509
WRITE,-206.0,,1982521331,13.767509
WRITE,-206.0,,1982809313,13.769509
WRITE,-206.0,,1983097294,13.771509
WRITE,-206.0,,1983385275,13.773509
WRITE,-206.0,,1983673257,13.775509
WRITE,-206.0,,1983961238,13.777509
WRITE,-206.0,,1984249220,13.779508
WRITE,-206.0,,1984537201,13.781508
WRITE,-206.0,,1984825183,13.783508
WRITE,-206.0,,1985113164,13.785508
WRITE,-206.0,,1985401145,13.787508
WRITE,-206.0,,1985689127,13.789508
WRITE,-206.0,,1985977108,13.791508
WRITE,-206.0,,1986265090,13.793508
WRITE,-206.0,,1986553071,13.795507
WRITE,-206.0,,1986841053,13.797507
WRITE,-206.0,,1987129034,13.799507
WRITE,-206.0,,1987417015,13.801507
WRITE,-206.0,,1987704997,13.803507
WRITE,-206.0,,1987992978,13.805507
WRITE,-206.0,,1988280960,13.807507
WRITE,-206.0,,1988568941,13.809507
WRITE,-206.0,,1988856922,13.811506
WRITE,-206.0,,1989144904,13.813506
WRITE,-206.0,,1989432885,13.815506
WRITE,-206.0,,1989720867,13.817506
WRITE,-206.0,,1990008848,13.819506
WRITE,-206.0,,1990296830,13.821506
WRITE,-206.0,,1990584811,13.823506
WRITE,-206.0,,1990872792,13.825506
WRITE,-206.0,,1991160774,13.827505
WRITE,-206.0,,1991448755,13.829505
WRITE,-206.0,,1991736737,13.831505
WRITE,-206.0,,1992024718,13.833505
WRITE,-206.0,,1992312700,13.835505
WRITE,-206.0,,1992600681,13.837505
WRITE,-206.0,,1992888662,13.839505
WRITE,-206.0,,1993176644,13.841504
WRITE,-206.0,,1993464625,13.843504
WRITE,-206.0,,1993752607,13.845504
WRITE,-206.0,,1994040588,13.847504
WRITE,-206.0,,1994328569,13.849504
WRITE,-206.0,,1994616551,13.851504
WRITE,-206.0,,1994904532,13.853504
WRITE,-206.0,,1995192514,13.855504
WRITE,-206.0,,1995480495,13.857503
WRITE,-206.0,,1995768477,13.859503
WRITE,-206.0,,1996056458,13.861503
WRITE,-206.0,,1996344439,13.863503
WRITE,-206.0,,1996632421,13.865503
WRITE,-206.0,,1996920402,13.867503
WRITE,-206.0,,1997208384,13.869503
WRITE,-206.0,,1997496365,13.871503
WRITE,-206.0,,1997784347,13.873502
WRITE,-206.0,,1998072328,13.875502
WRITE,-206.0,,1998360309,13.877502
WRITE,-206.0,,1998648291,13.879502
WRITE,-206.0,,1998936272,13.881502
WRITE,-206.0,,1999224254,13.883502
WRITE,-206.0,,1999512235,13.885502
WRITE,-206.0,,1999800217,13.887502
WRITE,-206.0,,2000088198,13.889501
WRITE,-206.0,,2000376179,13.891501
WRITE,-206.0,,2000664161,13.893501
WRITE,-206.0,,2000952142,13.895501
WRITE,-206.0,,2001240124,13.897501
WRITE,-206.0,,2001528105,13.899501
WRITE,-206.0,,2001816086,13.901501
WRITE,-206.0,,2002104068,13.903500
WRITE,-206.0,,2002392049,13.905500
WRITE,-206.0,,2002680031,13.907500
WRITE,-206.0,,2002968012,13.909500
WRITE,-206.0,,2003255994,13.911500
WRITE,-206.0,,2003543975,13.913500
WRITE,-206.0,,2003831956,13.915500
WRITE,-206.0,,2004119938,13.917500
WRITE,-206.0,,2004407919,13.919499
WRITE,-206.0,,2004695901,13.921499
WRITE,-206.0,,2004983882,13.923499
WRITE,-206.0,,2005271864,13.925499
WRITE,-206.0,,2005559845,13.927499
WRITE,-206.0,,2005847826,13.929499
WRITE,-206.0,,2006135808,13.931499
WRITE,-206.0,,2006423789,13.933499
WRITE,-206.0,,2006711771,13.935498
WRITE,-206.0,,2006999752,13.937498
WRITE,-206.0,,2007287733,13.939498
WRITE,-206.0,,2007575715,13.941498
WRITE,-206.0,,2007863696,13.943498
WRITE,-206.0,,2008151678,13.945498
WRITE,-206.0,,2008439659,13.947498
WRITE,-206.0,,2008727641,13.949498
WRITE,-206.0,,2009015622,13.951497
WRITE,-206.0,,2009303603,13.953497
WRITE,-206.0,,2009591585,13.955497
WRITE,-206.0,,2009879566,13.957497
WRITE,-206.0,,2010167548,13.959497
WRITE,-206.0,,2010455529,13.961497
WRITE,-206.0,,2010743511,13.963497
WRITE,-206.0,,2011031492,13.965496
WRITE,-206.0,,2011319473,13.967496
WRITE,-206.0,,2011607455,13.969496
WRITE,-206.0,,2011895436,13.971496
WRITE,-206.0,,2012183418,13.973496
WRITE,-206.0,,2012471399,13.975496
WRITE,-206.0,,2012759380,13.977496
WRITE,-206.0,,2013047362,13.979496
WRITE,-206.0,,2013335343,13.981495
WRITE,-206.0,,2013623325,13.983495
WRITE,-206.0,,2013911306,13.985495
WRITE,-206.0,,2014199288,13.987495
WRITE,-206.0,,2014487269,13.989495
WRITE,-206.0,,2014775250,13.991495
WRITE,-206.0,,2015063232,13.993495
WRITE,-206.0,,2015351213,13.995495
WRITE,-206.0,,2015639195,13.997494
WRITE,-206.0,,2015929785,13.999512
WRITE,-206.0,,2016215154,14.001494
WRITE,-206.0,,2016503135,14.003494
WRITE,-206.0,,2016791116,14.005494
WRITE,-206.0,,2017079098,14.007494
WRITE,-206.0,,2017367079,14.009494
WRITE,-206.0,,2017655061,14.011493
WRITE,-206.0,,2017943042,14.013493
WRITE,-205.0,,2018231024,14.015493
WRITE,-204.0,,2018519005,14.017493
WRITE,-203.0,,2018806986,14.019493
WRITE,-201.0,,2019094968,14.021493
WRITE,-200.0,,2019382949,14.023493
WRITE,-198.0,,2019670931,14.025493
WRITE,-196.0,,2019958912,14.027492
WRITE,-195.0,,2020246893,14.029492
WRITE,-192.0,,2020534875,14.031492
WRITE,-190.0,,2020822856,14.033492
WRITE,-188.0,,2021110838,14.035492
WRITE,-186.0,,2021398819,14.037492
WRITE,-183.0,,2021686801,14.039492
WRITE,-181.0,,2021974782,14.041492
WRITE,-179.0,,2022262763,14.043491
WRITE,-176.0,,2022550745,14.045491
WRITE,-174.0,,2022838726,14.047491
WRITE,-172.0,,2023126708,14.049491
WRITE,-170.0,,2023414689,14.051491
WRITE,-168.0,,2023702671,14.053491
WRITE,-166.0,,2023990652,14.055491
WRITE,-164.0,,2024278633,14.057491
WRITE,-162.0,,2024566615,14.059490
WRITE,-160.0,,2024854596,14.061490
WRITE,-158.0,,2025142578,14.063490
WRITE,-157.0,,2025430559,14.065490
WRITE,-155.0,,2025718540,14.067490
WRITE,-154.0,,2026006522,14.069490
WRITE,-152.0,,2026294503,14.071490
WRITE,-151.0,,2026582485,14.073489
WRITE,-149.0,,2026870466,14.075489
WRITE,-148.0,,2027158448,14.077489
WRITE,-147.0,,2027446429,14.079489
WRITE,-146.0,,2027734410,14.081489
WRITE,-144.0,,2028022392,14.083489
WRITE,-143.0,,2028310373,14.085489
WRITE,-142.0,,2028598355,14.087489
WRITE,-141.0,,2028886336,14.089488
WRITE,-140.0,,2029174318,14.091488
WRITE,-139.0,,2029462299,14.093488
WRITE,-139.0,,2029750280,14.095488
WRITE,-138.0,,2030038262,14.097488
WRITE,-137.0,,2030326243,14.099488
WRITE,-136.0,,2030614225,14.101488
WRITE,-135.0,,2030902206,14.103488
WRITE,-134.0,,2031190187,14.105487
WRITE,-133.0,,2031478169,14.107487
WRITE,-132.0,,2031766150,14.109487
WRITE,-131.0,,2032054132,14.111487
WRITE,-131.0,,2032342113,14.113487
WRITE,-130.0,,2032630095,14.115487
WRITE,-129.0,,2032918076,14.117487
WRITE,-128.0,,2033206057,14.119487
WRITE,-128.0,,2033494039,14.121486
WRITE,-127.0,,2033782020,14.123486
WRITE,-126.0,,2034070002,14.125486
WRITE,-126.0,,2034357983,14.127486
WRITE,-125.0,,2034645965,14.129486
WRITE,-125.0,,2034933946,14.131486
WRITE,-124.0,,2035221927,14.133486
WRITE,-123.0,,2035509909,14.135485
WRITE,-123.0,,2035797890,14.137485
WRITE,-122.0,,2036085872,14.139485
WRITE,-122.0,,2036373853,14.141485
WRITE,-121.0,,2036661835,14.143485
WRITE,-120.0,,2036949816,14.145485
WRITE,-120.0,,2037237797,14.147485
WRITE,-119.0,,2037525779,14.149485
WRITE,-119.0,,2037813760,14.151484
WRITE,-118.0,,2038101742,14.153484
WRITE,-118.0,,2038389723,14.155484
WRITE,-117.0,,2038677704,14.157484
WRITE,-117.0,,2038965686,14.159484
WRITE,-116.0,,2039253667,14.161484
WRITE,-116.0,,2039541649,14.163484
WRITE,-116.0,,2039829630,14.165484
WRITE,-115.0,,2040117612,14.167483
WRITE,-115.0,,2040405593,14.169483
WRITE,-115.0,,2040693574,14.171483
WRITE,-114.0,,2040981556,14.173483
WRITE,-114.0,,2041269537,14.175483
WRITE,-114.0,,2041557519,14.177483
WRITE,-113.0,,2041845500,14.179483
WRITE,-113.0,,2042133482,14.181483
WRITE,-113.0,,2042421463,14.183482
WRITE,-112.0,,2042709444,14.185482
WRITE,-112.0,,2042997426,14.187482
WRITE,-111.0,,2043285407,14.189482
WRITE,-111.0,,2043573389,14.191482
WRITE,-111.0,,2043861370,14.193482
WRITE,-110.0,,2044149351,14.195482
WRITE,-110.0,,2044437333,14.197481
WRITE,-110.0,,2044725314,14.199481
WRITE,-110.0,,2045013296,14.201481
WRITE,-109.0,,2045301277,14.203481
WRITE,-109.0,,2045589259,14.205481
WRITE,-109.0,,2045877240,14.207481
WRITE,-108.0,,2046165221,14.209481
WRITE,-108.0,,2046453203,14.211481
WRITE,-108.0,,2046741184,14.213480
WRITE,-107.0,,2047029166,14.215480
WRITE,-107.0,,2047317147,14.217480
WRITE,-107.0,,2047605129,14.219480
WRITE,-106.0,,2047893110,14.221480
WRITE,-106.0,,2048181091,14.223480
WRITE,-106.0,,2048469073,14.225480
WRITE,-106.0,,2048757054,14.227480
WRITE,-105.0,,2049045036,14.229479
WRITE,-105.0,,2049333017,14.231479
WRITE,-105.0,,2049620998,14.233479
WRITE,-104.0,,2049908980,14.235479
WRITE,-104.0,,2050196961,14.237479
WRITE,-104.0,,2050484943,14.239479
WRITE,-104.0,,2050772924,14.241479
WRITE,-103.0,,2051060906,14.243479
WRITE,-103.0,,2051348887,14.245478
WRITE,-103.0,,2051636868,14.247478
WRITE,-103.0,,2051924850,14.249478
WRITE,-103.0,,2052212831,14.251478
WRITE,-102.0,,2052500813,14.253478
WRITE,-102.0,,2052788794,14.255478
WRITE,-102.0,,2053076776,14.257478
WRITE,-102.0,,2053364757,14.259477
WRITE,-102.0,,2053652738,14.261477
WRITE,-102.0,,2053940720,14.263477
WRITE,-102.0,,2054228701,14.265477
WRITE,-102.0,,2054516683,14.267477
WRITE,-101.0,,2054804664,14.269477
WRITE,-101.0,,2055092646,14.271477
WRITE,-101.0,,2055380627,14.273477
WRITE,-101.0,,2055668608,14.275476
WRITE,-101.0,,2055956590,14.277476
WRITE,-101.0,,2056244571,14.279476
WRITE,-101.0,,2056532553,14.281476
WRITE,-101.0,,2056820534,14.283476
WRITE,-101.0,,2057108515,14.285476
WRITE,-101.0,,2057396497,14.287476
WRITE,-101.0,,2057684478,14.289476
WRITE,-101.0,,2057972460,14.291475
WRITE,-101.0,,2058260441,14.293475
WRITE,-101.0,,2058548423,14.295475
WRITE,-101.0,,2058836404,14.297475
WRITE,-101.0,,2059124385,14.299475
WRITE,-101.0,,2059412367,14.301475
WRITE,-101.0,,2059700348,14.303475
WRITE,-101.0,,2059988330,14.305475
WRITE,-101.0,,2060276311,14.307474
WRITE,-101.0,,2060564293,14.309474
WRITE,-101.0,,2060852274,14.311474
WRITE,-101.0,,2061140255,14.313474
WRITE,-101.0,,2061428237,14.315474
WRITE,-101.0,,2061716218,14.317474
WRITE,-101.0,,2062004200,14.319474
WRITE,-101.0,,2062292181,14.321473
WRITE,-101.0,,2062580162,14.323473
WRITE,-101.0,,2062868144,14.325473
WRITE,-101.0,,2063156125,14.327473
WRITE,-101.0,,2063444107,14.329473
WRITE,-101.0,,2063732088,14.331473
WRITE,-101.0,,2064020070,14.333473
WRITE,-101.0,,2064308051,14.335473
WRITE,-101.0,,2064596032,14.337472
WRITE,-101.0,,2064884014,14.339472
WRITE,-101.0,,2065171995,14.341472
WRITE,-101.0,,2065459977,14.343472
WRITE,-101.0,,2065747958,14.345472
WRITE,-101.0,,2066035940,14.347472
WRITE,-101.0,,2066323921,14.349472
WRITE,-101.0,,2066611902,14.351472
WRITE,-101.0,,2066899884,14.353471
WRITE,-101.0,,2067187865,14.355471
WRITE,-101.0,,2067475847,14.357471
WRITE,-101.0,,2067763828,14.359471
WRITE,-101.0,,2068051809,14.361471
WRITE,-101.0,,2068339791,14.363471
WRITE,-101.0,,2068627772,14.365471
WRITE,-101.0,,2068915754,14.367471
WRITE,-101.0,,2069203735,14.369470
WRITE,-101.0,,2069491717,14.371470
WRITE,-101.0,,2069779698,14.373470
WRITE,-101.0,,2070067679,14.375470
WRITE,-101.0,,2070355661,14.377470
WRITE,-101.0,,2070643642,14.379470
WRITE,-101.0,,2070931624,14.381470
WRITE,-101.0,,2071219605,14.383469
WRITE,-101.0,,2071507587,14.385469
WRITE,-101.0,,2071795568,14.387469
WRITE,-101.0,,2072083549,14.389469
WRITE,-101.0,,2072371531,14.391469
WRITE,-101.0,,2072659512,14.393469
WRITE,-101.0,,2072947494,14.395469
WRITE,-101.0,,2073235475,14.397469
WRITE,-101.0,,2073523457,14.399468
WRITE,-101.0,,2073811438,14.401468
WRITE,-101.0,,2074099419,14.403468
WRITE,-101.0,,2074387401,14.405468
WRITE,-101.0,,2074675382,14.407468
WRITE,-101.0,,2074963364,14.409468
WRITE,-101.0,,2075251345,14.411468
WRITE,-101.0,,2075539326,14.413468
WRITE,-101.0,,2075827308,14.415467
WRITE,-101.0,,2076115289,14.417467
WRITE,-101.0,,2076403271,14.419467
WRITE,-101.0,,2076691252,14.421467
WRITE,-101.0,,2076979234,14.423467
WRITE,-101.0,,2077267215,14.425467
WRITE,-101.0,,2077555196,14.427467
WRITE,-101.0,,2077843178,14.429467
WRITE,-101.0,,2078131159,14.431466
WRITE,-101.0,,2078419141,14.433466
WRITE,-101.0,,2078707122,14.435466
WRITE,-101.0,,2078995104,14.437466
WRITE,-101.0,,2079283085,14.439466
WRITE,-101.0,,2079571066,14.441466
WRITE,-101.0,,2079859048,14.443466
WRITE,-101.0,,2080147029,14.445465
WRITE,-101.0,,2080435011,14.447465
WRITE,-101.0,,2080722992,14.449465
WRITE,-101.0,,2081010973,14.451465
WRITE,-101.0,,2081298955,14.453465
WRITE,-101.0,,2081586936,14.455465
WRITE,-101.0,,2081874918,14.457465
WRITE,-101.0,,2082162899,14.459465
WRITE,-101.0,,2082450881,14.461464
WRITE,-101.0,,2082738862,14.463464
WRITE,-101.0,,2083026843,14.465464
WRITE,-101.0,,2083314825,14.467464
WRITE,-101.0,,2083602806,14.469464
WRITE,-101.0,,2083890788,14.471464
WRITE,-101.0,,2084178769,14.473464
WRITE,-101.0,,2084466751,14.475464
WRITE,-101.0,,2084754732,14.477463
WRITE,-101.0,,2085042713,14.479463
WRITE,-101.0,,2085330695,14.481463
WRITE,-101.0,,2085618676,14.483463
WRITE,-101.0,,2085906658,14.485463
WRITE,-101.0,,2086194639,14.487463
WRITE,-101.0,,2086482620,14.489463
WRITE,-101.0,,2086770602,14.491463
WRITE,-101.0,,2087058583,14.493462
WRITE,-101.0,,2087346565,14.495462
WRITE,-101.0,,2087634546,14.497462
WRITE,-101.0,,2087925136,14.499480
WRITE,-101.0,,2088210505,14.501462
WRITE,-101.0,,2088498486,14.503462
WRITE,-101.0,,2088786468,14.505462
WRITE,-101.0,,2089074449,14.507461
WRITE,-101.0,,2089362431,14.509461
WRITE,-101.0,,2089650412,14.511461
WRITE,-100.0,,2089938394,14.513461
WRITE,-99.0,,2090226375,14.515461
WRITE,-98.0,,2090514356,14.517461
WRITE,-97.0,,2090802338,14.519461
WRITE,-95.0,,2091090319,14.521461
WRITE,-94.0,,2091378301,14.523460
WRITE,-92.0,,2091666282,14.525460
WRITE,-90.0,,2091954264,14.527460
WRITE,-88.0,,2092242245,14.529460
WRITE,-86.0,,2092530226,14.531460
WRITE,-84.0,,2092818208,14.533460
WRITE,-82.0,,2093106189,14.535460
WRITE,-80.0,,2093394171,14.537460
WRITE,-78.0,,2093682152,14.539459
WRITE,-75.0,,2093970133,14.541459
WRITE,-73.0,,2094258115,14.543459
WRITE,-71.0,,2094546096,14.545459
WRITE,-69.0,,2094834078,14.547459
WRITE,-67.0,,2095122059,14.549459
WRITE,-65.0,,2095410041,14.551459
WRITE,-63.0,,2095698022,14.553458
WRITE,-61.0,,2095986003,14.555458
WRITE,-60.0,,2096273985,14.557458
WRITE,-58.0,,2096561966,14.559458
WRITE,-56.0,,2096849948,14.561458
WRITE,-55.0,,2097137929,14.563458
WRITE,-53.0,,2097425911,14.565458
WRITE,-52.0,,2097713892,14.567458
WRITE,-50.0,,2098001873,14.569457
WRITE,-49.0,,2098289855,14.571457
WRITE,-48.0,,2098577836,14.573457
WRITE,-46.0,,2098865818,14.575457
WRITE,-45.0,,2099153799,14.577457
WRITE,-44.0,,2099441780,14.579457
WRITE,-43.0,,2099729762,14.581457
WRITE,-42.0,,2100017743,14.583457
WRITE,-40.0,,2100305725,14.585456
WRITE,-39.0,,2100593706,14.587456
WRITE,-38.0,,2100881688,14.589456
WRITE,-38.0,,2101169669,14.591456
WRITE,-37.0,,2101457650,14.593456
WRITE,-36.0,,2101745632,14.595456
WRITE,-35.0,,2102033613,14.597456
WRITE,-34.0,,2102321595,14.599456
WRITE,-33.0,,2102609576,14.601455
WRITE,-32.0,,2102897558,14.603455
WRITE,-32.0,,2103185539,14.605455
WRITE,-31.0,,2103473520,14.607455
WRITE,-30.0,,2103761502,14.609455
WRITE,-29.0,,2104049483,14.611455
WRITE,-28.0,,2104337465,14.613455
WRITE,-28.0,,2104625446,14.615454
WRITE,-27.0,,2104913427,14.617454
WRITE,-26.0,,2105201409,14.619454
WRITE,-25.0,,2105489390,14.621454
WRITE,-25.0,,2105777372,14.623454
WRITE,-24.0,,2106065353,14.625454
WRITE,-23.0,,2106353335,14.627454
WRITE,-23.0,,2106641316,14.629454
WRITE,-22.0,,2106929297,14.631453
WRITE,-21.0,,2107217279,14.633453
WRITE,-21.0,,2107505260,14.635453
WRITE,-20.0,,2107793242,14.637453
WRITE,-19.0,,2108081223,14.639453
WRITE,-19.0,,2108369205,14.641453
WRITE,-18.0,,2108657186,14.643453
WRITE,-18.0,,2108945167,14.645453
WRITE,-17.0,,2109233149,14.647452
WRITE,-17.0,,2109521130,14.649452
WRITE,-16.0,,2109809112,14.651452
WRITE,-16.0,,2110097093,14.653452
WRITE,-15.0,,2110385075,14.655452
WRITE,-15.0,,2110673056,14.657452
WRITE,-15.0,,2110961037,14.659452
WRITE,-14.0,,2111249019,14.661452
WRITE,-14.0,,2111537000,14.663451
WRITE,-13.0,,2111824982,14.665451
WRITE,-13.0,,2112112963,14.667451
WRITE,-13.0,,2112400944,14.669451
WRITE,-12.0,,2112688926,14.671451
WRITE,-12.0,,2112976907,14.673451
WRITE,-12.0,,2113264889,14.675451
WRITE,-11.0,,2113552870,14.677450
WRITE,-11.0,,2113840852,14.679450
WRITE,-11.0,,2114128833,14.681450
WRITE,-10.0,,2114416814,14.683450
WRITE,-10.0,,2114704796,14.685450
WRITE,-10.0,,2114992777,14.687450
WRITE,-9.0,,2115280759,14.689450
WRITE,-9.0,,2115568740,14.691450
WRITE,-8.0,,2115856722,14.693449
WRITE,-8.0,,2116144703,14.695449
WRITE,-8.0,,2116432684,14.697449
WRITE,-7.0,,2116720666,14.699449
WRITE,-7.0,,2117008647,14.701449
WRITE,-7.0,,2117296629,14.703449
WRITE,-7.0,,2117584610,14.705449
WRITE,-7.0,,2117872591,14.707449
WRITE,-7.0,,2118160573,14.709448
WRITE,-6.0,,2118448554,14.711448
WRITE,-6.0,,2118736536,14.713448
WRITE,-6.0,,2119024517,14.715448
WRITE,-6.0,,2119312499,14.717448
WRITE,-5.0,,2119600480,14.719448
WRITE,-5.0,,2119888461,14.721448
WRITE,-5.0,,2120176443,14.723448
WRITE,-5.0,,2120464424,14.725447
WRITE,-4.0,,2120752406,14.727447
WRITE,-4.0,,2121040387,14.729447
WRITE,-4.0,,2121328369,14.731447
WRITE,-4.0,,2121616350,14.733447
WRITE,-3.0,,2121904331,14.735447
WRITE,-3.0,,2122192313,14.737447
WRITE,-3.0,,2122480294,14.739446
WRITE,-3.0,,2122768276,14.741446
WRITE,-3.0,,2123056257,14.743446
WRITE,-3.0,,2123344238,14.745446
WRITE,-2.0,,2123632220,14.747446
WRITE,-2.0,,2123920201,14.749446
WRITE,-2.0,,2124208183,14.751446
WRITE,-2.0,,2124496164,14.753446
WRITE,-1.0,,2124784146,14.755445
WRITE,-1.0,,2125072127,14.757445
WRITE,-1.0,,2125360108,14.759445
WRITE,-1.0,,2125648090,14.761445
WRITE,-1.0,,2125936071,14.763445
WRITE,-1.0,,2126224053,14.765445
WRITE,-1.0,,2126512034,14.767445
WRITE,0.0,,2126800016,14.769445
WRITE,0.0,,2127087997,14.771444
WRITE,0.0,,2127375978,14.773444
WRITE,0.0,,2127663960,14.775444
WRITE,0.0,,2127951941,14.777444
WRITE,0.0,,2128239923,14.779444
WRITE,0.0,,2128527904,14.781444
WRITE,0.0,,2128815886,14.783444
WRITE,0.0,,2129103867,14.785444
WRITE,0.0,,2129391848,14.787443
WRITE,0.0,,2129679830,14.789443
WRITE,0.0,,2129967811,14.791443
WRITE,0.0,,2130255793,14.793443
WRITE,0.0,,2130543774,14.795443
WRITE,0.0,,2130831755,14.797443
WRITE,0.0,,2131119737,14.799443
WRITE,0.0,,2131407718,14.801442
WRITE,0.0,,2131695700,14.803442
WRITE,0.0,,2131983681,14.805442
WRITE,0.0,,2132271663,14.807442
WRITE,0.0,,2132559644,14.809442
WRITE,0.0,,2132847625,14.811442
WRITE,0.0,,2133135607,14.813442
WRITE,0.0,,2133423588,14.815442
WRITE,0.0,,2133711570,14.817441
WRITE,0.0,,2133999551,14.819441
WRITE,0.0,,2134287533,14.821441
WRITE,0.0,,2134575514,14.823441
WRITE,0.0,,2134863495,14.825441
WRITE,0.0,,2135151477,14.827441
WRITE,0.0,,2135439458,14.829441
WRITE,0.0,,2135727440,14.831441
WRITE,0.0,,2136015421,14.833440
WRITE,0.0,,2136303402,14.835440
WRITE,0.0,,2136591384,14.837440
WRITE,0.0,,2136879365,14.839440
WRITE,0.0,,2137167347,14.841440
WRITE,0.0,,2137455328,14.843440
WRITE,0.0,,2137743310,14.845440
WRITE,0.0,,2138031291,14.847440
WRITE,0.0,,2138319272,14.849439
WRITE,0.0,,2138607254,14.851439
WRITE,0.0,,2138895235,14.853439
WRITE,0.0,,2139183217,14.855439
WRITE,0.0,,2139471198,14.857439
WRITE,0.0,,2139759180,14.859439
WRITE,0.0,,2140030778,14.861325
WRITE,0.0,,2140318759,14.863325
WRITE,0.0,,2140606741,14.865325
WRITE,0.0,,2140894722,14.867324
WRITE,0.0,,2141182704,14.869324
WRITE,0.0,,2141470685,14.871324
WRITE,0.0,,2141758666,14.873324
WRITE,0.0,,2142046648,14.875324
WRITE,0.0,,2142334629,14.877324
WRITE,0.0,,2142622611,14.879324
WRITE,0.0,,2142910592,14.881324
WRITE,0.0,,2143198574,14.883323
WRITE,0.0,,2143486555,14.885323
WRITE,0.0,,2143774536,14.887323
WRITE,0.0,,2144062518,14.889323
WRITE,0.0,,2144350499,14.891323
WRITE,0.0,,2144638481,14.893323
WRITE,0.0,,2144926462,14.895323
WRITE,0.0,,2145214444,14.897323
WRITE,0.0,,2145502425,14.899322
WRITE,0.0,,2145790406,14.901322
WRITE,0.0,,2146078388,14.903322
WRITE,0.0,,2146366369,14.905322
WRITE,0.0,,2146654351,14.907322
WRITE,0.0,,2146942332,14.909322
WRITE,0.0,,2147230314,14.911322
WRITE,0.0,,2147518295,14.913321
WRITE,0.0,,2147806276,14.915321
WRITE,0.0,,2148094258,14.917321
WRITE,0.0,,2148382239,14.919321
WRITE,0.0,,2148670221,14.921321
WRITE,0.0,,2148958202,14.923321
WRITE,1.0,,2149246183,14.925321
WRITE,1.0,,2149534165,14.927321
WRITE,1.0,,2149822146,14.929320
WRITE,1.0,,2150110128,14.931320
WRITE,1.0,,2150398109,14.933320
WRITE,1.0,,2150686091,14.935320
WRITE,1.0,,2150974072,14.937320
WRITE,1.0,,2151262053,14.939320
WRITE,1.0,,2151550035,14.941320
WRITE,1.0,,2151838016,14.943320
WRITE,1.0,,2152125998,14.945319
WRITE,1.0,,2152413979,14.947319
WRITE,1.0,,2152701961,14.949319
WRITE,1.0,,2152989942,14.951319
WRITE,1.0,,2153277923,14.953319
WRITE,0.0,,2153565905,14.955319
WRITE,0.0,,2153853886,14.957319
WRITE,0.0,,2154141868,14.959319
WRITE,0.0,,2154429849,14.961318
WRITE,0.0,,2154717830,14.963318
WRITE,0.0,,2155005812,14.965318
WRITE,0.0,,2155293793,14.967318
WRITE,0.0,,2155581775,14.969318
WRITE,0.0,,2155869756,14.971318
WRITE,0.0,,2156157738,14.973318
WRITE,0.0,,2156445719,14.975317
WRITE,0.0,,2156733700,14.977317
WRITE,0.0,,2157021682,14.979317
WRITE,0.0,,2157309663,14.981317
WRITE,0.0,,2157597645,14.983317
WRITE,0.0,,2157885626,14.985317
WRITE,0.0,,2158173608,14.987317
WRITE,0.0,,2158461589,14.989317
WRITE,0.0,,2158749570,14.991316
WRITE,0.0,,2159037552,14.993316
WRITE,1.0,,2159325533,14.995316
WRITE,1.0,,2159613515,14.997316
WRITE,1.0,,2159904118,14.999334
WRITE,1.0,,2160189473,15.001316
WRITE,1.0,,2160477455,15.003316
WRITE,1.0,,2160765436,15.005316
WRITE,1.0,,2161053418,15.007315
WRITE,1.0,,2161341399,15.009315
WRITE,1.0,,2161629381,15.011315
WRITE,1.0,,2161917362,15.013315
WRITE,2.0,,2162205343,15.015315
WRITE,3.0,,2162493325,15.017315
WRITE,4.0,,2162781306,15.019315
WRITE,5.0,,2163069288,15.021315
WRITE,7.0,,2163357269,15.023314
WRITE,8.0,,2163645251,15.025314
WRITE,10.0,,2163933232,15.027314
WRITE,12.0,,2164221213,15.029314
WRITE,14.0,,2164509195,15.031314
WRITE,16.0,,2164797176,15.033314
WRITE,18.0,,2165085158,15.035314
WRITE,20.0,,2165373139,15.037313
WRITE,22.0,,2165661121,15.039313
WRITE,24.0,,2165949102,15.041313
WRITE,27.0,,2166237083,15.043313
WRITE,29.0,,2166525065,15.045313
WRITE,31.0,,2166813046,15.047313
WRITE,33.0,,2167101028,15.049313
WRITE,35.0,,2167389009,15.051313
WRITE,37.0,,2167676990,15.053312
WRITE,38.0,,2167964972,15.055312
WRITE,40.0,,2168252953,15.057312
WRITE,42.0,,2168540935,15.059312
WRITE,44.0,,2168828916,15.061312
WRITE,45.0,,2169116898,15.063312
WRITE,47.0,,2169404879,15.065312
WRITE,48.0,,2169692860,15.067312
WRITE,50.0,,2169980842,15.069311
WRITE,51.0,,2170268823,15.071311
WRITE,53.0,,2170556805,15.073311
WRITE,54.0,,2170844786,15.075311
WRITE,55.0,,2171132768,15.077311
WRITE,57.0,,2171420749,15.079311
WRITE,58.0,,2171708730,15.081311
WRITE,59.0,,2171996712,15.083311
WRITE,60.0,,2172284693,15.085310
WRITE,61.0,,2172572675,15.087310
WRITE,62.0,,2172860656,15.089310
WRITE,64.0,,2173148637,15.091310
WRITE,65.0,,2173436619,15.093310
WRITE,65.0,,2173724600,15.095310
WRITE,66.0,,2174012582,15.097310
WRITE,67.0,,2174300563,15.099309
WRITE,68.0,,2174588545,15.101309
WRITE,69.0,,2174876526,15.103309
WRITE,70.0,,2175164507,15.105309
WRITE,70.0,,2175452489,15.107309
WRITE,71.0,,2175740470,15.109309
WRITE,72.0,,2176028452,15.111309
WRITE,73.0,,2176316433,15.113309
WRITE,74.0,,2176604415,15.115308
WRITE,75.0,,2176892396,15.117308
WRITE,75.0,,2177180377,15.119308
WRITE,76.0,,2177468359,15.121308
WRITE,77.0,,2177756340,15.123308
WRITE,78.0,,2178044322,15.125308
WRITE,78.0,,2178332303,15.127308
WRITE,79.0,,2178620284,15.129308
WRITE,80.0,,2178908266,15.131307
WRITE,80.0,,2179196247,15.133307
WRITE,81.0,,2179484229,15.135307
WRITE,82.0,,2179772210,15.137307
WRITE,82.0,,2180060192,15.139307
WRITE,83.0,,2180348173,15.141307
WRITE,83.0,,2180636154,15.143307
WRITE,84.0,,2180924136,15.145307
WRITE,84.0,,2181212117,15.147306
WRITE,85.0,,2181500099,15.149306
WRITE,85.0,,2181788080,15.151306
WRITE,86.0,,2182076062,15.153306
WRITE,86.0,,2182364043,15.155306
WRITE,87.0,,2182652024,15.157306
WRITE,87.0,,2182940006,15.159306
WRITE,88.0,,2183227987,15.161305
WRITE,88.0,,2183515969,15.163305
WRITE,88.0,,2183803950,15.165305
WRITE,89.0,,2184091932,15.167305
WRITE,89.0,,2184379913,15.169305
WRITE,89.0,,2184667894,15.171305
WRITE,90.0,,2184955876,15.173305
WRITE,90.0,,2185243857,15.175305
WRITE,90.0,,2185531839,15.177304
WRITE,91.0,,2185819820,15.179304
WRITE,91.0,,2186107801,15.181304
WRITE,91.0,,2186395783,15.183304
WRITE,92.0,,2186683764,15.185304
WRITE,92.0,,2186971746,15.187304
WRITE,92.0,,2187259727,15.189304
WRITE,93.0,,2187547709,15.191304
WRITE,93.0,,2187835690,15.193303
WRITE,93.0,,2188123671,15.195303
WRITE,94.0,,2188411653,15.197303
WRITE,94.0,,2188699634,15.199303
WRITE,94.0,,2188987616,15.201303
WRITE,95.0,,2189275597,15.203303
WRITE,95.0,,2189563579,15.205303
WRITE,96.0,,2189851560,15.207303
WRITE,96.0,,2190139541,15.209302
WRITE,96.0,,2190427523,15.211302
WRITE,97.0,,2190715504,15.213302
WRITE,97.0,,2191003486,15.215302
WRITE,97.0,,2191291467,15.217302
WRITE,98.0,,2191579448,15.219302
WRITE,98.0,,2191867430,15.221302
WRITE,98.0,,2192155411,15.223301
WRITE,99.0,,2192443393,15.225301
WRITE,99.0,,2192731374,15.227301
WRITE,99.0,,2193019356,15.229301
WRITE,99.0,,2193307337,15.231301
WRITE,99.0,,2193595318,15.233301
WRITE,99.0,,2193883300,15.235301
WRITE,99.0,,2194171281,15.237301
WRITE,99.0,,2194459263,15.239300
WRITE,99.0,,2194747244,15.241300
WRITE,99.0,,2195035226,15.243300
WRITE,99.0,,2195323207,15.245300
WRITE,99.0,,2195611188,15.247300
WRITE,99.0,,2195899170,15.249300
WRITE,100.0,,2196187151,15.251300
WRITE,100.0,,2196475133,15.253300
WRITE,100.0,,2196763114,15.255299
WRITE,100.0,,2197051095,15.257299
WRITE,100.0,,2197339077,15.259299
WRITE,100.0,,2197627058,15.261299
WRITE,100.0,,2197915040,15.263299
WRITE,101.0,,2198203021,15.265299
WRITE,101.0,,2198491003,15.267299
WRITE,101.0,,2198778984,15.269299
WRITE,101.0,,2199066965,15.271298
WRITE,101.0,,2199354947,15.273298
WRITE,101.0,,2199642928,15.275298
WRITE,102.0,,2199930910,15.277298
WRITE,102.0,,2200218891,15.279298
WRITE,102.0,,2200506873,15.281298
WRITE,102.0,,2200794854,15.283298
WRITE,102.0,,2201082835,15.285297
WRITE,102.0,,2201370817,15.287297
WRITE,102.0,,2201658798,15.289297
WRITE,102.0,,2201946780,15.291297
WRITE,102.0,,2202234761,15.293297
WRITE,102.0,,2202522743,15.295297
WRITE,102.0,,2202810724,15.297297
WRITE,102.0,,2203098705,15.299297
WRITE,102.0,,2203386687,15.301296
WRITE,102.0,,2203674668,15.303296
WRITE,102.0,,2203962650,15.305296
WRITE,102.0,,2204250631,15.307296
WRITE,102.0,,2204538612,15.309296
WRITE,102.0,,2204826594,15.311296
WRITE,102.0,,2205114575,15.313296
WRITE,102.0,,2205402557,15.315296
WRITE,102.0,,2205690538,15.317295
WRITE,102.0,,2205978520,15.319295
WRITE,102.0,,2206266501,15.321295
WRITE,102.0,,2206554482,15.323295
WRITE,102.0,,2206842464,15.325295
WRITE,102.0,,2207130445,15.327295
WRITE,102.0,,2207418427,15.329295
WRITE,102.0,,2207706408,15.331295
WRITE,102.0,,2207994390,15.333294
WRITE,102.0,,2208282371,15.335294
WRITE,102.0,,2208570352,15.337294
WRITE,102.0,,2208858334,15.339294
WRITE,102.0,,2209146315,15.341294
WRITE,102.0,,2209434297,15.343294
WRITE,102.0,,2209722278,15.345294
WRITE,102.0,,2210010259,15.347293
WRITE,102.0,,2210298241,15.349293
WRITE,102.0,,2210586222,15.351293
WRITE,102.0,,2210874204,15.353293
WRITE,102.0,,2211162185,15.355293
WRITE,102.0,,2211450167,15.357293
WRITE,102.0,,2211738148,15.359293
WRITE,102.0,,2212026129,15.361293
WRITE,102.0,,2212314111,15.363292
WRITE,102.0,,2212602092,15.365292
WRITE,102.0,,2212890074,15.367292
WRITE,102.0,,2213178055,15.369292
WRITE,102.0,,2213466037,15.371292
WRITE,102.0,,2213754018,15.373292
WRITE,102.0,,2214041999,15.375292
WRITE,102.0,,2214329981,15.377292
WRITE,102.0,,2214617962,15.379291
WRITE,102.0,,2214905944,15.381291
WRITE,102.0,,2215193925,15.383291
WRITE,102.0,,2215481906,15.385291
WRITE,102.0,,2215769888,15.387291
WRITE,102.0,,2216057869,15.389291
WRITE,102.0,,2216345851,15.391291
WRITE,102.0,,2216633832,15.393291
WRITE,102.0,,2216921814,15.395290
WRITE,102.0,,2217209795,15.397290
WRITE,102.0,,2217497776,15.399290
WRITE,102.0,,2217785758,15.401290
WRITE,102.0,,2218073739,15.403290
WRITE,102.0,,2218361721,15.405290
WRITE,102.0,,2218649702,15.407290
WRITE,102.0,,2218937684,15.409289
WRITE,102.0,,2219225665,15.411289
WRITE,102.0,,2219513646,15.413289
WRITE,102.0,,2219801628,15.415289
WRITE,102.0,,2220089609,15.417289
WRITE,102.0,,2220377591,15.419289
WRITE,102.0,,2220665572,15.421289
WRITE,102.0,,2220953554,15.423289
WRITE,102.0,,2221241535,15.425288
WRITE,102.0,,2221529516,15.427288
WRITE,102.0,,2221817498,15.429288
WRITE,102.0,,2222105479,15.431288
WRITE,102.0,,2222393461,15.433288
WRITE,102.0,,2222681442,15.435288
WRITE,102.0,,2222969423,15.437288
WRITE,102.0,,2223257405,15.439288
WRITE,102.0,,2223545386,15.441287
WRITE,102.0,,2223833368,15.443287
WRITE,102.0,,2224121349,15.445287
WRITE,102.0,,2224409331,15.447287
WRITE,102.0,,2224697312,15.449287
WRITE,102.0,,2224985293,15.451287
WRITE,102.0,,2225273275,15.453287
WRITE,102.0,,2225561256,15.455287
WRITE,102.0,,2225849238,15.457286
WRITE,102.0,,2226137219,15.459286
WRITE,102.0,,2226425201,15.461286
WRITE,102.0,,2226713182,15.463286
WRITE,102.0,,2227001163,15.465286
WRITE,102.0,,2227289145,15.467286
WRITE,102.0,,2227577126,15.469286
WRITE,102.0,,2227865108,15.471285
WRITE,102.0,,2228153089,15.473285
WRITE,102.0,,2228441070,15.475285
WRITE,102.0,,2228729052,15.477285
WRITE,102.0,,2229017033,15.479285
WRITE,102.0,,2229305015,15.481285
WRITE,102.0,,2229592996,15.483285
WRITE,102.0,,2229880978,15.485285
WRITE,102.0,,2230168959,15.487284
WRITE,102.0,,2230456940,15.489284
WRITE,102.0,,2230744922,15.491284
WRITE,102.0,,2231032903,15.493284
WRITE,102.0,,2231320885,15.495284
WRITE,102.0,,2231608866,15.497284
WRITE,102.0,,2231899456,15.499302
WRITE,102.0,,2232184825,15.501284
WRITE,102.0,,2232472806,15.503283
WRITE,102.0,,2232760788,15.505283
WRITE,102.0,,2233048769,15.507283
WRITE,102.0,,2233336751,15.509283
WRITE,102.0,,2233624732,15.511283
WRITE,103.0,,2233912713,15.513283
WRITE,104.0,,2234200695,15.515283
WRITE,105.0,,2234488676,15.517282
WRITE,106.0,,2234776658,15.519282
WRITE,108.0,,2235064639,15.521282
WRITE,109.0,,2235352621,15.523282
WRITE,111.0,,2235640602,15.525282
WRITE,113.0,,2235928583,15.527282
WRITE,115.0,,2236216565,15.529282
WRITE,117.0,,2236504546,15.531282
WRITE,119.0,,2236792528,15.533281
WRITE,121.0,,2237080509,15.535281
WRITE,124.0,,2237368491,15.537281
WRITE,126.0,,2237656472,15.539281
WRITE,128.0,,2237944453,15.541281
WRITE,130.0,,2238232435,15.543281
WRITE,132.0,,2238520416,15.545281
WRITE,134.0,,2238808398,15.547281
WRITE,136.0,,2239096379,15.549280
WRITE,138.0,,2239384361,15.551280
WRITE,140.0,,2239672342,15.553280
WRITE,142.0,,2239960323,15.555280
WRITE,144.0,,2240248305,15.557280
WRITE,146.0,,2240536286,15.559280
WRITE,147.0,,2240824268,15.561280
WRITE,149.0,,2241112249,15.563280
WRITE,150.0,,2241400230,15.565279
WRITE,152.0,,2241688212,15.567279
WRITE,153.0,,2241976193,15.569279
WRITE,155.0,,2242264175,15.571279
WRITE,156.0,,2242552156,15.573279
WRITE,157.0,,2242840138,15.575279
WRITE,158.0,,2243128119,15.577279
WRITE,160.0,,2243416100,15.579278
WRITE,161.0,,2243704082,15.581278
WRITE,162.0,,2243992063,15.583278
WRITE,163.0,,2244280045,15.585278
WRITE,164.0,,2244568026,15.587278
WRITE,165.0,,2244856008,15.589278
WRITE,166.0,,2245143989,15.591278
WRITE,167.0,,2245431970,15.593278
WRITE,168.0,,2245719952,15.595277
WRITE,169.0,,2246007933,15.597277
WRITE,170.0,,2246295915,15.599277
WRITE,170.0,,2246583896,15.601277
WRITE,171.0,,2246871877,15.603277
WRITE,172.0,,2247159859,15.605277
WRITE,173.0,,2247447840,15.607277
WRITE,174.0,,2247735822,15.609277
WRITE,174.0,,2248023803,15.611276
WRITE,175.0,,2248311785,15.613276
WRITE,176.0,,2248599766,15.615276
WRITE,177.0,,2248887747,15.617276
WRITE,178.0,,2249175729,15.619276
WRITE,178.0,,2249463710,15.621276
WRITE,179.0,,2249751692,15.623276
WRITE,180.0,,2250039673,15.625276
WRITE,180.0,,2250327655,15.627275
WRITE,181.0,,2250615636,15.629275
WRITE,182.0,,2250903617,15.631275
WRITE,182.0,,2251191599,15.633275
WRITE,183.0,,2251479580,15.635275
WRITE,183.0,,2251767562,15.637275
WRITE,184.0,,2252055543,15.639275
WRITE,185.0,,2252343524,15.641274
WRITE,185.0,,2252631506,15.643274
WRITE,186.0,,2252919487,15.645274
WRITE,186.0,,2253207469,15.647274
WRITE,187.0,,2253495450,15.649274
WRITE,187.0,,2253783432,15.651274
WRITE,188.0,,2254071413,15.653274
WRITE,188.0,,2254359394,15.655274
WRITE,189.0,,2254647376,15.657273
WRITE,189.0,,2254935357,15.659273
WRITE,190.0,,2255223339,15.661273
WRITE,190.0,,2255511320,15.663273
WRITE,190.0,,2255799302,15.665273
WRITE,191.0,,2256087283,15.667273
WRITE,191.0,,2256375264,15.669273
WRITE,191.0,,2256663246,15.671273
WRITE,192.0,,2256951227,15.673272
WRITE,192.0,,2257239209,15.675272
WRITE,192.0,,2257527190,15.677272
WRITE,193.0,,2257815172,15.679272
WRITE,193.0,,2258103153,15.681272
WRITE,193.0,,2258391134,15.683272
WRITE,193.0,,2258679116,15.685272
WRITE,193.0,,2258967097,15.687272
WRITE,194.0,,2259255079,15.689271
WRITE,194.0,,2259543060,15.691271
WRITE,194.0,,2259831041,15.693271
WRITE,194.0,,2260119023,15.695271
WRITE,195.0,,2260407004,15.697271
WRITE,195.0,,2260694986,15.699271
WRITE,195.0,,2260982967,15.701271
WRITE,195.0,,2261270949,15.703270
WRITE,196.0,,2261558930,15.705270
WRITE,196.0,,2261846911,15.707270
WRITE,196.0,,2262134893,15.709270
WRITE,197.0,,2262422874,15.711270
WRITE,197.0,,2262710856,15.713270
WRITE,197.0,,2262998837,15.715270
WRITE,197.0,,2263286819,15.717270
WRITE,198.0,,2263574800,15.719269
WRITE,198.0,,2263862781,15.721269
WRITE,198.0,,2264150763,15.723269
WRITE,199.0,,2264438744,15.725269
WRITE,199.0,,2264726726,15.727269
WRITE,199.0,,2265014707,15.729269
WRITE,199.0,,2265302688,15.731269
WRITE,200.0,,2265590670,15.733269
WRITE,200.0,,2265878651,15.735268
WRITE,200.0,,2266166633,15.737268
WRITE,200.0,,2266454614,15.739268
WRITE,201.0,,2266742596,15.741268
WRITE,201.0,,2267030577,15.743268
WRITE,201.0,,2267318558,15.745268
WRITE,201.0,,2267606540,15.747268
WRITE,201.0,,2267894521,15.749268
WRITE,202.0,,2268182503,15.751267
WRITE,202.0,,2268470484,15.753267
WRITE,202.0,,2268758466,15.755267
WRITE,202.0,,2269046447,15.757267
WRITE,202.0,,2269334428,15.759267
WRITE,202.0,,2269622410,15.761267
WRITE,203.0,,2269910391,15.763267
WRITE,203.0,,2270198373,15.765266
WRITE,203.0,,2270486354,15.767266
WRITE,203.0,,2270774335,15.769266
WRITE,203.0,,2271062317,15.771266
WRITE,204.0,,2271350298,15.773266
WRITE,204.0,,2271638280,15.775266
WRITE,204.0,,2271926261,15.777266
WRITE,204.0,,2272214243,15.779266
WRITE,204.0,,2272502224,15.781265
WRITE,204.0,,2272790205,15.783265
WRITE,204.0,,2273078187,15.785265
WRITE,204.0,,2273366168,15.787265
WRITE,204.0,,2273654150,15.789265
WRITE,204.0,,2273942131,15.791265
WRITE,204.0,,2274230113,15.793265
WRITE,204.0,,2274518094,15.795265
WRITE,204.0,,2274806075,15.797264
WRITE,204.0,,2275094057,15.799264
WRITE,204.0,,2275382038,15.801264
WRITE,204.0,,2275670020,15.803264
WRITE,204.0,,2275958001,15.805264
WRITE,204.0,,2276245983,15.807264
WRITE,204.0,,2276533964,15.809264
WRITE,204.0,,2276821945,15.811264
WRITE,204.0,,2277109927,15.813263
WRITE,204.0,,2277397908,15.815263
WRITE,204.0,,2277685890,15.817263
WRITE,204.0,,2277973871,15.819263
WRITE,204.0,,2278261852,15.821263
WRITE,204.0,,2278549834,15.823263
WRITE,204.0,,2278837815,15.825263
WRITE,204.0,,2279125797,15.827262
WRITE,204.0,,2279413778,15.829262
WRITE,204.0,,2279701760,15.831262
WRITE,204.0,,2279989741,15.833262
WRITE,204.0,,2280277722,15.835262
WRITE,204.0,,2280565704,15.837262
WRITE,204.0,,2280853685,15.839262
WRITE,204.0,,2281141667,15.841262
WRITE,204.0,,2281429648,15.843261
WRITE,204.0,,2281717630,15.845261
WRITE,204.0,,2282005611,15.847261
WRITE,204.0,,2282293592,15.849261
WRITE,204.0,,2282581574,15.851261
WRITE,204.0,,2282869555,15.853261
WRITE,204.0,,2283157537,15.855261
WRITE,204.0,,2283445518,15.857261
WRITE,204.0,,2283733499,15.859260
WRITE,204.0,,2284021481,15.861260
WRITE,204.0,,2284309462,15.863260
WRITE,204.0,,2284597444,15.865260
WRITE,204.0,,2284885425,15.867260
WRITE,204.0,,2285173407,15.869260
WRITE,204.0,,2285461388,15.871260
WRITE,204.0,,2285749369,15.873260
WRITE,204.0,,2286037351,15.875259
WRITE,204.0,,2286325332,15.877259
WRITE,204.0,,2286613314,15.879259
WRITE,204.0,,2286901295,15.881259
WRITE,204.0,,2287189277,15.883259
WRITE,204.0,,2287477258,15.885259
WRITE,204.0,,2287765239,15.887259
WRITE,204.0,,2288053221,15.889258
WRITE,204.0,,2288341202,15.891258
WRITE,204.0,,2288629184,15.893258
WRITE,204.0,,2288917165,15.895258
WRITE,204.0,,2289205146,15.897258
WRITE,204.0,,2289493128,15.899258
WRITE,204.0,,2289781109,15.901258
WRITE,204.0,,2290069091,15.903258
WRITE,204.0,,2290357072,15.905257
WRITE,204.0,,2290645054,15.907257
WRITE,204.0,,2290933035,15.909257
WRITE,204.0,,2291221016,15.911257
WRITE,204.0,,2291508998,15.913257
WRITE,204.0,,2291796979,15.915257
WRITE,204.0,,2292084961,15.917257
WRITE,204.0,,2292372942,15.919257
WRITE,204.0,,2292660924,15.921256
WRITE,204.0,,2292948905,15.923256
WRITE,204.0,,2293236886,15.925256
WRITE,204.0,,2293524868,15.927256
WRITE,204.0,,2293812849,15.929256
WRITE,204.0,,2294100831,15.931256
WRITE,204.0,,2294388812,15.933256
WRITE,204.0,,2294676794,15.935256
WRITE,204.0,,2294964775,15.937255
WRITE,204.0,,2295252756,15.939255
WRITE,204.0,,2295540738,15.941255
WRITE,204.0,,2295828719,15.943255
WRITE,204.0,,2296116701,15.945255
WRITE,204.0,,2296404682,15.947255
WRITE,204.0,,2296692663,15.949255
WRITE,204.0,,2296980645,15.951254
WRITE,204.0,,2297268626,15.953254
WRITE,204.0,,2297556608,15.955254
WRITE,204.0,,2297844589,15.957254
WRITE,204.0,,2298132571,15.959254
WRITE,204.0,,2298420552,15.961254
WRITE,204.0,,2298708533,15.963254
WRITE,204.0,,2298996515,15.965254
WRITE,204.0,,2299284496,15.967253
WRITE,204.0,,2299572478,15.969253
WRITE,204.0,,2299860459,15.971253
WRITE,204.0,,2300148441,15.973253
WRITE,204.0,,2300436422,15.975253
WRITE,204.0,,2300724403,15.977253
WRITE,204.0,,2301012385,15.979253
WRITE,204.0,,2301300366,15.981253
WRITE,204.0,,2301588348,15.983252
WRITE,204.0,,2301876329,15.985252
WRITE,204.0,,2302164310,15.987252
WRITE,204.0,,2302452292,15.989252
WRITE,204.0,,2302740273,15.991252
WRITE,204.0,,2303028255,15.993252
WRITE,204.0,,2303316236,15.995252
WRITE,204.0,,2303604218,15.997252
WRITE,204.0,,2303894808,15.999270
WRITE,204.0,,2304180176,16.001251
WRITE,204.0,,2304468158,16.003251
WRITE,204.0,,2304756139,16.005251
WRITE,204.0,,2305044121,16.007251
WRITE,204.0,,2305332102,16.009251
WRITE,204.0,,2305620084,16.011251
WRITE,205.0,,2305908065,16.013250
WRITE,206.0,,2306196046,16.015250
WRITE,207.0,,2306484028,16.017250
WRITE,209.0,,2306772009,16.019250
WRITE,210.0,,2307059991,16.021250
WRITE,212.0,,2307347972,16.023250
WRITE,214.0,,2307635953,16.025250
WRITE,216.0,,2307923935,16.027250
WRITE,218.0,,2308211916,16.029249
WRITE,220.0,,2308499898,16.031249
WRITE,222.0,,2308787879,16.033249
WRITE,224.0,,2309075861,16.035249
WRITE,227.0,,2309363842,16.037249
WRITE,229.0,,2309651823,16.039249
WRITE,231.0,,2309939805,16.041249
WRITE,233.0,,2310227786,16.043249
WRITE,235.0,,2310515768,16.045248
WRITE,238.0,,2310803749,16.047248
WRITE,240.0,,2311091731,16.049248
WRITE,242.0,,2311379712,16.051248
WRITE,243.0,,2311667693,16.053248
WRITE,245.0,,2311955675,16.055248
WRITE,247.0,,2312243656,16.057248
WRITE,249.0,,2312531638,16.059247
WRITE,250.0,,2312819619,16.061247
WRITE,252.0,,2313107601,16.063247
WRITE,254.0,,2313395582,16.065247
WRITE,255.0,,2313683563,16.067247
WRITE,257.0,,2313971545,16.069247
WRITE,258.0,,2314259526,16.071247
WRITE,259.0,,2314547508,16.073247
WRITE,261.0,,2314835489,16.075246
WRITE,262.0,,2315123470,16.077246
WRITE,263.0,,2315411452,16.079246
WRITE,264.0,,2315699433,16.081246
WRITE,265.0,,2315987415,16.083246
WRITE,266.0,,2316275396,16.085246
WRITE,268.0,,2316563378,16.087246
WRITE,269.0,,2316851359,16.089246
WRITE,269.0,,2317139340,16.091245
WRITE,270.0,,2317427322,16.093245
WRITE,271.0,,2317715303,16.095245
WRITE,272.0,,2318003285,16.097245
WRITE,273.0,,2318291266,16.099245
WRITE,273.0,,2318579248,16.101245
WRITE,274.0,,2318867229,16.103245
WRITE,275.0,,2319155210,16.105245
WRITE,276.0,,2319443192,16.107244
WRITE,277.0,,2319731173,16.109244
WRITE,277.0,,2320019155,16.111244
WRITE,278.0,,2320307136,16.113244
WRITE,279.0,,2320595117,16.115244
WRITE,280.0,,2320883099,16.117244
WRITE,280.0,,2321171080,16.119244
WRITE,281.0,,2321459062,16.121243
WRITE,282.0,,2321747043,16.123243
WRITE,283.0,,2322035025,16.125243
WRITE,283.0,,2322323006,16.127243
WRITE,284.0,,2322610987,16.129243
WRITE,285.0,,2322898969,16.131243
WRITE,286.0,,2323186950,16.133243
WRITE,286.0,,2323474932,16.135243
WRITE,287.0,,2323762913,16.137242
WRITE,287.0,,2324050895,16.139242
WRITE,288.0,,2324338876,16.141242
WRITE,289.0,,2324626857,16.143242
WRITE,289.0,,2324914839,16.145242
WRITE,290.0,,2325202820,16.147242
WRITE,290.0,,2325490802,16.149242
WRITE,291.0,,2325778783,16.151242
WRITE,291.0,,2326066764,16.153241
WRITE,292.0,,2326354746,16.155241
WRITE,292.0,,2326642727,16.157241
WRITE,292.0,,2326930709,16.159241
WRITE,293.0,,2327218690,16.161241
WRITE,293.0,,2327506672,16.163241
WRITE,294.0,,2327794653,16.165241
WRITE,294.0,,2328082634,16.167241
WRITE,295.0,,2328370616,16.169240
WRITE,295.0,,2328658597,16.171240
WRITE,296.0,,2328946579,16.173240
WRITE,296.0,,2329234560,16.175240
WRITE,297.0,,2329522542,16.177240
WRITE,297.0,,2329810523,16.179240
WRITE,297.0,,2330098504,16.181240
WRITE,298.0,,2330386486,16.183239
WRITE,298.0,,2330674467,16.185239
WRITE,298.0,,2330962449,16.187239
WRITE,299.0,,2331250430,16.189239
WRITE,299.0,,2331538412,16.191239
WRITE,300.0,,2331826393,16.193239
WRITE,300.0,,2332114374,16.195239
WRITE,300.0,,2332402356,16.197239
WRITE,301.0,,2332690337,16.199238
WRITE,301.0,,2332978319,16.201238
WRITE,301.0,,2333266300,16.203238
WRITE,301.0,,2333554281,16.205238
WRITE,302.0,,2333842263,16.207238
WRITE,302.0,,2334130244,16.209238
WRITE,302.0,,2334418226,16.211238
WRITE,302.0,,2334706207,16.213238
WRITE,302.0,,2334994189,16.215237
WRITE,303.0,,2335282170,16.217237
WRITE,303.0,,2335570151,16.219237
WRITE,303.0,,2335858133,16.221237
WRITE,303.0,,2336146114,16.223237
WRITE,303.0,,2336434096,16.225237
WRITE,303.0,,2336722077,16.227237
WRITE,303.0,,2337010059,16.229237
WRITE,303.0,,2337298040,16.231236
WRITE,303.0,,2337586021,16.233236
WRITE,303.0,,2337874003,16.235236
WRITE,304.0,,2338161984,16.237236
WRITE,304.0,,2338449966,16.239236
WRITE,304.0,,2338737947,16.241236
WRITE,304.0,,2339025928,16.243236
WRITE,304.0,,2339313910,16.245235
WRITE,305.0,,2339601891,16.247235
WRITE,305.0,,2339889873,16.249235
WRITE,305.0,,2340177854,16.251235
WRITE,305.0,,2340465836,16.253235
WRITE,305.0,,2340753817,16.255235
WRITE,305.0,,2341041798,16.257235
WRITE,305.0,,2341329780,16.259235
WRITE,306.0,,2341617761,16.261234
WRITE,306.0,,2341905743,16.263234
WRITE,306.0,,2342193724,16.265234
WRITE,306.0,,2342481706,16.267234
WRITE,306.0,,2342769687,16.269234
WRITE,306.0,,2343057668,16.271234
WRITE,306.0,,2343345650,16.273234
WRITE,306.0,,2343633631,16.275234
WRITE,306.0,,2343921613,16.277233
WRITE,306.0,,2344209594,16.279233
WRITE,306.0,,2344497575,16.281233
WRITE,306.0,,2344785557,16.283233
WRITE,306.0,,2345073538,16.285233
WRITE,306.0,,2345361520,16.287233
WRITE,306.0,,2345649501,16.289233
WRITE,306.0,,2345937483,16.291233
WRITE,306.0,,2346225464,16.293232
WRITE,306.0,,2346513445,16.295232
WRITE,306.0,,2346801427,16.297232
WRITE,306.0,,2347089408,16.299232
WRITE,306.0,,2347377390,16.301232
WRITE,306.0,,2347665371,16.303232
WRITE,306.0,,2347953353,16.305232
WRITE,306.0,,2348241334,16.307231
WRITE,306.0,,2348529315,16.309231
WRITE,306.0,,2348817297,16.311231
WRITE,306.0,,2349105278,16.313231
WRITE,306.0,,2349393260,16.315231
WRITE,306.0,,2349681241,16.317231
WRITE,306.0,,2349969223,16.319231
WRITE,306.0,,2350257204,16.321231
WRITE,306.0,,2350545185,16.323230
WRITE,306.0,,2350833167,16.325230
WRITE,306.0,,2351121148,16.327230
WRITE,306.0,,2351409130,16.329230
WRITE,306.0,,2351697111,16.331230
WRITE,306.0,,2351985092,16.333230
WRITE,306.0,,2352273074,16.335230
WRITE,306.0,,2352561055,16.337230
WRITE,306.0,,2352849037,16.339229
WRITE,306.0,,2353137018,16.341229
WRITE,306.0,,2353425000,16.343229
WRITE,306.0,,2353712981,16.345229
WRITE,306.0,,2354000962,16.347229
WRITE,306.0,,2354288944,16.349229
WRITE,306.0,,2354576925,16.351229
WRITE,306.0,,2354864907,16.353229
WRITE,306.0,,2355152888,16.355228
WRITE,306.0,,2355440870,16.357228
WRITE,306.0,,2355728851,16.359228
WRITE,306.0,,2356016832,16.361228
WRITE,306.0,,2356304814,16.363228
WRITE,306.0,,2356592795,16.365228
WRITE,306.0,,2356880777,16.367228
WRITE,306.0,,2357168758,16.369227
WRITE,306.0,,2357456739,16.371227
WRITE,306.0,,2357744721,16.373227
WRITE,306.0,,2358032702,16.375227
WRITE,306.0,,2358320684,16.377227
WRITE,306.0,,2358608665,16.379227
WRITE,306.0,,2358896647,16.381227
WRITE,306.0,,2359184628,16.383227
WRITE,306.0,,2359472609,16.385226
WRITE,306.0,,2359760591,16.387226
WRITE,306.0,,2360048572,16.389226
WRITE,306.0,,2360336554,16.391226
WRITE,306.0,,2360624535,16.393226
WRITE,306.0,,2360912517,16.395226
WRITE,306.0,,2361200498,16.397226
WRITE,306.0,,2361488479,16.399226
WRITE,306.0,,2361776461,16.401225
WRITE,306.0,,2362064442,16.403225
WRITE,306.0,,2362352424,16.405225
WRITE,306.0,,2362640405,16.407225
WRITE,306.0,,2362928386,16.409225
WRITE,306.0,,2363216368,16.411225
WRITE,306.0,,2363504349,16.413225
WRITE,306.0,,2363792331,16.415225
WRITE,306.0,,2364080312,16.417224
WRITE,306.0,,2364368294,16.419224
WRITE,306.0,,2364656275,16.421224
WRITE,306.0,,2364944256,16.423224
WRITE,306.0,,2365232238,16.425224
WRITE,306.0,,2365520219,16.427224
WRITE,306.0,,2365808201,16.429224
WRITE,306.0,,2366096182,16.431223
WRITE,306.0,,2366384164,16.433223
WRITE,306.0,,2366672145,16.435223
WRITE,306.0,,2366960126,16.437223
WRITE,306.0,,2367248108,16.439223
WRITE,306.0,,2367536089,16.441223
WRITE,306.0,,2367824071,16.443223
WRITE,306.0,,2368112052,16.445223
WRITE,306.0,,2368400034,16.447222
WRITE,306.0,,2368688015,16.449222
WRITE,306.0,,2368975996,16.451222
WRITE,306.0,,2369263978,16.453222
WRITE,306.0,,2369551959,16.455222
WRITE,306.0,,2369839941,16.457222
WRITE,306.0,,2370127922,16.459222
WRITE,306.0,,2370415903,16.461222
WRITE,306.0,,2370703885,16.463221
WRITE,306.0,,2370991866,16.465221
WRITE,306.0,,2371279848,16.467221
WRITE,306.0,,2371567829,16.469221
WRITE,306.0,,2371855811,16.471221
WRITE,306.0,,2372143792,16.473221
WRITE,306.0,,2372431773,16.475221
WRITE,306.0,,2372719755,16.477221
WRITE,306.0,,2373007736,16.479220
WRITE,306.0,,2373295718,16.481220
WRITE,306.0,,2373583699,16.483220
WRITE,306.0,,2373871681,16.485220
WRITE,306.0,,2374159662,16.487220
WRITE,306.0,,2374447643,16.489220
WRITE,306.0,,2374735625,16.491220
WRITE,306.0,,2375023606,16.493219
WRITE,306.0,,2375311588,16.495219
WRITE,306.0,,2375599569,16.497219
WRITE,306.0,,2375890160,16.499237
WRITE,306.0,,2376175529,16.501219
WRITE,306.0,,2376463510,16.503219
WRITE,306.0,,2376751492,16.505219
WRITE,306.0,,2377039473,16.507219
WRITE,307.0,,2377327455,16.509218
WRITE,308.0,,2377615436,16.511218
WRITE,309.0,,2377903417,16.513218
WRITE,310.0,,2378191399,16.515218
WRITE,311.0,,2378479380,16.517218
WRITE,313.0,,2378767362,16.519218
WRITE,314.0,,2379055343,16.521218
WRITE,316.0,,2379343325,16.523218
WRITE,318.0,,2379631306,16.525217
WRITE,320.0,,2379919287,16.527217
WRITE,322.0,,2380207269,16.529217
WRITE,325.0,,2380495250,16.531217
WRITE,327.0,,2380783232,16.533217
WRITE,329.0,,2381071213,16.535217
WRITE,331.0,,2381359194,16.537217
WRITE,334.0,,2381647176,16.539217
WRITE,336.0,,2381935157,16.541216
WRITE,338.0,,2382223139,16.543216
WRITE,340.0,,2382511120,16.545216
WRITE,342.0,,2382799102,16.547216
WRITE,345.0,,2383087083,16.549216
WRITE,347.0,,2383375064,16.551216
WRITE,349.0,,2383663046,16.553216
WRITE,351.0,,2383951027,16.555215
WRITE,352.0,,2384239009,16.557215
WRITE,354.0,,2384526990,16.559215
WRITE,356.0,,2384814972,16.561215
WRITE,357.0,,2385102953,16.563215
WRITE,359.0,,2385390934,16.565215
WRITE,361.0,,2385678916,16.567215
WRITE,362.0,,2385966897,16.569215
WRITE,363.0,,2386254879,16.571214
WRITE,365.0,,2386542860,16.573214
WRITE,366.0,,2386830842,16.575214
WRITE,368.0,,2387118823,16.577214
WRITE,369.0,,2387406804,16.579214
WRITE,370.0,,2387694786,16.581214
WRITE,371.0,,2387982767,16.583214
WRITE,372.0,,2388270749,16.585214
WRITE,373.0,,2388558730,16.587213
WRITE,374.0,,2388846711,16.589213
WRITE,375.0,,2389134693,16.591213
WRITE,376.0,,2389422674,16.593213
WRITE,377.0,,2389710656,16.595213
WRITE,378.0,,2389998637,16.597213
WRITE,379.0,,2390286619,16.599213
WRITE,380.0,,2390574600,16.601213
WRITE,381.0,,2390862581,16.603212
WRITE,382.0,,2391150563,16.605212
WRITE,383.0,,2391438544,16.607212
WRITE,383.0,,2391726526,16.609212
WRITE,384.0,,2392014507,16.611212
WRITE,385.0,,2392302489,16.613212
WRITE,386.0,,2392590470,16.615212
WRITE,386.0,,2392878451,16.617211
WRITE,387.0,,2393166433,16.619211
WRITE,388.0,,2393454414,16.621211
WRITE,389.0,,2393742396,16.623211
WRITE,389.0,,2394030377,16.625211
WRITE,390.0,,2394318358,16.627211
WRITE,391.0,,2394606340,16.629211
WRITE,391.0,,2394894321,16.631211
WRITE,392.0,,2395182303,16.633210
WRITE,393.0,,2395470284,16.635210
WRITE,393.0,,2395758266,16.637210
WRITE,394.0,,2396046247,16.639210
WRITE,395.0,,2396334228,16.641210
WRITE,395.0,,2396622210,16.643210
WRITE,396.0,,2396910191,16.645210
WRITE,396.0,,2397198173,16.647210
WRITE,397.0,,2397486154,16.649209
WRITE,397.0,,2397774136,16.651209
WRITE,398.0,,2398062117,16.653209
WRITE,398.0,,2398350098,16.655209
WRITE,399.0,,2398638080,16.657209
WRITE,399.0,,2398926061,16.659209
WRITE,400.0,,2399214043,16.661209
WRITE,400.0,,2399502024,16.663209
WRITE,400.0,,2399790005,16.665208
WRITE,401.0,,2400077987,16.667208
WRITE,401.0,,2400365968,16.669208
WRITE,402.0,,2400653950,16.671208
WRITE,402.0,,2400941931,16.673208
WRITE,402.0,,2401229913,16.675208
WRITE,403.0,,2401517894,16.677208
WRITE,403.0,,2401805875,16.679207
WRITE,403.0,,2402093857,16.681207
WRITE,404.0,,2402381838,16.683207
WRITE,404.0,,2402669820,16.685207
WRITE,405.0,,2402957801,16.687207
WRITE,405.0,,2403245783,16.689207
WRITE,406.0,,2403533764,16.691207
WRITE,406.0,,2403821745,16.693207
WRITE,407.0,,2404109727,16.695206
WRITE,407.0,,2404397708,16.697206
WRITE,408.0,,2404685690,16.699206
WRITE,408.0,,2404973671,16.701206
WRITE,408.0,,2405261653,16.703206
WRITE,409.0,,2405549634,16.705206
WRITE,409.0,,2405837615,16.707206
WRITE,410.0,,2406125597,16.709206
WRITE,410.0,,2406413578,16.711205
WRITE,410.0,,2406701560,16.713205
WRITE,411.0,,2406989541,16.715205
WRITE,411.0,,2407277522,16.717205
WRITE,412.0,,2407565504,16.719205
WRITE,412.0,,2407853485,16.721205
WRITE,412.0,,2408141467,16.723205
WRITE,412.0,,2408429448,16.725205
WRITE,413.0,,2408717430,16.727204
WRITE,413.0,,2409005411,16.729204
WRITE,413.0,,2409293392,16.731204
WRITE,413.0,,2409581374,16.733204
WRITE,414.0,,2409869355,16.735204
WRITE,414.0,,2410157337,16.737204
WRITE,414.0,,2410445318,16.739204
WRITE,414.0,,2410733300,16.741203
WRITE,414.0,,2411021281,16.743203
WRITE,415.0,,2411309262,16.745203
WRITE,415.0,,2411597244,16.747203
WRITE,415.0,,2411885225,16.749203
WRITE,416.0,,2412173207,16.751203
WRITE,416.0,,2412461188,16.753203
WRITE,416.0,,2412749169,16.755203
WRITE,416.0,,2413037151,16.757202
WRITE,416.0,,2413325132,16.759202
WRITE,416.0,,2413613114,16.761202
WRITE,417.0,,2413901095,16.763202
WRITE,417.0,,2414189077,16.765202
WRITE,417.0,,2414477058,16.767202
WRITE,417.0,,2414765039,16.769202
WRITE,417.0,,2415053021,16.771202
WRITE,417.0,,2415341002,16.773201
WRITE,417.0,,2415628984,16.775201
WRITE,417.0,,2415916965,16.777201
WRITE,417.0,,2416204947,16.779201
WRITE,417.0,,2416492928,16.781201
WRITE,417.0,,2416780909,16.783201
WRITE,417.0,,2417068891,16.785201
WRITE,417.0,,2417356872,16.787201
WRITE,417.0,,2417644854,16.789200
WRITE,417.0,,2417932835,16.791200
WRITE,417.0,,2418220816,16.793200
WRITE,417.0,,2418508798,16.795200
WRITE,417.0,,2418796779,16.797200
WRITE,417.0,,2419084761,16.799200
WRITE,417.0,,2419372742,16.801200
WRITE,417.0,,2419660724,16.803199
WRITE,417.0,,2419948705,16.805199
WRITE,417.0,,2420236686,16.807199
WRITE,417.0,,2420524668,16.809199
WRITE,417.0,,2420812649,16.811199
WRITE,417.0,,2421100631,16.813199
WRITE,417.0,,2421388612,16.815199
WRITE,417.0,,2421676594,16.817199
WRITE,417.0,,2421964575,16.819198
WRITE,417.0,,2422252556,16.821198
WRITE,417.0,,2422540538,16.823198
WRITE,417.0,,2422828519,16.825198
WRITE,417.0,,2423116501,16.827198
WRITE,417.0,,2423404482,16.829198
WRITE,417.0,,2423692464,16.831198
WRITE,417.0,,2423980445,16.833198
WRITE,417.0,,2424268426,16.835197
WRITE,417.0,,2424556408,16.837197
WRITE,417.0,,2424844389,16.839197
WRITE,417.0,,2425132371,16.841197
WRITE,417.0,,2425420352,16.843197
WRITE,417.0,,2425708333,16.845197
WRITE,417.0,,2425996315,16.847197
WRITE,417.0,,2426284296,16.849197
WRITE,417.0,,2426572278,16.851196
WRITE,417.0,,2426860259,16.853196
WRITE,417.0,,2427148241,16.855196
WRITE,417.0,,2427436222,16.857196
WRITE,417.0,,2427724203,16.859196
WRITE,417.0,,2428012185,16.861196
WRITE,417.0,,2428300166,16.863196
WRITE,417.0,,2428588148,16.865195
WRITE,417.0,,2428876129,16.867195
WRITE,417.0,,2429164111,16.869195
WRITE,417.0,,2429452092,16.871195
WRITE,417.0,,2429740073,16.873195
WRITE,417.0,,2430028055,16.875195
WRITE,417.0,,2430316036,16.877195
WRITE,417.0,,2430604018,16.879195
WRITE,417.0,,2430891999,16.881194
WRITE,417.0,,2431179980,16.883194
WRITE,417.0,,2431467962,16.885194
WRITE,417.0,,2431755943,16.887194
WRITE,417.0,,2432043925,16.889194
WRITE,417.0,,2432331906,16.891194
WRITE,417.0,,2432619888,16.893194
WRITE,417.0,,2432907869,16.895194
WRITE,417.0,,2433195850,16.897193
WRITE,417.0,,2433483832,16.899193
WRITE,417.0,,2433771813,16.901193
WRITE,417.0,,2434059795,16.903193
WRITE,417.0,,2434347776,16.905193
WRITE,417.0,,2434635758,16.907193
WRITE,417.0,,2434923739,16.909193
WRITE,417.0,,2435211720,16.911193
WRITE,417.0,,2435499702,16.913192
WRITE,417.0,,2435787683,16.915192
WRITE,417.0,,2436075665,16.917192
WRITE,417.0,,2436363646,16.919192
WRITE,417.0,,2436651627,16.921192
WRITE,417.0,,2436939609,16.923192
WRITE,417.0,,2437227590,16.925192
WRITE,417.0,,2437515572,16.927191
WRITE,417.0,,2437803553,16.929191
WRITE,417.0,,2438091535,16.931191
WRITE,417.0,,2438379516,16.933191
WRITE,417.0,,2438667497,16.935191
WRITE,417.0,,2438955479,16.937191
WRITE,417.0,,2439243460,16.939191
WRITE,417.0,,2439531442,16.941191
WRITE,417.0,,2439819423,16.943190
WRITE,417.0,,2440107405,16.945190
WRITE,417.0,,2440395386,16.947190
WRITE,417.0,,2440683367,16.949190
WRITE,417.0,,2440971349,16.951190
WRITE,417.0,,2441259330,16.953190
WRITE,417.0,,2441547312,16.955190
WRITE,417.0,,2441835293,16.957190
WRITE,417.0,,2442123275,16.959189
WRITE,417.0,,2442411256,16.961189
WRITE,417.0,,2442699237,16.963189
WRITE,417.0,,2442987219,16.965189
WRITE,417.0,,2443275200,16.967189
WRITE,417.0,,2443563182,16.969189
WRITE,417.0,,2443851163,16.971189
WRITE,417.0,,2444139144,16.973189
WRITE,417.0,,2444427126,16.975188
WRITE,417.0,,2444715107,16.977188
WRITE,417.0,,2445003089,16.979188
WRITE,417.0,,2445291070,16.981188
WRITE,417.0,,2445579052,16.983188
WRITE,417.0,,2445867033,16.985188
WRITE,417.0,,2446155014,16.987188
WRITE,417.0,,2446442996,16.989187
WRITE,417.0,,2446730977,16.991187
WRITE,417.0,,2447018959,16.993187
WRITE,417.0,,2447306940,16.995187
WRITE,417.0,,2447594922,16.997187
WRITE,417.0,,2447885512,16.999205
WRITE,417.0,,2448170880,17.001187
WRITE,417.0,,2448458862,17.003187
WRITE,417.0,,2448746843,17.005186
WRITE,417.0,,2449034825,17.007186
WRITE,417.0,,2449322806,17.009186
WRITE,417.0,,2449610787,17.011186
WRITE,418.0,,2449898769,17.013186
WRITE,419.0,,2450186750,17.015186
WRITE,420.0,,2450474732,17.017186
WRITE,422.0,,2450762713,17.019186
WRITE,423.0,,2451050695,17.021185
WRITE,425.0,,2451338676,17.023185
WRITE,427.0,,2451626657,17.025185
WRITE,429.0,,2451914639,17.027185
WRITE,431.0,,2452202620,17.029185
WRITE,433.0,,2452490602,17.031185
WRITE,435.0,,2452778583,17.033185
WRITE,438.0,,2453066565,17.035184
WRITE,440.0,,2453354546,17.037184
WRITE,442.0,,2453642527,17.039184
WRITE,444.0,,2453930509,17.041184
WRITE,446.0,,2454218490,17.043184
WRITE,449.0,,2454506472,17.045184
WRITE,451.0,,2454794453,17.047184
WRITE,453.0,,2455082434,17.049184
WRITE,455.0,,2455370416,17.051183
WRITE,457.0,,2455658397,17.053183
WRITE,459.0,,2455946379,17.055183
WRITE,460.0,,2456234360,17.057183
WRITE,462.0,,2456522342,17.059183
WRITE,464.0,,2456810323,17.061183
WRITE,465.0,,2457098304,17.063183
WRITE,467.0,,2457386286,17.065183
WRITE,468.0,,2457674267,17.067182
WRITE,470.0,,2457962249,17.069182
WRITE,471.0,,2458250230,17.071182
WRITE,473.0,,2458538212,17.073182
WRITE,474.0,,2458826193,17.075182
WRITE,475.0,,2459114174,17.077182
WRITE,476.0,,2459402156,17.079182
WRITE,478.0,,2459690137,17.081182
WRITE,479.0,,2459978119,17.083181
WRITE,480.0,,2460266100,17.085181
WRITE,481.0,,2460554082,17.087181
WRITE,482.0,,2460842063,17.089181
WRITE,483.0,,2461130044,17.091181
WRITE,484.0,,2461418026,17.093181
WRITE,485.0,,2461706007,17.095181
WRITE,486.0,,2461993989,17.097180
WRITE,487.0,,2462281970,17.099180
WRITE,488.0,,2462569951,17.101180
WRITE,489.0,,2462857933,17.103180
WRITE,490.0,,2463145914,17.105180
WRITE,491.0,,2463433896,17.107180
WRITE,492.0,,2463721877,17.109180
WRITE,493.0,,2464009859,17.111180
WRITE,493.0,,2464297840,17.113179
WRITE,494.0,,2464585821,17.115179
WRITE,495.0,,2464873803,17.117179
WRITE,495.0,,2465161784,17.119179
WRITE,496.0,,2465449766,17.121179
WRITE,497.0,,2465737747,17.123179
WRITE,497.0,,2466025729,17.125179
WRITE,498.0,,2466313710,17.127179
WRITE,498.0,,2466601691,17.129178
WRITE,499.0,,2466889673,17.131178
WRITE,499.0,,2467177654,17.133178
WRITE,500.0,,2467465636,17.135178
WRITE,500.0,,2467753617,17.137178
WRITE,501.0,,2468041598,17.139178
WRITE,501.0,,2468329580,17.141178
WRITE,502.0,,2468617561,17.143178
WRITE,503.0,,2468905543,17.145177
WRITE,503.0,,2469193524,17.147177
WRITE,504.0,,2469481506,17.149177
WRITE,504.0,,2469769487,17.151177
WRITE,505.0,,2470057468,17.153177
WRITE,505.0,,2470345450,17.155177
WRITE,505.0,,2470633431,17.157177
WRITE,506.0,,2470921413,17.159176
WRITE,506.0,,2471209394,17.161176
WRITE,507.0,,2471497376,17.163176
WRITE,507.0,,2471785357,17.165176
WRITE,508.0,,2472073338,17.167176
WRITE,508.0,,2472361320,17.169176
WRITE,508.0,,2472649301,17.171176
WRITE,509.0,,2472937283,17.173176
WRITE,509.0,,2473225264,17.175175
WRITE,509.0,,2473513245,17.177175
WRITE,510.0,,2473801227,17.179175
WRITE,510.0,,2474089208,17.181175
WRITE,510.0,,2474377190,17.183175
WRITE,510.0,,2474665171,17.185175
WRITE,511.0,,2474953153,17.187175
WRITE,511.0,,2475241134,17.189175
WRITE,511.0,,2475529115,17.191174
WRITE,512.0,,2475817097,17.193174
WRITE,512.0,,2476105078,17.195174
WRITE,513.0,,2476393060,17.197174
WRITE,513.0,,2476681041,17.199174
WRITE,513.0,,2476969023,17.201174
WRITE,514.0,,2477257004,17.203174
WRITE,514.0,,2477544985,17.205174
WRITE,514.0,,2477832967,17.207173
WRITE,515.0,,2478120948,17.209173
WRITE,515.0,,2478408930,17.211173
WRITE,515.0,,2478696911,17.213173
WRITE,516.0,,2478984893,17.215173
WRITE,516.0,,2479272874,17.217173
WRITE,517.0,,2479560855,17.219173
WRITE,517.0,,2479848837,17.221172
WRITE,517.0,,2480136818,17.223172
WRITE,517.0,,2480424800,17.225172
WRITE,518.0,,2480712781,17.227172
WRITE,518.0,,2481000762,17.229172
WRITE,518.0,,2481288744,17.231172
WRITE,519.0,,2481576725,17.233172
WRITE,519.0,,2481864707,17.235172
WRITE,519.0,,2482152688,17.237171
WRITE,520.0,,2482440670,17.239171
WRITE,520.0,,2482728651,17.241171
WRITE,520.0,,2483016632,17.243171
WRITE,520.0,,2483304614,17.245171
WRITE,521.0,,2483592595,17.247171
WRITE,521.0,,2483880577,17.249171
WRITE,521.0,,2484168558,17.251171
WRITE,521.0,,2484456540,17.253170
WRITE,521.0,,2484744521,17.255170
WRITE,521.0,,2485032502,17.257170
WRITE,522.0,,2485320484,17.259170
WRITE,522.0,,2485608465,17.261170
WRITE,522.0,,2485896447,17.263170
WRITE,522.0,,2486184428,17.265170
WRITE,522.0,,2486472409,17.267170
WRITE,522.0,,2486760391,17.269169
WRITE,523.0,,2487048372,17.271169
WRITE,523.0,,2487336354,17.273169
WRITE,523.0,,2487624335,17.275169
WRITE,523.0,,2487912317,17.277169
WRITE,523.0,,2488200298,17.279169
WRITE,523.0,,2488488279,17.281169
WRITE,523.0,,2488776261,17.283168
WRITE,523.0,,2489064242,17.285168
WRITE,523.0,,2489352224,17.287168
WRITE,523.0,,2489640205,17.289168
WRITE,523.0,,2489928187,17.291168
WRITE,523.0,,2490216168,17.293168
WRITE,522.0,,2490504149,17.295168
WRITE,522.0,,2490792131,17.297168
WRITE,522.0,,2491080112,17.299167
WRITE,522.0,,2491368094,17.301167
WRITE,522.0,,2491656075,17.303167
WRITE,522.0,,2491944056,17.305167
WRITE,522.0,,2492232038,17.307167
WRITE,522.0,,2492520019,17.309167
WRITE,522.0,,2492808001,17.311167
WRITE,522.0,,2493095982,17.313167
WRITE,522.0,,2493383964,17.315166
WRITE,522.0,,2493671945,17.317166
WRITE,522.0,,2493959926,17.319166
WRITE,522.0,,2494247908,17.321166
WRITE,522.0,,2494535889,17.323166
WRITE,522.0,,2494823871,17.325166
WRITE,522.0,,2495111852,17.327166
WRITE,522.0,,2495399834,17.329166
WRITE,522.0,,2495687815,17.331165
WRITE,522.0,,2495975796,17.333165
WRITE,522.0,,2496263778,17.335165
WRITE,522.0,,2496551759,17.337165
WRITE,522.0,,2496839741,17.339165
WRITE,522.0,,2497127722,17.341165
WRITE,522.0,,2497415704,17.343165
WRITE,522.0,,2497703685,17.345164
WRITE,522.0,,2497991666,17.347164
WRITE,522.0,,2498279648,17.349164
WRITE,522.0,,2498567629,17.351164
WRITE,522.0,,2498855611,17.353164
WRITE,522.0,,2499143592,17.355164
WRITE,522.0,,2499431573,17.357164
WRITE,522.0,,2499719555,17.359164
WRITE,522.0,,2500007536,17.361163
WRITE,522.0,,2500295518,17.363163
WRITE,522.0,,2500583499,17.365163
WRITE,522.0,,2500871481,17.367163
WRITE,522.0,,2501159462,17.369163
WRITE,522.0,,2501447443,17.371163
WRITE,522.0,,2501735425,17.373163
WRITE,522.0,,2502023406,17.375163
WRITE,522.0,,2502311388,17.377162
WRITE,522.0,,2502599369,17.379162
WRITE,522.0,,2502887351,17.381162
WRITE,522.0,,2503175332,17.383162
WRITE,522.0,,2503463313,17.385162
WRITE,522.0,,2503751295,17.387162
WRITE,522.0,,2504039276,17.389162
WRITE,522.0,,2504327258,17.391162
WRITE,522.0,,2504615239,17.393161
WRITE,522.0,,2504903220,17.395161
WRITE,522.0,,2505191202,17.397161
WRITE,522.0,,2505479183,17.399161
WRITE,522.0,,2505767165,17.401161
WRITE,522.0,,2506055146,17.403161
WRITE,522.0,,2506343128,17.405161
WRITE,522.0,,2506631109,17.407160
WRITE,522.0,,2506919090,17.409160
WRITE,522.0,,2507207072,17.411160
WRITE,522.0,,2507495053,17.413160
WRITE,522.0,,2507783035,17.415160
WRITE,522.0,,2508071016,17.417160
WRITE,522.0,,2508358998,17.419160
WRITE,522.0,,2508646979,17.421160
WRITE,522.0,,2508934960,17.423159
WRITE,522.0,,2509222942,17.425159
WRITE,522.0,,2509510923,17.427159
WRITE,522.0,,2509798905,17.429159
WRITE,522.0,,2510086886,17.431159
WRITE,522.0,,2510374867,17.433159
WRITE,522.0,,2510662849,17.435159
WRITE,522.0,,2510950830,17.437159
WRITE,522.0,,2511238812,17.439158
WRITE,522.0,,2511526793,17.441158
WRITE,522.0,,2511814775,17.443158
WRITE,522.0,,2512102756,17.445158
WRITE,522.0,,2512390737,17.447158
WRITE,522.0,,2512678719,17.449158
WRITE,522.0,,2512966700,17.451158
WRITE,522.0,,2513254682,17.453158
WRITE,522.0,,2513542663,17.455157
WRITE,522.0,,2513830645,17.457157
WRITE,522.0,,2514118626,17.459157
WRITE,522.0,,2514406607,17.461157
WRITE,522.0,,2514694589,17.463157
WRITE,522.0,,2514982570,17.465157
WRITE,522.0,,2515270552,17.467157
WRITE,522.0,,2515558533,17.469156
WRITE,522.0,,2515846515,17.471156
WRITE,522.0,,2516134496,17.473156
WRITE,522.0,,2516422477,17.475156
WRITE,522.0,,2516710459,17.477156
WRITE,522.0,,2516998440,17.479156
WRITE,522.0,,2517286422,17.481156
WRITE,522.0,,2517574403,17.483156
WRITE,522.0,,2517862384,17.485155
WRITE,522.0,,2518150366,17.487155
WRITE,522.0,,2518438347,17.489155
WRITE,522.0,,2518726329,17.491155
WRITE,522.0,,2519014310,17.493155
WRITE,522.0,,2519302292,17.495155
WRITE,522.0,,2519590273,17.497155
WRITE,522.0,,2519880864,17.499173
WRITE,522.0,,2520166233,17.501154
WRITE,522.0,,2520454214,17.503154
WRITE,522.0,,2520742196,17.505154
WRITE,522.0,,2521030177,17.507154
WRITE,522.0,,2521318159,17.509154
WRITE,522.0,,2521606140,17.511154
WRITE,523.0,,2521894121,17.513154
WRITE,524.0,,2522182103,17.515153
WRITE,525.0,,2522470084,17.517153
WRITE,526.0,,2522758066,17.519153
WRITE,527.0,,2523046047,17.521153
WRITE,529.0,,2523334028,17.523153
WRITE,531.0,,2523622010,17.525153
WRITE,533.0,,2523909991,17.527153
WRITE,535.0,,2524197973,17.529153
WRITE,537.0,,2524485954,17.531152
WRITE,539.0,,2524773936,17.533152
WRITE,541.0,,2525061917,17.535152
WRITE,543.0,,2525349898,17.537152
WRITE,545.0,,2525637880,17.539152
WRITE,547.0,,2525925861,17.541152
WRITE,549.0,,2526213843,17.543152
WRITE,552.0,,2526501824,17.545152
WRITE,554.0,,2526789806,17.547151
WRITE,556.0,,2527077787,17.549151
WRITE,558.0,,2527365768,17.551151
WRITE,560.0,,2527653750,17.553151
WRITE,562.0,,2527941731,17.555151
WRITE,563.0,,2528229713,17.557151
WRITE,565.0,,2528517694,17.559151
WRITE,567.0,,2528805675,17.561151
WRITE,569.0,,2529093657,17.563150
WRITE,570.0,,2529381638,17.565150
WRITE,572.0,,2529669620,17.567150
WRITE,573.0,,2529957601,17.569150
WRITE,575.0,,2530245583,17.571150
WRITE,576.0,,2530533564,17.573150
WRITE,577.0,,2530821545,17.575150
WRITE,579.0,,2531109527,17.577149
WRITE,580.0,,2531397508,17.579149
WRITE,581.0,,2531685490,17.581149
WRITE,582.0,,2531973471,17.583149
WRITE,583.0,,2532261453,17.585149
WRITE,585.0,,2532549434,17.587149
WRITE,586.0,,2532837415,17.589149
WRITE,587.0,,2533125397,17.591149
WRITE,588.0,,2533413378,17.593148
WRITE,589.0,,2533701360,17.595148
WRITE,590.0,,2533989341,17.597148
WRITE,591.0,,2534277323,17.599148
WRITE,592.0,,2534565304,17.601148
WRITE,593.0,,2534853285,17.603148
WRITE,594.0,,2535141267,17.605148
WRITE,595.0,,2535429248,17.607148
WRITE,596.0,,2535717230,17.609147
WRITE,597.0,,2536005211,17.611147
WRITE,597.0,,2536293192,17.613147
WRITE,598.0,,2536581174,17.615147
WRITE,599.0,,2536869155,17.617147
WRITE,600.0,,2537157137,17.619147
WRITE,601.0,,2537445118,17.621147
WRITE,601.0,,2537733100,17.623147
WRITE,602.0,,2538021081,17.625146
WRITE,602.0,,2538309062,17.627146
WRITE,603.0,,2538597044,17.629146
WRITE,603.0,,2538885025,17.631146
WRITE,604.0,,2539173007,17.633146
WRITE,605.0,,2539460988,17.635146
WRITE,605.0,,2539748970,17.637146
WRITE,606.0,,2540036951,17.639145
WRITE,606.0,,2540324932,17.641145
WRITE,607.0,,2540612914,17.643145
WRITE,607.0,,2540900895,17.645145
WRITE,608.0,,2541188877,17.647145
WRITE,608.0,,2541476858,17.649145
WRITE,609.0,,2541764839,17.651145
WRITE,609.0,,2542052821,17.653145
WRITE,609.0,,2542340802,17.655144
WRITE,610.0,,2542628784,17.657144
WRITE,610.0,,2542916765,17.659144
WRITE,611.0,,2543204747,17.661144
WRITE,611.0,,2543492728,17.663144
WRITE,612.0,,2543780709,17.665144
WRITE,612.0,,2544068691,17.667144
WRITE,613.0,,2544356672,17.669144
WRITE,613.0,,2544644654,17.671143
WRITE,614.0,,2544932635,17.673143
WRITE,614.0,,2545220617,17.675143
WRITE,614.0,,2545508598,17.677143
WRITE,615.0,,2545796579,17.679143
WRITE,616.0,,2546084561,17.681143
WRITE,616.0,,2546372542,17.683143
WRITE,617.0,,2546660524,17.685143
WRITE,617.0,,2546948505,17.687142
WRITE,618.0,,2547236486,17.689142
WRITE,618.0,,2547524468,17.691142
WRITE,618.0,,2547812449,17.693142
WRITE,619.0,,2548100431,17.695142
WRITE,619.0,,2548388412,17.697142
WRITE,619.0,,2548676394,17.699142
WRITE,620.0,,2548964375,17.701141
WRITE,620.0,,2549252356,17.703141
WRITE,621.0,,2549540338,17.705141
WRITE,621.0,,2549828319,17.707141
WRITE,621.0,,2550116301,17.709141
WRITE,622.0,,2550404282,17.711141
WRITE,622.0,,2550692264,17.713141
WRITE,623.0,,2550980245,17.715141
WRITE,623.0,,2551268226,17.717140
WRITE,623.0,,2551556208,17.719140
WRITE,624.0,,2551844189,17.721140
WRITE,624.0,,2552132171,17.723140
WRITE,625.0,,2552420152,17.725140
WRITE,625.0,,2552708134,17.727140
WRITE,625.0,,2552996115,17.729140
WRITE,626.0,,2553284096,17.731140
WRITE,626.0,,2553572078,17.733139
WRITE,626.0,,2553860059,17.735139
WRITE,626.0,,2554148041,17.737139
WRITE,627.0,,2554436022,17.739139
WRITE,627.0,,2554724003,17.741139
WRITE,627.0,,2555011985,17.743139
WRITE,627.0,,2555299966,17.745139
WRITE,627.0,,2555587948,17.747139
WRITE,627.0,,2555875929,17.749138
WRITE,627.0,,2556163911,17.751138
WRITE,627.0,,2556451892,17.753138
WRITE,627.0,,2556739873,17.755138
WRITE,627.0,,2557027855,17.757138
WRITE,627.0,,2557315836,17.759138
WRITE,627.0,,2557603818,17.761138
WRITE,627.0,,2557891799,17.763137
WRITE,627.0,,2558179781,17.765137
WRITE,627.0,,2558467762,17.767137
WRITE,627.0,,2558755743,17.769137
WRITE,627.0,,2559043725,17.771137
WRITE,627.0,,2559331706,17.773137
WRITE,627.0,,2559619688,17.775137
WRITE,627.0,,2559907669,17.777137
WRITE,627.0,,2560195650,17.779136
WRITE,627.0,,2560483632,17.781136
WRITE,627.0,,2560771613,17.783136
WRITE,627.0,,2561059595,17.785136
WRITE,627.0,,2561347576,17.787136
WRITE,627.0,,2561635558,17.789136
WRITE,627.0,,2561923539,17.791136
WRITE,627.0,,2562211520,17.793136
WRITE,627.0,,2562499502,17.795135
WRITE,627.0,,2562787483,17.797135
WRITE,627.0,,2563075465,17.799135
WRITE,627.0,,2563363446,17.801135
WRITE,627.0,,2563651428,17.803135
WRITE,627.0,,2563939409,17.805135
WRITE,627.0,,2564227390,17.807135
WRITE,627.0,,2564515372,17.809135
WRITE,627.0,,2564803353,17.811134
WRITE,627.0,,2565091335,17.813134
WRITE,627.0,,2565379316,17.815134
WRITE,627.0,,2565667297,17.817134
WRITE,627.0,,2565955279,17.819134
WRITE,627.0,,2566243260,17.821134
WRITE,627.0,,2566531242,17.823134
WRITE,627.0,,2566819223,17.825133
WRITE,627.0,,2567107205,17.827133
WRITE,627.0,,2567395186,17.829133
WRITE,627.0,,2567683167,17.831133
WRITE,627.0,,2567971149,17.833133
WRITE,627.0,,2568259130,17.835133
WRITE,627.0,,2568547112,17.837133
WRITE,627.0,,2568835093,17.839133
WRITE,627.0,,2569123075,17.841132
WRITE,627.0,,2569411056,17.843132
WRITE,627.0,,2569699037,17.845132
WRITE,627.0,,2569987019,17.847132
WRITE,627.0,,2570275000,17.849132
WRITE,627.0,,2570562982,17.851132
WRITE,627.0,,2570850963,17.853132
WRITE,627.0,,2571138945,17.855132
WRITE,627.0,,2571426926,17.857131
WRITE,627.0,,2571714907,17.859131
WRITE,627.0,,2572002889,17.861131
WRITE,627.0,,2572290870,17.863131
WRITE,627.0,,2572578852,17.865131
WRITE,627.0,,2572866833,17.867131
WRITE,627.0,,2573154814,17.869131
WRITE,627.0,,2573442796,17.871131
WRITE,627.0,,2573730777,17.873130
WRITE,627.0,,2574018759,17.875130
WRITE,627.0,,2574306740,17.877130
WRITE,627.0,,2574594722,17.879130
WRITE,627.0,,2574882703,17.881130
WRITE,627.0,,2575170684,17.883130
WRITE,627.0,,2575458666,17.885130
WRITE,627.0,,2575746647,17.887129
WRITE,627.0,,2576034629,17.889129
WRITE,627.0,,2576322610,17.891129
WRITE,627.0,,2576610592,17.893129
WRITE,627.0,,2576898573,17.895129
WRITE,627.0,,2577186554,17.897129
WRITE,627.0,,2577474536,17.899129
WRITE,627.0,,2577762517,17.901129
WRITE,627.0,,2578050499,17.903128
WRITE,627.0,,2578338480,17.905128
WRITE,627.0,,2578626461,17.907128
WRITE,627.0,,2578914443,17.909128
WRITE,627.0,,2579202424,17.911128
WRITE,627.0,,2579490406,17.913128
WRITE,627.0,,2579778387,17.915128
WRITE,627.0,,2580066369,17.917128
WRITE,627.0,,2580354350,17.919127
WRITE,627.0,,2580642331,17.921127
WRITE,627.0,,2580930313,17.923127
WRITE,627.0,,2581218294,17.925127
WRITE,627.0,,2581506276,17.927127
WRITE,627.0,,2581794257,17.929127
WRITE,627.0,,2582082239,17.931127
WRITE,627.0,,2582370220,17.933127
WRITE,627.0,,2582658201,17.935126
WRITE,627.0,,2582946183,17.937126
WRITE,627.0,,2583234164,17.939126
WRITE,627.0,,2583522146,17.941126
WRITE,627.0,,2583810127,17.943126
WRITE,627.0,,2584098108,17.945126
WRITE,627.0,,2584386090,17.947126
WRITE,627.0,,2584674071,17.949125
WRITE,627.0,,2584962053,17.951125
WRITE,627.0,,2585250034,17.953125
WRITE,627.0,,2585538016,17.955125
WRITE,627.0,,2585825997,17.957125
WRITE,627.0,,2586113978,17.959125
WRITE,627.0,,2586401960,17.961125
WRITE,627.0,,2586689941,17.963125
WRITE,627.0,,2586977923,17.965124
WRITE,627.0,,2587265904,17.967124
WRITE,627.0,,2587553886,17.969124
WRITE,627.0,,2587841867,17.971124
WRITE,627.0,,2588129848,17.973124
WRITE,627.0,,2588417830,17.975124
WRITE,627.0,,2588705811,17.977124
WRITE,627.0,,2588993793,17.979124
WRITE,627.0,,2589281774,17.981123
WRITE,627.0,,2589569756,17.983123
WRITE,627.0,,2589857737,17.985123
WRITE,627.0,,2590145718,17.987123
WRITE,627.0,,2590433700,17.989123
WRITE,627.0,,2590721681,17.991123
WRITE,627.0,,2591009663,17.993123
WRITE,627.0,,2591297644,17.995123
WRITE,627.0,,2591585625,17.997122
WRITE,627.0,,2591876216,17.999140
WRITE,627.0,,2592161584,18.001122
WRITE,627.0,,2592449566,18.003122
WRITE,627.0,,2592737547,18.005122
WRITE,627.0,,2593025529,18.007122
WRITE,627.0,,2593313510,18.009122
WRITE,628.0,,2593601491,18.011121
WRITE,629.0,,2593889473,18.013121
WRITE,630.0,,2594177454,18.015121
WRITE,631.0,,2594465436,18.017121
WRITE,632.0,,2594753417,18.019121
WRITE,634.0,,2595041399,18.021121
WRITE,636.0,,2595329380,18.023121
WRITE,638.0,,2595617361,18.025121
WRITE,640.0,,2595905343,18.027120
WRITE,642.0,,2596193324,18.029120
WRITE,644.0,,2596481306,18.031120
WRITE,646.0,,2596769287,18.033120
WRITE,648.0,,2597057268,18.035120
WRITE,651.0,,2597345250,18.037120
WRITE,653.0,,2597633231,18.039120
WRITE,655.0,,2597921213,18.041120
WRITE,657.0,,2598209194,18.043119
WRITE,659.0,,2598497176,18.045119
WRITE,661.0,,2598785157,18.047119
WRITE,663.0,,2599073138,18.049119
WRITE,666.0,,2599361120,18.051119
WRITE,667.0,,2599649101,18.053119
WRITE,669.0,,2599937083,18.055119
WRITE,671.0,,2600225064,18.057119
WRITE,673.0,,2600513046,18.059118
WRITE,674.0,,2600801027,18.061118
WRITE,676.0,,2601089008,18.063118
WRITE,678.0,,2601376990,18.065118
WRITE,679.0,,2601664971,18.067118
WRITE,681.0,,2601952953,18.069118
WRITE,682.0,,2602240934,18.071118
WRITE,684.0,,2602528915,18.073117
WRITE,685.0,,2602816897,18.075117
WRITE,686.0,,2603104878,18.077117
WRITE,688.0,,2603392860,18.079117
WRITE,689.0,,2603680841,18.081117
WRITE,690.0,,2603968823,18.083117
WRITE,691.0,,2604256804,18.085117
WRITE,693.0,,2604544785,18.087117
WRITE,694.0,,2604832767,18.089116
WRITE,695.0,,2605120748,18.091116
WRITE,696.0,,2605408730,18.093116
WRITE,697.0,,2605696711,18.095116
WRITE,698.0,,2605984693,18.097116
WRITE,698.0,,2606272674,18.099116
WRITE,699.0,,2606560655,18.101116
WRITE,700.0,,2606848637,18.103116
WRITE,701.0,,2607136618,18.105115
WRITE,702.0,,2607424600,18.107115
WRITE,703.0,,2607712581,18.109115
WRITE,704.0,,2608000563,18.111115
WRITE,705.0,,2608288544,18.113115
WRITE,705.0,,2608576525,18.115115
WRITE,706.0,,2608864507,18.117115
WRITE,707.0,,2609152488,18.119115
WRITE,708.0,,2609440470,18.121114
WRITE,709.0,,2609728451,18.123114
WRITE,709.0,,2610016432,18.125114
WRITE,710.0,,2610304414,18.127114
WRITE,711.0,,2610592395,18.129114
WRITE,712.0,,2610880377,18.131114
WRITE,713.0,,2611168358,18.133114
WRITE,713.0,,2611456340,18.135113
WRITE,714.0,,2611744321,18.137113
WRITE,714.0,,2612032302,18.139113
WRITE,715.0,,2612320284,18.141113
WRITE,716.0,,2612608265,18.143113
WRITE,716.0,,2612896247,18.145113
WRITE,717.0,,2613184228,18.147113
WRITE,717.0,,2613472210,18.149113
WRITE,718.0,,2613760191,18.151112
WRITE,718.0,,2614048172,18.153112
WRITE,719.0,,2614336154,18.155112
WRITE,719.0,,2614624135,18.157112
WRITE,720.0,,2614912117,18.159112
WRITE,720.0,,2615200098,18.161112
WRITE,720.0,,2615488079,18.163112
WRITE,721.0,,2615776061,18.165112
WRITE,721.0,,2616064042,18.167111
WRITE,721.0,,2616352024,18.169111
WRITE,722.0,,2616640005,18.171111
WRITE,722.0,,2616927987,18.173111
WRITE,723.0,,2617215968,18.175111
WRITE,723.0,,2617503949,18.177111
WRITE,723.0,,2617791931,18.179111
WRITE,724.0,,2618079912,18.181111
WRITE,724.0,,2618367894,18.183110
WRITE,725.0,,2618655875,18.185110
WRITE,725.0,,2618943857,18.187110
WRITE,725.0,,2619231838,18.189110
WRITE,726.0,,2619519819,18.191110
WRITE,726.0,,2619807801,18.193110
WRITE,727.0,,2620095782,18.195110
WRITE,727.0,,2620383764,18.197109
WRITE,727.0,,2620671745,18.199109
WRITE,728.0,,2620959726,18.201109
WRITE,728.0,,2621247708,18.203109
WRITE,728.0,,2621535689,18.205109
WRITE,729.0,,2621823671,18.207109
WRITE,729.0,,2622111652,18.209109
WRITE,729.0,,2622399634,18.211109
WRITE,729.0,,2622687615,18.213108
WRITE,729.0,,2622975596,18.215108
WRITE,730.0,,2623263578,18.217108
WRITE,730.0,,2623551559,18.219108
WRITE,730.0,,2623839541,18.221108
WRITE,731.0,,2624127522,18.223108
WRITE,731.0,,2624415504,18.225108
WRITE,731.0,,2624703485,18.227108
WRITE,731.0,,2624991466,18.229107
WRITE,732.0,,2625279448,18.231107
WRITE,732.0,,2625567429,18.233107
WRITE,732.0,,2625855411,18.235107
WRITE,732.0,,2626143392,18.237107
WRITE,733.0,,2626431374,18.239107
WRITE,733.0,,2626719355,18.241107
WRITE,733.0,,2627007336,18.243107
WRITE,733.0,,2627295318,18.245106
WRITE,734.0,,2627583299,18.247106
WRITE,734.0,,2627871281,18.249106
WRITE,734.0,,2628159262,18.251106
WRITE,734.0,,2628447243,18.253106
WRITE,735.0,,2628735225,18.255106
WRITE,735.0,,2629023206,18.257106
WRITE,735.0,,2629311188,18.259105
WRITE,735.0,,2629599169,18.261105
WRITE,736.0,,2629887151,18.263105
WRITE,736.0,,2630175132,18.265105
WRITE,736.0,,2630463113,18.267105
WRITE,736.0,,2630751095,18.269105
WRITE,736.0,,2631039076,18.271105
WRITE,736.0,,2631327058,18.273105
WRITE,736.0,,2631615039,18.275104
WRITE,736.0,,2631903021,18.277104
WRITE,736.0,,2632191002,18.279104
WRITE,736.0,,2632478983,18.281104
WRITE,736.0,,2632766965,18.283104
WRITE,736.0,,2633054946,18.285104
WRITE,736.0,,2633342928,18.287104
WRITE,736.0,,2633630909,18.289104
WRITE,736.0,,2633918890,18.291103
WRITE,736.0,,2634206872,18.293103
WRITE,736.0,,2634494853,18.295103
WRITE,736.0,,2634782835,18.297103
WRITE,736.0,,2635070816,18.299103
WRITE,736.0,,2635358798,18.301103
WRITE,736.0,,2635646779,18.303103
WRITE,736.0,,2635934760,18.305103
WRITE,736.0,,2636222742,18.307102
WRITE,736.0,,2636510723,18.309102
WRITE,736.0,,2636798705,18.311102
WRITE,736.0,,2637086686,18.313102
WRITE,736.0,,2637374668,18.315102
WRITE,736.0,,2637662649,18.317102
WRITE,736.0,,2637950630,18.319102
WRITE,736.0,,2638238612,18.321101
WRITE,736.0,,2638526593,18.323101
WRITE,736.0,,2638814575,18.325101
WRITE,736.0,,2639102556,18.327101
WRITE,736.0,,2639390537,18.329101
WRITE,736.0,,2639678519,18.331101
WRITE,736.0,,2639966500,18.333101
WRITE,736.0,,2640254482,18.335101
WRITE,736.0,,2640542463,18.337100
WRITE,736.0,,2640830445,18.339100
WRITE,736.0,,2641118426,18.341100
WRITE,736.0,,2641406407,18.343100
WRITE,736.0,,2641694389,18.345100
WRITE,736.0,,2641982370,18.347100
WRITE,736.0,,2642270352,18.349100
WRITE,736.0,,2642558333,18.351100
WRITE,736.0,,2642846315,18.353099
WRITE,736.0,,2643134296,18.355099
WRITE,736.0,,2643422277,18.357099
WRITE,736.0,,2643710259,18.359099
WRITE,736.0,,2643998240,18.361099
WRITE,736.0,,2644286222,18.363099
WRITE,736.0,,2644574203,18.365099
WRITE,736.0,,2644862185,18.367099
WRITE,736.0,,2645150166,18.369098
WRITE,736.0,,2645438147,18.371098
WRITE,736.0,,2645726129,18.373098
WRITE,736.0,,2646014110,18.375098
WRITE,736.0,,2646302092,18.377098
WRITE,736.0,,2646590073,18.379098
WRITE,736.0,,2646878054,18.381098
WRITE,736.0,,2647166036,18.383097
WRITE,736.0,,2647454017,18.385097
WRITE,736.0,,2647741999,18.387097
WRITE,736.0,,2648029980,18.389097
WRITE,736.0,,2648317962,18.391097
WRITE,736.0,,2648605943,18.393097
WRITE,736.0,,2648893924,18.395097
WRITE,736.0,,2649181906,18.397097
WRITE,736.0,,2649469887,18.399096
WRITE,736.0,,2649757869,18.401096
WRITE,736.0,,2650045850,18.403096
WRITE,736.0,,2650333832,18.405096
WRITE,736.0,,2650621813,18.407096
WRITE,736.0,,2650909794,18.409096
WRITE,736.0,,2651197776,18.411096
WRITE,736.0,,2651485757,18.413096
WRITE,736.0,,2651773739,18.415095
WRITE,736.0,,2652061720,18.417095
WRITE,736.0,,2652349701,18.419095
WRITE,736.0,,2652637683,18.421095
WRITE,736.0,,2652925664,18.423095
WRITE,736.0,,2653213646,18.425095
WRITE,736.0,,2653501627,18.427095
WRITE,736.0,,2653789609,18.429095
WRITE,736.0,,2654077590,18.431094
WRITE,736.0,,2654365571,18.433094
WRITE,736.0,,2654653553,18.435094
WRITE,736.0,,2654941534,18.437094
WRITE,736.0,,2655229516,18.439094
WRITE,736.0,,2655517497,18.441094
WRITE,736.0,,2655805479,18.443094
WRITE,736.0,,2656093460,18.445093
WRITE,736.0,,2656381441,18.447093
WRITE,736.0,,2656669423,18.449093
WRITE,736.0,,2656957404,18.451093
WRITE,736.0,,2657245386,18.453093
WRITE,736.0,,2657533367,18.455093
WRITE,736.0,,2657821348,18.457093
WRITE,736.0,,2658109330,18.459093
WRITE,736.0,,2658397311,18.461092
WRITE,736.0,,2658685293,18.463092
WRITE,736.0,,2658973274,18.465092
WRITE,736.0,,2659261256,18.467092
WRITE,736.0,,2659549237,18.469092
WRITE,736.0,,2659837218,18.471092
WRITE,736.0,,2660125200,18.473092
WRITE,736.0,,2660413181,18.475092
WRITE,736.0,,2660701163,18.477091
WRITE,736.0,,2660989144,18.479091
WRITE,736.0,,2661277126,18.481091
WRITE,736.0,,2661565107,18.483091
WRITE,736.0,,2661853088,18.485091
WRITE,736.0,,2662141070,18.487091
WRITE,736.0,,2662429051,18.489091
WRITE,736.0,,2662717033,18.491091
WRITE,736.0,,2663005014,18.493090
WRITE,736.0,,2663292996,18.495090
WRITE,736.0,,2663580977,18.497090
WRITE,736.0,,2663871567,18.499108
WRITE,736.0,,2664156936,18.501090
WRITE,736.0,,2664444917,18.503090
WRITE,736.0,,2664732899,18.505090
WRITE,736.0,,2665020880,18.507089
WRITE,736.0,,2665308861,18.509089
WRITE,736.0,,2665596843,18.511089
WRITE,737.0,,2665884824,18.513089
WRITE,737.0,,2666172806,18.515089
WRITE,738.0,,2666460787,18.517089
WRITE,740.0,,2666748769,18.519089
WRITE,741.0,,2667036750,18.521089
WRITE,743.0,,2667324731,18.523088
WRITE,745.0,,2667612713,18.525088
WRITE,746.0,,2667900694,18.527088
WRITE,748.0,,2668188676,18.529088
WRITE,750.0,,2668476657,18.531088
WRITE,753.0,,2668764639,18.533088
WRITE,755.0,,2669052620,18.535088
WRITE,757.0,,2669340601,18.537088
WRITE,759.0,,2669628583,18.539087
WRITE,761.0,,2669916564,18.541087
WRITE,763.0,,2670204546,18.543087
WRITE,766.0,,2670492527,18.545087
WRITE,768.0,,2670780508,18.547087
WRITE,770.0,,2671068490,18.549087
WRITE,772.0,,2671356471,18.551087
WRITE,774.0,,2671644453,18.553086
WRITE,776.0,,2671932434,18.555086
WRITE,777.0,,2672220416,18.557086
WRITE,779.0,,2672508397,18.559086
WRITE,781.0,,2672796378,18.561086
WRITE,783.0,,2673084360,18.563086
WRITE,784.0,,2673372341,18.565086
WRITE,786.0,,2673660323,18.567086
WRITE,787.0,,2673948304,18.569085
WRITE,789.0,,2674236286,18.571085
WRITE,790.0,,2674524267,18.573085
WRITE,791.0,,2674812248,18.575085
WRITE,793.0,,2675100230,18.577085
WRITE,794.0,,2675388211,18.579085
WRITE,795.0,,2675676193,18.581085
WRITE,796.0,,2675964174,18.583085
WRITE,797.0,,2676252155,18.585084
WRITE,798.0,,2676540137,18.587084
WRITE,799.0,,2676828118,18.589084
WRITE,800.0,,2677116100,18.591084
WRITE,801.0,,2677404081,18.593084
WRITE,802.0,,2677692063,18.595084
WRITE,803.0,,2677980044,18.597084
WRITE,804.0,,2678268025,18.599084
WRITE,805.0,,2678556007,18.601083
WRITE,806.0,,2678843988,18.603083
WRITE,807.0,,2679131970,18.605083
WRITE,808.0,,2679419951,18.607083
WRITE,808.0,,2679707933,18.609083
WRITE,809.0,,2679995914,18.611083
WRITE,810.0,,2680283895,18.613083
WRITE,811.0,,2680571877,18.615082
WRITE,811.0,,2680859858,18.617082
WRITE,812.0,,2681147840,18.619082
WRITE,813.0,,2681435821,18.621082
WRITE,814.0,,2681723803,18.623082
WRITE,814.0,,2682011784,18.625082
WRITE,815.0,,2682299765,18.627082
WRITE,816.0,,2682587747,18.629082
WRITE,816.0,,2682875728,18.631081
WRITE,817.0,,2683163710,18.633081
WRITE,818.0,,2683451691,18.635081
WRITE,818.0,,2683739672,18.637081
WRITE,819.0,,2684027654,18.639081
WRITE,819.0,,2684315635,18.641081
WRITE,820.0,,2684603617,18.643081
WRITE,820.0,,2684891598,18.645081
WRITE,821.0,,2685179580,18.647080
WRITE,821.0,,2685467561,18.649080
WRITE,822.0,,2685755542,18.651080
WRITE,822.0,,2686043524,18.653080
WRITE,823.0,,2686331505,18.655080
WRITE,823.0,,2686619487,18.657080
WRITE,824.0,,2686907468,18.659080
WRITE,824.0,,2687195450,18.661080
WRITE,825.0,,2687483431,18.663079
WRITE,825.0,,2687771412,18.665079
WRITE,826.0,,2688059394,18.667079
WRITE,826.0,,2688347375,18.669079
WRITE,826.0,,2688635357,18.671079
WRITE,827.0,,2688923338,18.673079
WRITE,827.0,,2689211319,18.675079
WRITE,828.0,,2689499301,18.677078
WRITE,828.0,,2689787282,18.679078
WRITE,828.0,,2690075264,18.681078
WRITE,829.0,,2690363245,18.683078
WRITE,829.0,,2690651227,18.685078
WRITE,829.0,,2690939208,18.687078
WRITE,830.0,,2691227189,18.689078
WRITE,830.0,,2691515171,18.691078
WRITE,830.0,,2691803152,18.693077
WRITE,831.0,,2692091134,18.695077
WRITE,831.0,,2692379115,18.697077
WRITE,831.0,,2692667097,18.699077
WRITE,832.0,,2692955078,18.701077
WRITE,832.0,,2693243059,18.703077
WRITE,833.0,,2693531041,18.705077
WRITE,833.0,,2693819022,18.707077
WRITE,833.0,,2694107004,18.709076
WRITE,834.0,,2694394985,18.711076
WRITE,834.0,,2694682966,18.713076
WRITE,834.0,,2694970948,18.715076
WRITE,835.0,,2695258929,18.717076
WRITE,835.0,,2695546911,18.719076
WRITE,835.0,,2695834892,18.721076
WRITE,835.0,,2696122874,18.723076
WRITE,835.0,,2696410855,18.725075
WRITE,835.0,,2696698836,18.727075
WRITE,835.0,,2696986818,18.729075
WRITE,836.0,,2697274799,18.731075
WRITE,836.0,,2697562781,18.733075
WRITE,836.0,,2697850762,18.735075
WRITE,836.0,,2698138744,18.737075
WRITE,836.0,,2698426725,18.739074
WRITE,836.0,,2698714706,18.741074
WRITE,837.0,,2699002688,18.743074
WRITE,837.0,,2699290669,18.745074
WRITE,837.0,,2699578651,18.747074
WRITE,837.0,,2699866632,18.749074
WRITE,837.0,,2700154614,18.751074
WRITE,837.0,,2700442595,18.753074
WRITE,838.0,,2700730576,18.755073
WRITE,838.0,,2701018558,18.757073
WRITE,838.0,,2701306539,18.759073
WRITE,838.0,,2701594521,18.761073
WRITE,838.0,,2701882502,18.763073
WRITE,838.0,,2702170483,18.765073
WRITE,839.0,,2702458465,18.767073
WRITE,839.0,,2702746446,18.769073
WRITE,839.0,,2703034428,18.771072
WRITE,839.0,,2703322409,18.773072
WRITE,839.0,,2703610391,18.775072
WRITE,839.0,,2703898372,18.777072
WRITE,839.0,,2704186353,18.779072
WRITE,839.0,,2704474335,18.781072
WRITE,839.0,,2704762316,18.783072
WRITE,839.0,,2705050298,18.785072
WRITE,839.0,,2705338279,18.787071
WRITE,839.0,,2705626261,18.789071
WRITE,839.0,,2705914242,18.791071
WRITE,839.0,,2706202223,18.793071
WRITE,839.0,,2706490205,18.795071
WRITE,839.0,,2706778186,18.797071
WRITE,839.0,,2707066168,18.799071
WRITE,839.0,,2707354149,18.801070
WRITE,839.0,,2707642130,18.803070
WRITE,839.0,,2707930112,18.805070
WRITE,839.0,,2708218093,18.807070
WRITE,839.0,,2708506075,18.809070
WRITE,839.0,,2708794056,18.811070
WRITE,839.0,,2709082038,18.813070
WRITE,839.0,,2709370019,18.815070
WRITE,839.0,,2709658000,18.817069
WRITE,839.0,,2709945982,18.819069
WRITE,839.0,,2710233963,18.821069
WRITE,839.0,,2710521945,18.823069
WRITE,839.0,,2710809926,18.825069
WRITE,839.0,,2711097908,18.827069
WRITE,839.0,,2711385889,18.829069
WRITE,839.0,,2711673870,18.831069
WRITE,839.0,,2711961852,18.833068
WRITE,839.0,,2712249833,18.835068
WRITE,839.0,,2712537815,18.837068
WRITE,839.0,,2712825796,18.839068
WRITE,839.0,,2713113777,18.841068
WRITE,839.0,,2713401759,18.843068
WRITE,839.0,,2713689740,18.845068
WRITE,839.0,,2713977722,18.847068
WRITE,839.0,,2714265703,18.849067
WRITE,839.0,,2714553685,18.851067
WRITE,839.0,,2714841666,18.853067
WRITE,839.0,,2715129647,18.855067
WRITE,839.0,,2715417629,18.857067
WRITE,839.0,,2715705610,18.859067
WRITE,839.0,,2715993592,18.861067
WRITE,839.0,,2716281573,18.863066
WRITE,839.0,,2716569555,18.865066
WRITE,839.0,,2716857536,18.867066
WRITE,839.0,,2717145517,18.869066
WRITE,839.0,,2717433499,18.871066
WRITE,839.0,,2717721480,18.873066
WRITE,839.0,,2718009462,18.875066
WRITE,839.0,,2718297443,18.877066
WRITE,839.0,,2718585425,18.879065
WRITE,839.0,,2718873406,18.881065
WRITE,839.0,,2719161387,18.883065
WRITE,839.0,,2719449369,18.885065
WRITE,839.0,,2719737350,18.887065
WRITE,839.0,,2720025332,18.889065
WRITE,839.0,,2720313313,18.891065
WRITE,839.0,,2720601294,18.893065
WRITE,839.0,,2720889276,18.895064
WRITE,839.0,,2721177257,18.897064
WRITE,839.0,,2721465239,18.899064
WRITE,839.0,,2721753220,18.901064
WRITE,839.0,,2722041202,18.903064
WRITE,839.0,,2722329183,18.905064
WRITE,839.0,,2722617164,18.907064
WRITE,839.0,,2722905146,18.909064
WRITE,839.0,,2723193127,18.911063
WRITE,839.0,,2723481109,18.913063
WRITE,839.0,,2723769090,18.915063
WRITE,839.0,,2724057072,18.917063
WRITE,839.0,,2724345053,18.919063
WRITE,839.0,,2724633034,18.921063
WRITE,839.0,,2724921016,18.923063
WRITE,839.0,,2725208997,18.925062
WRITE,839.0,,2725496979,18.927062
WRITE,839.0,,2725784960,18.929062
WRITE,839.0,,2726072941,18.931062
WRITE,839.0,,2726360923,18.933062
WRITE,839.0,,2726648904,18.935062
WRITE,839.0,,2726936886,18.937062
WRITE,839.0,,2727224867,18.939062
WRITE,839.0,,2727512849,18.941061
WRITE,839.0,,2727800830,18.943061
WRITE,839.0,,2728088811,18.945061
WRITE,839.0,,2728376793,18.947061
WRITE,839.0,,2728664774,18.949061
WRITE,839.0,,2728952756,18.951061
WRITE,839.0,,2729240737,18.953061
WRITE,839.0,,2729528719,18.955061
WRITE,839.0,,2729816700,18.957060
WRITE,839.0,,2730104681,18.959060
WRITE,839.0,,2730392663,18.961060
WRITE,839.0,,2730680644,18.963060
WRITE,839.0,,2730968626,18.965060
WRITE,839.0,,2731256607,18.967060
WRITE,839.0,,2731544588,18.969060
WRITE,839.0,,2731832570,18.971060
WRITE,839.0,,2732120551,18.973059
WRITE,839.0,,2732408533,18.975059
WRITE,839.0,,2732696514,18.977059
WRITE,839.0,,2732984496,18.979059
WRITE,839.0,,2733272477,18.981059
WRITE,839.0,,2733560458,18.983059
WRITE,839.0,,2733848440,18.985059
WRITE,839.0,,2734136421,18.987058
WRITE,839.0,,2734424403,18.989058
WRITE,839.0,,2734712384,18.991058
WRITE,839.0,,2735000366,18.993058
WRITE,839.0,,2735288347,18.995058
WRITE,839.0,,2735576328,18.997058
WRITE,839.0,,2735866919,18.999076
WRITE,839.0,,2736152287,19.001058
WRITE,839.0,,2736440269,19.003057
WRITE,839.0,,2736728250,19.005057
WRITE,839.0,,2737016232,19.007057
WRITE,840.0,,2737304213,19.009057
WRITE,841.0,,2737592194,19.011057
WRITE,841.0,,2737880176,19.013057
WRITE,843.0,,2738168157,19.015057
WRITE,844.0,,2738456139,19.017057
WRITE,846.0,,2738744120,19.019056
WRITE,847.0,,2739032101,19.021056
WRITE,849.0,,2739320083,19.023056
WRITE,851.0,,2739608064,19.025056
WRITE,853.0,,2739896046,19.027056
WRITE,855.0,,2740184027,19.029056
WRITE,857.0,,2740472009,19.031056
WRITE,860.0,,2740759990,19.033055
WRITE,862.0,,2741047971,19.035055
WRITE,864.0,,2741335953,19.037055
WRITE,866.0,,2741623934,19.039055
WRITE,868.0,,2741911916,19.041055
WRITE,871.0,,2742199897,19.043055
WRITE,873.0,,2742487879,19.045055
WRITE,875.0,,2742775860,19.047055
WRITE,877.0,,2743063841,19.049054
WRITE,879.0,,2743351823,19.051054
WRITE,881.0,,2743639804,19.053054
WRITE,882.0,,2743927786,19.055054
WRITE,884.0,,2744215767,19.057054
WRITE,886.0,,2744503748,19.059054
WRITE,887.0,,2744791730,19.061054
WRITE,889.0,,2745079711,19.063054
WRITE,890.0,,2745367693,19.065053
WRITE,892.0,,2745655674,19.067053
WRITE,893.0,,2745943656,19.069053
WRITE,894.0,,2746231637,19.071053
WRITE,896.0,,2746519618,19.073053
WRITE,897.0,,2746807600,19.075053
WRITE,898.0,,2747095581,19.077053
WRITE,899.0,,2747383563,19.079053
WRITE,900.0,,2747671544,19.081052
WRITE,902.0,,2747959526,19.083052
WRITE,903.0,,2748247507,19.085052
WRITE,904.0,,2748535488,19.087052
WRITE,905.0,,2748823470,19.089052
WRITE,906.0,,2749111451,19.091052
WRITE,907.0,,2749399433,19.093052
WRITE,908.0,,2749687414,19.095051
WRITE,909.0,,2749975395,19.097051
WRITE,910.0,,2750263377,19.099051
WRITE,911.0,,2750551358,19.101051
WRITE,912.0,,2750839340,19.103051
WRITE,913.0,,2751127321,19.105051
WRITE,913.0,,2751415303,19.107051
WRITE,914.0,,2751703284,19.109051
WRITE,915.0,,2751991265,19.111050
WRITE,916.0,,2752279247,19.113050
WRITE,917.0,,2752567228,19.115050
WRITE,917.0,,2752855210,19.117050
WRITE,918.0,,2753143191,19.119050
WRITE,919.0,,2753431173,19.121050
WRITE,919.0,,2753719154,19.123050
WRITE,920.0,,2754007135,19.125050
WRITE,921.0,,2754295117,19.127049
WRITE,921.0,,2754583098,19.129049
WRITE,922.0,,2754871080,19.131049
WRITE,923.0,,2755159061,19.133049
WRITE,923.0,,2755447043,19.135049
WRITE,924.0,,2755735024,19.137049
WRITE,925.0,,2756023005,19.139049
WRITE,925.0,,2756310987,19.141049
WRITE,926.0,,2756598968,19.143048
WRITE,926.0,,2756886950,19.145048
WRITE,927.0,,2757174931,19.147048
WRITE,927.0,,2757462912,19.149048
WRITE,928.0,,2757750894,19.151048
WRITE,928.0,,2758038875,19.153048
WRITE,929.0,,2758326857,19.155048
WRITE,929.0,,2758614838,19.157047
WRITE,930.0,,2758902820,19.159047
WRITE,930.0,,2759190801,19.161047
WRITE,931.0,,2759478782,19.163047
WRITE,931.0,,2759766764,19.165047
WRITE,931.0,,2760054745,19.167047
WRITE,932.0,,2760342727,19.169047
WRITE,932.0,,2760630708,19.171047
WRITE,932.0,,2760918690,19.173046
WRITE,933.0,,2761206671,19.175046
WRITE,933.0,,2761494652,19.177046
WRITE,934.0,,2761782634,19.179046
WRITE,934.0,,2762070615,19.181046
WRITE,934.0,,2762358597,19.183046
WRITE,935.0,,2762646578,19.185046
WRITE,935.0,,2762934559,19.187046
WRITE,936.0,,2763222541,19.189045
WRITE,936.0,,2763510522,19.191045
WRITE,936.0,,2763798504,19.193045
WRITE,937.0,,2764086485,19.195045
WRITE,937.0,,2764374467,19.197045
WRITE,937.0,,2764662448,19.199045
WRITE,938.0,,2764950429,19.201045
WRITE,938.0,,2765238411,19.203045
WRITE,939.0,,2765526392,19.205044
WRITE,939.0,,2765814374,19.207044
WRITE,939.0,,2766102355,19.209044
WRITE,940.0,,2766390337,19.211044
WRITE,940.0,,2766678318,19.213044
WRITE,940.0,,2766966299,19.215044
WRITE,941.0,,2767254281,19.217044
WRITE,941.0,,2767542262,19.219043
WRITE,941.0,,2767830244,19.221043
WRITE,942.0,,2768118225,19.223043
WRITE,942.0,,2768406206,19.225043
WRITE,942.0,,2768694188,19.227043
WRITE,943.0,,2768982169,19.229043
WRITE,943.0,,2769270151,19.231043
WRITE,943.0,,2769558132,19.233043
WRITE,943.0,,2769846114,19.235042
WRITE,944.0,,2770134095,19.237042
WRITE,944.0,,2770422076,19.239042
WRITE,944.0,,2770710058,19.241042
WRITE,944.0,,2770998039,19.243042
WRITE,945.0,,2771286021,19.245042
WRITE,945.0,,2771574002,19.247042
WRITE,945.0,,2771861984,19.249042
WRITE,945.0,,2772149965,19.251041
WRITE,945.0,,2772437946,19.253041
WRITE,946.0,,2772725928,19.255041
WRITE,946.0,,2773013909,19.257041
WRITE,946.0,,2773301891,19.259041
WRITE,946.0,,2773589872,19.261041
WRITE,946.0,,2773877854,19.263041
WRITE,946.0,,2774165835,19.265041
WRITE,946.0,,2774453816,19.267040
WRITE,947.0,,2774741798,19.269040
WRITE,947.0,,2775029779,19.271040
WRITE,947.0,,2775317761,19.273040
WRITE,947.0,,2775605742,19.275040
WRITE,947.0,,2775893723,19.277040
WRITE,947.0,,2776181705,19.279040
WRITE,947.0,,2776469686,19.281039
WRITE,947.0,,2776757668,19.283039
WRITE,947.0,,2777045649,19.285039
WRITE,947.0,,2777333631,19.287039
WRITE,947.0,,2777621612,19.289039
WRITE,947.0,,2777909593,19.291039
WRITE,947.0,,2778197575,19.293039
WRITE,947.0,,2778485556,19.295039
WRITE,947.0,,2778773538,19.297038
WRITE,947.0,,2779061519,19.299038
WRITE,947.0,,2779349501,19.301038
WRITE,947.0,,2779637482,19.303038
WRITE,947.0,,2779925463,19.305038
WRITE,947.0,,2780213445,19.307038
WRITE,947.0,,2780501426,19.309038
WRITE,947.0,,2780789408,19.311038
WRITE,947.0,,2781077389,19.313037
WRITE,947.0,,2781365370,19.315037
WRITE,947.0,,2781653352,19.317037
WRITE,947.0,,2781941333,19.319037
WRITE,947.0,,2782229315,19.321037
WRITE,947.0,,2782517296,19.323037
WRITE,947.0,,2782805278,19.325037
WRITE,947.0,,2783093259,19.327037
WRITE,947.0,,2783381240,19.329036
WRITE,947.0,,2783669222,19.331036
WRITE,947.0,,2783957203,19.333036
WRITE,947.0,,2784245185,19.335036
WRITE,947.0,,2784533166,19.337036
WRITE,947.0,,2784821148,19.339036
WRITE,947.0,,2785109129,19.341036
WRITE,947.0,,2785397110,19.343035
WRITE,947.0,,2785685092,19.345035
WRITE,947.0,,2785973073,19.347035
WRITE,947.0,,2786261055,19.349035
WRITE,947.0,,2786549036,19.351035
WRITE,947.0,,2786837017,19.353035
WRITE,947.0,,2787124999,19.355035
WRITE,947.0,,2787412980,19.357035
WRITE,947.0,,2787700962,19.359034
WRITE,947.0,,2787988943,19.361034
WRITE,947.0,,2788276925,19.363034
WRITE,947.0,,2788564906,19.365034
WRITE,947.0,,2788852887,19.367034
WRITE,947.0,,2789140869,19.369034
WRITE,947.0,,2789428850,19.371034
WRITE,947.0,,2789716832,19.373034
WRITE,947.0,,2790004813,19.375033
WRITE,947.0,,2790292795,19.377033
WRITE,947.0,,2790580776,19.379033
WRITE,947.0,,2790868757,19.381033
WRITE,947.0,,2791156739,19.383033
WRITE,947.0,,2791444720,19.385033
WRITE,947.0,,2791732702,19.387033
WRITE,947.0,,2792020683,19.389033
WRITE,947.0,,2792308665,19.391032
WRITE,947.0,,2792596646,19.393032
WRITE,947.0,,2792884627,19.395032
WRITE,947.0,,2793172609,19.397032
WRITE,947.0,,2793460590,19.399032
WRITE,947.0,,2793748572,19.401032
WRITE,947.0,,2794036553,19.403032
WRITE,947.0,,2794324534,19.405031
WRITE,947.0,,2794612516,19.407031
WRITE,947.0,,2794900497,19.409031
WRITE,947.0,,2795188479,19.411031
WRITE,947.0,,2795476460,19.413031
WRITE,947.0,,2795764442,19.415031
WRITE,947.0,,2796052423,19.417031
WRITE,947.0,,2796340404,19.419031
WRITE,947.0,,2796628386,19.421030
WRITE,947.0,,2796916367,19.423030
WRITE,947.0,,2797204349,19.425030
WRITE,947.0,,2797492330,19.427030
WRITE,947.0,,2797780312,19.429030
WRITE,947.0,,2798068293,19.431030
WRITE,947.0,,2798356274,19.433030
WRITE,947.0,,2798644256,19.435030
WRITE,947.0,,2798932237,19.437029
WRITE,947.0,,2799220219,19.439029
WRITE,947.0,,2799508200,19.441029
WRITE,947.0,,2799796181,19.443029
WRITE,947.0,,2800084163,19.445029
WRITE,947.0,,2800372144,19.447029
WRITE,947.0,,2800660126,19.449029
WRITE,947.0,,2800948107,19.451029
WRITE,947.0,,2801236089,19.453028
WRITE,947.0,,2801524070,19.455028
WRITE,947.0,,2801812051,19.457028
WRITE,947.0,,2802100033,19.459028
WRITE,947.0,,2802388014,19.461028
WRITE,947.0,,2802675996,19.463028
WRITE,947.0,,2802963977,19.465028
WRITE,947.0,,2803251959,19.467027
WRITE,947.0,,2803539940,19.469027
WRITE,947.0,,2803827921,19.471027
WRITE,947.0,,2804115903,19.473027
WRITE,947.0,,2804403884,19.475027
WRITE,947.0,,2804691866,19.477027
WRITE,947.0,,2804979847,19.479027
WRITE,947.0,,2805267828,19.481027
WRITE,947.0,,2805555810,19.483026
WRITE,947.0,,2805843791,19.485026
WRITE,947.0,,2806131773,19.487026
WRITE,947.0,,2806419754,19.489026
WRITE,947.0,,2806707736,19.491026
WRITE,947.0,,2806995717,19.493026
WRITE,947.0,,2807283698,19.495026
WRITE,947.0,,2807571680,19.497026
WRITE,947.0,,2807862270,19.499044
WRITE,947.0,,2808147639,19.501025
WRITE,947.0,,2808435620,19.503025
WRITE,947.0,,2808723602,19.505025
WRITE,947.0,,2809011583,19.507025
WRITE,947.0,,2809299564,19.509025
WRITE,948.0,,2809587546,19.511025
WRITE,949.0,,2809875527,19.513024
WRITE,950.0,,2810163509,19.515024
WRITE,952.0,,2810451490,19.517024
WRITE,953.0,,2810739472,19.519024
WRITE,955.0,,2811027453,19.521024
WRITE,957.0,,2811315434,19.523024
WRITE,959.0,,2811603416,19.525024
WRITE,961.0,,2811891397,19.527024
WRITE,963.0,,2812179379,19.529023
WRITE,965.0,,2812467360,19.531023
WRITE,967.0,,2812755341,19.533023
WRITE,969.0,,2813043323,19.535023
WRITE,971.0,,2813331304,19.537023
WRITE,974.0,,2813619286,19.539023
WRITE,976.0,,2813907267,19.541023
WRITE,978.0,,2814195249,19.543023
WRITE,980.0,,2814483230,19.545022
WRITE,982.0,,2814771211,19.547022
WRITE,984.0,,2815059193,19.549022
WRITE,986.0,,2815347174,19.551022
WRITE,988.0,,2815635156,19.553022
WRITE,989.0,,2815923137,19.555022
WRITE,991.0,,2816211119,19.557022
WRITE,993.0,,2816499100,19.559022
WRITE,994.0,,2816787081,19.561021
WRITE,996.0,,2817075063,19.563021
WRITE,997.0,,2817363044,19.565021
WRITE,998.0,,2817651026,19.567021
WRITE,1000.0,,2817939007,19.569021
WRITE,1001.0,,2818226988,19.571021
WRITE,1002.0,,2818514970,19.573021
WRITE,1004.0,,2818802951,19.575020
WRITE,1005.0,,2819090933,19.577020
WRITE,1006.0,,2819378914,19.579020
WRITE,1007.0,,2819666896,19.581020
WRITE,1008.0,,2819954877,19.583020
WRITE,1009.0,,2820242858,19.585020
WRITE,1010.0,,2820530840,19.587020
WRITE,1011.0,,2820818821,19.589020
WRITE,1012.0,,2821106803,19.591019
WRITE,1013.0,,2821394784,19.593019
WRITE,1014.0,,2821682766,19.595019
WRITE,1015.0,,2821970747,19.597019
WRITE,1016.0,,2822258728,19.599019
WRITE,1017.0,,2822546710,19.601019
WRITE,1018.0,,2822834691,19.603019
WRITE,1019.0,,2823122673,19.605019
WRITE,1020.0,,2823410654,19.607018
WRITE,1021.0,,2823698635,19.609018
WRITE,1022.0,,2823986617,19.611018
WRITE,1022.0,,2824274598,19.613018
WRITE,1023.0,,2824562580,19.615018
WRITE,1024.0,,2824850561,19.617018
WRITE,1025.0,,2825138543,19.619018
WRITE,1026.0,,2825426524,19.621018
WRITE,1027.0,,2825714505,19.623017
WRITE,1027.0,,2826002487,19.625017
WRITE,1028.0,,2826290468,19.627017
WRITE,1029.0,,2826578450,19.629017
WRITE,1029.0,,2826866431,19.631017
WRITE,1030.0,,2827154413,19.633017
WRITE,1031.0,,2827442394,19.635017
WRITE,1031.0,,2827730375,19.637016
WRITE,1032.0,,2828018357,19.639016
WRITE,1032.0,,2828306338,19.641016
WRITE,1033.0,,2828594320,19.643016
WRITE,1033.0,,2828882301,19.645016
WRITE,1034.0,,2829170283,19.647016
WRITE,1034.0,,2829458264,19.649016
WRITE,1035.0,,2829746245,19.651016
WRITE,1035.0,,2830034227,19.653015
WRITE,1036.0,,2830322208,19.655015
WRITE,1036.0,,2830610190,19.657015
WRITE,1037.0,,2830898171,19.659015
WRITE,1037.0,,2831186152,19.661015
WRITE,1038.0,,2831474134,19.663015
WRITE,1038.0,,2831762115,19.665015
WRITE,1039.0,,2832050097,19.667015
WRITE,1039.0,,2832338078,19.669014
WRITE,1040.0,,2832626060,19.671014
WRITE,1040.0,,2832914041,19.673014
WRITE,1041.0,,2833202022,19.675014
WRITE,1041.0,,2833490004,19.677014
WRITE,1042.0,,2833777985,19.679014
WRITE,1042.0,,2834065967,19.681014
WRITE,1043.0,,2834353948,19.683014
WRITE,1043.0,,2834641930,19.685013
WRITE,1044.0,,2834929911,19.687013
WRITE,1044.0,,2835217892,19.689013
WRITE,1045.0,,2835505874,19.691013
WRITE,1045.0,,2835793855,19.693013
WRITE,1045.0,,2836081837,19.695013
WRITE,1046.0,,2836369818,19.697013
WRITE,1046.0,,2836657799,19.699012
WRITE,1046.0,,2836945781,19.701012
WRITE,1046.0,,2837233762,19.703012
WRITE,1047.0,,2837521744,19.705012
WRITE,1047.0,,2837809725,19.707012
WRITE,1047.0,,2838097707,19.709012
WRITE,1047.0,,2838385688,19.711012
WRITE,1048.0,,2838673669,19.713012
WRITE,1048.0,,2838961651,19.715011
WRITE,1048.0,,2839249632,19.717011
WRITE,1048.0,,2839537614,19.719011
WRITE,1048.0,,2839825595,19.721011
WRITE,1048.0,,2840113577,19.723011
WRITE,1048.0,,2840401558,19.725011
WRITE,1048.0,,2840689539,19.727011
WRITE,1048.0,,2840977521,19.729011
WRITE,1048.0,,2841265502,19.731010
WRITE,1048.0,,2841553484,19.733010
WRITE,1049.0,,2841841465,19.735010
WRITE,1049.0,,2842129446,19.737010
WRITE,1049.0,,2842417428,19.739010
WRITE,1049.0,,2842705409,19.741010
WRITE,1049.0,,2842993391,19.743010
WRITE,1049.0,,2843281372,19.745010
WRITE,1050.0,,2843569354,19.747009
WRITE,1050.0,,2843857335,19.749009
WRITE,1050.0,,2844145316,19.751009
WRITE,1050.0,,2844433298,19.753009
WRITE,1050.0,,2844721279,19.755009
WRITE,1051.0,,2845009261,19.757009
WRITE,1051.0,,2845297242,19.759009
WRITE,1051.0,,2845585224,19.761009
WRITE,1051.0,,2845873205,19.763008
WRITE,1051.0,,2846161186,19.765008
WRITE,1051.0,,2846449168,19.767008
WRITE,1051.0,,2846737149,19.769008
WRITE,1051.0,,2847025131,19.771008
WRITE,1051.0,,2847313112,19.773008
WRITE,1051.0,,2847601094,19.775008
WRITE,1051.0,,2847889075,19.777007
WRITE,1051.0,,2848177056,19.779007
WRITE,1051.0,,2848465038,19.781007
WRITE,1051.0,,2848753019,19.783007
WRITE,1051.0,,2849041001,19.785007
WRITE,1051.0,,2849328982,19.787007
WRITE,1051.0,,2849616963,19.789007
WRITE,1051.0,,2849904945,19.791007
WRITE,1051.0,,2850192926,19.793006
WRITE,1051.0,,2850480908,19.795006
WRITE,1051.0,,2850768889,19.797006
WRITE,1051.0,,2851056871,19.799006
WRITE,1051.0,,2851344852,19.801006
WRITE,1051.0,,2851632833,19.803006
WRITE,1051.0,,2851920815,19.805006
WRITE,1051.0,,2852208796,19.807006
WRITE,1051.0,,2852496778,19.809005
WRITE,1051.0,,2852784759,19.811005
WRITE,1051.0,,2853072741,19.813005
WRITE,1051.0,,2853360722,19.815005
WRITE,1051.0,,2853648703,19.817005
WRITE,1051.0,,2853936685,19.819005
WRITE,1051.0,,2854224666,19.821005
WRITE,1051.0,,2854512648,19.823005
WRITE,1051.0,,2854800629,19.825004
WRITE,1051.0,,2855088610,19.827004
WRITE,1051.0,,2855376592,19.829004
WRITE,1051.0,,2855664573,19.831004
WRITE,1051.0,,2855952555,19.833004
WRITE,1051.0,,2856240536,19.835004
WRITE,1051.0,,2856528518,19.837004
WRITE,1051.0,,2856816499,19.839003
WRITE,1051.0,,2857104480,19.841003
WRITE,1051.0,,2857392462,19.843003
WRITE,1051.0,,2857680443,19.845003
WRITE,1051.0,,2857968425,19.847003
WRITE,1051.0,,2858256406,19.849003
WRITE,1051.0,,2858544388,19.851003
WRITE,1051.0,,2858832369,19.853003
WRITE,1051.0,,2859120350,19.855002
WRITE,1051.0,,2859408332,19.857002
WRITE,1051.0,,2859696313,19.859002
WRITE,1051.0,,2859984295,19.861002
WRITE,1051.0,,2860272276,19.863002
WRITE,1051.0,,2860560257,19.865002
WRITE,1051.0,,2860848239,19.867002
WRITE,1051.0,,2861136220,19.869002
WRITE,1051.0,,2861424202,19.871001
WRITE,1051.0,,2861712183,19.873001
WRITE,1051.0,,2862000165,19.875001
WRITE,1051.0,,2862288146,19.877001
WRITE,1051.0,,2862576127,19.879001
WRITE,1051.0,,2862864109,19.881001
WRITE,1051.0,,2863152090,19.883001
WRITE,1051.0,,2863440072,19.885001
WRITE,1051.0,,2863728053,19.887000
WRITE,1051.0,,2864016035,19.889000
WRITE,1051.0,,2864304016,19.891000
WRITE,1051.0,,2864591997,19.893000
WRITE,1051.0,,2864879979,19.895000
WRITE,1051.0,,2865167960,19.897000
WRITE,1051.0,,2865455942,19.899000
WRITE,1051.0,,2865743923,19.900999
WRITE,1051.0,,2866031905,19.902999
WRITE,1051.0,,2866319886,19.904999
WRITE,1051.0,,2866607867,19.906999
WRITE,1051.0,,2866895849,19.908999
WRITE,1051.0,,2867183830,19.910999
WRITE,1051.0,,2867471812,19.912999
WRITE,1051.0,,2867759793,19.914999
WRITE,1051.0,,2868047774,19.916998
WRITE,1051.0,,2868335756,19.918998
WRITE,1051.0,,2868623737,19.920998
WRITE,1051.0,,2868911719,19.922998
WRITE,1051.0,,2869199700,19.924998
WRITE,1051.0,,2869487682,19.926998
WRITE,1051.0,,2869775663,19.928998
WRITE,1051.0,,2870063644,19.930998
WRITE,1051.0,,2870351626,19.932997
WRITE,1051.0,,2870639607,19.934997
WRITE,1051.0,,2870927589,19.936997
WRITE,1051.0,,2871215570,19.938997
WRITE,1051.0,,2871503552,19.940997
WRITE,1051.0,,2871791533,19.942997
WRITE,1051.0,,2872079514,19.944997
WRITE,1051.0,,2872367496,19.946997
WRITE,1051.0,,2872655477,19.948996
WRITE,1051.0,,2872943459,19.950996
WRITE,1051.0,,2873231440,19.952996
WRITE,1051.0,,2873519421,19.954996
WRITE,1051.0,,2873807403,19.956996
WRITE,1051.0,,2874095384,19.958996
WRITE,1051.0,,2874383366,19.960996
WRITE,1051.0,,2874671347,19.962995
WRITE,1051.0,,2874959329,19.964995
WRITE,1051.0,,2875247310,19.966995
WRITE,1051.0,,2875535291,19.968995
WRITE,1051.0,,2875823273,19.970995
WRITE,1051.0,,2876111254,19.972995
WRITE,1051.0,,2876399236,19.974995
WRITE,1051.0,,2876687217,19.976995
WRITE,1051.0,,2876975199,19.978994
WRITE,1051.0,,2877263180,19.980994
WRITE,1051.0,,2877551161,19.982994
WRITE,1051.0,,2877839143,19.984994
WRITE,1051.0,,2878127124,19.986994
WRITE,1051.0,,2878415106,19.988994
WRITE,1051.0,,2878703087,19.990994
WRITE,1051.0,,2878991068,19.992994
WRITE,1051.0,,2879279050,19.994993
WRITE,1051.0,,2879567031,19.996993
WRITE,1051.0,,2879857636,19.999011
WRITE,1051.0,,2880142990,20.000993
WRITE,1051.0,,2880430972,20.002993
WRITE,1051.0,,2880718953,20.004993
WRITE,1051.0,,2881006934,20.006993
WRITE,1051.0,,2881294916,20.008992
WRITE,1051.0,,2881582897,20.010992
WRITE,1050.0,,2881870879,20.012992
WRITE,1050.0,,2882158860,20.014992
WRITE,1049.0,,2882446842,20.016992
WRITE,1048.0,,2882734823,20.018992
WRITE,1046.0,,2883022804,20.020992
WRITE,1045.0,,2883310786,20.022992
WRITE,1044.0,,2883598767,20.024991
WRITE,1042.0,,2883886749,20.026991
WRITE,1040.0,,2884174730,20.028991
WRITE,1038.0,,2884462712,20.030991
WRITE,1036.0,,2884750693,20.032991
WRITE,1034.0,,2885038674,20.034991
WRITE,1032.0,,2885326656,20.036991
WRITE,1030.0,,2885614637,20.038991
WRITE,1028.0,,2885902619,20.040990
WRITE,1025.0,,2886190600,20.042990
WRITE,1023.0,,2886478581,20.044990
WRITE,1020.0,,2886766563,20.046990
WRITE,1017.0,,2887054544,20.048990
WRITE,1014.0,,2887342526,20.050990
WRITE,1011.0,,2887630507,20.052990
WRITE,1008.0,,2887918489,20.054990
WRITE,1005.0,,2888206470,20.056989
WRITE,1002.0,,2888494451,20.058989
WRITE,998.0,,2888782433,20.060989
WRITE,995.0,,2889070414,20.062989
WRITE,991.0,,2889358396,20.064989
WRITE,987.0,,2889646377,20.066989
WRITE,984.0,,2889934359,20.068989
WRITE,980.0,,2890222340,20.070988
WRITE,976.0,,2890510321,20.072988
WRITE,972.0,,2890798303,20.074988
WRITE,968.0,,2891086284,20.076988
WRITE,963.0,,2891374266,20.078988
WRITE,959.0,,2891662247,20.080988
WRITE,954.0,,2891950228,20.082988
WRITE,950.0,,2892238210,20.084988
WRITE,945.0,,2892526191,20.086987
WRITE,940.0,,2892814173,20.088987
WRITE,936.0,,2893102154,20.090987
WRITE,931.0,,2893390136,20.092987
WRITE,926.0,,2893678117,20.094987
WRITE,921.0,,2893966098,20.096987
WRITE,916.0,,2894254080,20.098987
WRITE,911.0,,2894542061,20.100987
WRITE,906.0,,2894830043,20.102986
WRITE,901.0,,2895118024,20.104986
WRITE,897.0,,2895406006,20.106986
WRITE,892.0,,2895693987,20.108986
WRITE,887.0,,2895981968,20.110986
WRITE,882.0,,2896269950,20.112986
WRITE,876.0,,2896557931,20.114986
WRITE,871.0,,2896845913,20.116986
WRITE,866.0,,2897133894,20.118985
WRITE,861.0,,2897421875,20.120985
WRITE,856.0,,2897709857,20.122985
WRITE,851.0,,2897997838,20.124985
WRITE,846.0,,2898285820,20.126985
WRITE,841.0,,2898573801,20.128985
WRITE,835.0,,2898861783,20.130985
WRITE,830.0,,2899149764,20.132984
WRITE,825.0,,2899437745,20.134984
WRITE,820.0,,2899725727,20.136984
WRITE,815.0,,2900013708,20.138984
WRITE,809.0,,2900301690,20.140984
WRITE,804.0,,2900589671,20.142984
WRITE,799.0,,2900877653,20.144984
WRITE,793.0,,2901165634,20.146984
WRITE,788.0,,2901453615,20.148983
WRITE,783.0,,2901741597,20.150983
WRITE,778.0,,2902029578,20.152983
WRITE,773.0,,2902317560,20.154983
WRITE,768.0,,2902605541,20.156983
WRITE,763.0,,2902893523,20.158983
WRITE,757.0,,2903181504,20.160983
WRITE,752.0,,2903469485,20.162983
WRITE,747.0,,2903757467,20.164982
WRITE,742.0,,2904045448,20.166982
WRITE,737.0,,2904333430,20.168982
WRITE,732.0,,2904621411,20.170982
WRITE,726.0,,2904909392,20.172982
WRITE,721.0,,2905197374,20.174982
WRITE,716.0,,2905485355,20.176982
WRITE,711.0,,2905773337,20.178982
WRITE,706.0,,2906061318,20.180981
WRITE,700.0,,2906349300,20.182981
WRITE,695.0,,2906637281,20.184981
WRITE,690.0,,2906925262,20.186981
WRITE,685.0,,2907213244,20.188981
WRITE,679.0,,2907501225,20.190981
WRITE,674.0,,2907789207,20.192981
WRITE,669.0,,2908077188,20.194980
WRITE,664.0,,2908365170,20.196980
WRITE,658.0,,2908653151,20.198980
WRITE,653.0,,2908941132,20.200980
WRITE,648.0,,2909229114,20.202980
WRITE,643.0,,2909517095,20.204980
WRITE,638.0,,2909805077,20.206980
WRITE,633.0,,2910093058,20.208980
WRITE,627.0,,2910381039,20.210979
WRITE,622.0,,2910669021,20.212979
WRITE,617.0,,2910957002,20.214979
WRITE,612.0,,2911244984,20.216979
WRITE,607.0,,2911532965,20.218979
WRITE,601.0,,2911820947,20.220979
WRITE,596.0,,2912108928,20.222979
WRITE,591.0,,2912396909,20.224979
WRITE,585.0,,2912684891,20.226978
WRITE,580.0,,2912972872,20.228978
WRITE,575.0,,2913260854,20.230978
WRITE,570.0,,2913548835,20.232978
WRITE,565.0,,2913836817,20.234978
WRITE,559.0,,2914124798,20.236978
WRITE,554.0,,2914412779,20.238978
WRITE,549.0,,2914700761,20.240978
WRITE,544.0,,2914988742,20.242977
WRITE,539.0,,2915276724,20.244977
WRITE,534.0,,2915564705,20.246977
WRITE,528.0,,2915852686,20.248977
WRITE,523.0,,2916140668,20.250977
WRITE,518.0,,2916428649,20.252977
WRITE,513.0,,2916716631,20.254977
WRITE,507.0,,2917004612,20.256976
WRITE,502.0,,2917292594,20.258976
WRITE,497.0,,2917580575,20.260976
WRITE,492.0,,2917868556,20.262976
WRITE,486.0,,2918156538,20.264976
WRITE,481.0,,2918444519,20.266976
WRITE,476.0,,2918732501,20.268976
WRITE,470.0,,2919020482,20.270976
WRITE,465.0,,2919308464,20.272975
WRITE,460.0,,2919596445,20.274975
WRITE,455.0,,2919884426,20.276975
WRITE,450.0,,2920172408,20.278975
WRITE,444.0,,2920460389,20.280975
WRITE,439.0,,2920748371,20.282975
WRITE,434.0,,2921036352,20.284975
WRITE,429.0,,2921324334,20.286975
WRITE,424.0,,2921612315,20.288974
WRITE,418.0,,2921900296,20.290974
WRITE,413.0,,2922188278,20.292974
WRITE,408.0,,2922476259,20.294974
WRITE,403.0,,2922764241,20.296974
WRITE,398.0,,2923052222,20.298974
WRITE,393.0,,2923340203,20.300974
WRITE,387.0,,2923628185,20.302974
WRITE,382.0,,2923916166,20.304973
WRITE,377.0,,2924204148,20.306973
WRITE,372.0,,2924492129,20.308973
WRITE,366.0,,2924780111,20.310973
WRITE,361.0,,2925068092,20.312973
WRITE,356.0,,2925356073,20.314973
WRITE,351.0,,2925644055,20.316973
WRITE,345.0,,2925932036,20.318972
WRITE,340.0,,2926220018,20.320972
WRITE,335.0,,2926507999,20.322972
WRITE,330.0,,2926795981,20.324972
WRITE,325.0,,2927083962,20.326972
WRITE,319.0,,2927371943,20.328972
WRITE,314.0,,2927659925,20.330972
WRITE,309.0,,2927947906,20.332972
WRITE,304.0,,2928235888,20.334971
WRITE,299.0,,2928523869,20.336971
WRITE,294.0,,2928811850,20.338971
WRITE,288.0,,2929099832,20.340971
WRITE,283.0,,2929387813,20.342971
WRITE,278.0,,2929675795,20.344971
WRITE,272.0,,2929963776,20.346971
WRITE,267.0,,2930251758,20.348971
WRITE,262.0,,2930539739,20.350970
WRITE,257.0,,2930827720,20.352970
WRITE,252.0,,2931115702,20.354970
WRITE,246.0,,2931403683,20.356970
WRITE,241.0,,2931691665,20.358970
WRITE,236.0,,2931979646,20.360970
WRITE,231.0,,2932267628,20.362970
WRITE,225.0,,2932555609,20.364970
WRITE,220.0,,2932843590,20.366969
WRITE,215.0,,2933131572,20.368969
WRITE,210.0,,2933419553,20.370969
WRITE,204.0,,2933707535,20.372969
WRITE,199.0,,2933995516,20.374969
WRITE,194.0,,2934283497,20.376969
WRITE,189.0,,2934571479,20.378969
WRITE,184.0,,2934859460,20.380968
WRITE,178.0,,2935147442,20.382968
WRITE,173.0,,2935435423,20.384968
WRITE,168.0,,2935723405,20.386968
WRITE,163.0,,2936011386,20.388968
WRITE,157.0,,2936299367,20.390968
WRITE,152.0,,2936587349,20.392968
WRITE,147.0,,2936875330,20.394968
WRITE,142.0,,2937163312,20.396967
WRITE,137.0,,2937451293,20.398967
WRITE,131.0,,2937739275,20.400967
WRITE,126.0,,2938027256,20.402967
WRITE,121.0,,2938315237,20.404967
WRITE,116.0,,2938603219,20.406967
WRITE,110.0,,2938891200,20.408967
WRITE,105.0,,2939179182,20.410967
WRITE,100.0,,2939467163,20.412966
WRITE,95.0,,2939755145,20.414966
WRITE,89.0,,2940043126,20.416966
WRITE,84.0,,2940331107,20.418966
WRITE,79.0,,2940619089,20.420966
WRITE,74.0,,2940907070,20.422966
WRITE,68.0,,2941195052,20.424966
WRITE,63.0,,2941483033,20.426966
WRITE,58.0,,2941771014,20.428965
WRITE,53.0,,2942058996,20.430965
WRITE,48.0,,2942346977,20.432965
WRITE,42.0,,2942634959,20.434965
WRITE,37.0,,2942922940,20.436965
WRITE,32.0,,2943210922,20.438965
WRITE,27.0,,2943498903,20.440965
WRITE,21.0,,2943786884,20.442964
WRITE,16.0,,2944074866,20.444964
WRITE,11.0,,2944362847,20.446964
WRITE,6.0,,2944650829,20.448964
WRITE,0.0,,2944938810,20.450964
WRITE,-5.0,,2945226792,20.452964
WRITE,-10.0,,2945514773,20.454964
WRITE,-15.0,,2945802754,20.456964
WRITE,-21.0,,2946090736,20.458963
WRITE,-26.0,,2946378717,20.460963
WRITE,-31.0,,2946666699,20.462963
WRITE,-36.0,,2946954680,20.464963
WRITE,-42.0,,2947242661,20.466963
WRITE,-47.0,,2947530643,20.468963
WRITE,-52.0,,2947818624,20.470963
WRITE,-57.0,,2948106606,20.472963
WRITE,-62.0,,2948394587,20.474962
WRITE,-68.0,,2948682569,20.476962
WRITE,-73.0,,2948970550,20.478962
WRITE,-78.0,,2949258531,20.480962
WRITE,-83.0,,2949546513,20.482962
WRITE,-89.0,,2949834494,20.484962
WRITE,-94.0,,2950122476,20.486962
WRITE,-99.0,,2950410457,20.488962
WRITE,-104.0,,2950698439,20.490961
WRITE,-110.0,,2950986420,20.492961
WRITE,-115.0,,2951274401,20.494961
WRITE,-120.0,,2951562383,20.496961
WRITE,-126.0,,2951852868,20.498978
WRITE,-131.0,,2952138343,20.500961
WRITE,-136.0,,2952426324,20.502961
WRITE,-141.0,,2952714305,20.504960
WRITE,-146.0,,2953002287,20.506960
WRITE,-151.0,,2953290268,20.508960
WRITE,-157.0,,2953578250,20.510960
WRITE,-162.0,,2953866231,20.512960
WRITE,-167.0,,2954154213,20.514960
WRITE,-172.0,,2954442194,20.516960
WRITE,-178.0,,2954730175,20.518960
WRITE,-183.0,,2955018157,20.520959
WRITE,-188.0,,2955306138,20.522959
WRITE,-193.0,,2955594120,20.524959
WRITE,-199.0,,2955882101,20.526959
WRITE,-204.0,,2956170083,20.528959
WRITE,-209.0,,2956458064,20.530959
WRITE,-214.0,,2956746045,20.532959
WRITE,-220.0,,2957034027,20.534959
WRITE,-225.0,,2957322008,20.536958
WRITE,-230.0,,2957609990,20.538958
WRITE,-236.0,,2957897971,20.540958
WRITE,-241.0,,2958185953,20.542958
WRITE,-246.0,,2958473934,20.544958
WRITE,-252.0,,2958761915,20.546958
WRITE,-257.0,,2959049897,20.548958
WRITE,-262.0,,2959337878,20.550957
WRITE,-267.0,,2959625860,20.552957
WRITE,-273.0,,2959913841,20.554957
WRITE,-278.0,,2960201822,20.556957
WRITE,-283.0,,2960489804,20.558957
WRITE,-288.0,,2960777785,20.560957
WRITE,-294.0,,2961065767,20.562957
WRITE,-299.0,,2961353748,20.564957
WRITE,-304.0,,2961641730,20.566956
WRITE,-309.0,,2961929711,20.568956
WRITE,-314.0,,2962217692,20.570956
WRITE,-320.0,,2962505674,20.572956
WRITE,-325.0,,2962793655,20.574956
WRITE,-330.0,,2963081637,20.576956
WRITE,-336.0,,2963369618,20.578956
WRITE,-341.0,,2963657600,20.580956
WRITE,-346.0,,2963945581,20.582955
WRITE,-351.0,,2964233562,20.584955
WRITE,-357.0,,2964521544,20.586955
WRITE,-362.0,,2964809525,20.588955
WRITE,-368.0,,2965097507,20.590955
WRITE,-373.0,,2965385488,20.592955
WRITE,-378.0,,2965673469,20.594955
WRITE,-383.0,,2965961451,20.596955
WRITE,-389.0,,2966249432,20.598954
WRITE,-394.0,,2966537414,20.600954
WRITE,-399.0,,2966825395,20.602954
WRITE,-404.0,,2967113377,20.604954
WRITE,-410.0,,2967401358,20.606954
WRITE,-415.0,,2967689339,20.608954
WRITE,-420.0,,2967977321,20.610954
WRITE,-425.0,,2968265302,20.612953
WRITE,-430.0,,2968553284,20.614953
WRITE,-436.0,,2968841265,20.616953
WRITE,-441.0,,2969129247,20.618953
WRITE,-446.0,,2969417228,20.620953
WRITE,-451.0,,2969705209,20.622953
WRITE,-457.0,,2969993191,20.624953
WRITE,-462.0,,2970281172,20.626953
WRITE,-467.0,,2970569154,20.628952
WRITE,-473.0,,2970857135,20.630952
WRITE,-478.0,,2971145116,20.632952
WRITE,-483.0,,2971433098,20.634952
WRITE,-489.0,,2971721079,20.636952
WRITE,-494.0,,2972009061,20.638952
WRITE,-499.0,,2972297042,20.640952
WRITE,-504.0,,2972585024,20.642952
WRITE,-510.0,,2972873005,20.644951
WRITE,-515.0,,2973160986,20.646951
WRITE,-520.0,,2973448968,20.648951
WRITE,-525.0,,2973736949,20.650951
WRITE,-531.0,,2974024931,20.652951
WRITE,-536.0,,2974312912,20.654951
WRITE,-541.0,,2974600894,20.656951
WRITE,-547.0,,2974888875,20.658951
WRITE,-552.0,,2975176856,20.660950
WRITE,-557.0,,2975464838,20.662950
WRITE,-562.0,,2975752819,20.664950
WRITE,-568.0,,2976040801,20.666950
WRITE,-573.0,,2976328782,20.668950
WRITE,-578.0,,2976616764,20.670950
WRITE,-584.0,,2976904745,20.672950
WRITE,-589.0,,2977192726,20.674949
WRITE,-594.0,,2977480708,20.676949
WRITE,-600.0,,2977768689,20.678949
WRITE,-605.0,,2978056671,20.680949
WRITE,-611.0,,2978344652,20.682949
WRITE,-616.0,,2978632633,20.684949
WRITE,-621.0,,2978920615,20.686949
WRITE,-626.0,,2979208596,20.688949
WRITE,-631.0,,2979496578,20.690948
WRITE,-636.0,,2979784559,20.692948
WRITE,-641.0,,2980072541,20.694948
WRITE,-646.0,,2980360522,20.696948
WRITE,-651.0,,2980648503,20.698948
WRITE,-656.0,,2980936485,20.700948
WRITE,-661.0,,2981224466,20.702948
WRITE,-665.0,,2981512448,20.704948
WRITE,-670.0,,2981800429,20.706947
WRITE,-675.0,,2982088411,20.708947
WRITE,-679.0,,2982376392,20.710947
WRITE,-684.0,,2982664373,20.712947
WRITE,-688.0,,2982952355,20.714947
WRITE,-692.0,,2983240336,20.716947
WRITE,-697.0,,2983528318,20.718947
WRITE,-701.0,,2983816299,20.720947
WRITE,-705.0,,2984104280,20.722946
WRITE,-709.0,,2984392262,20.724946
WRITE,-713.0,,2984680243,20.726946
WRITE,-717.0,,2984968225,20.728946
WRITE,-721.0,,2985256206,20.730946
WRITE,-724.0,,2985544188,20.732946
WRITE,-728.0,,2985832169,20.734946
WRITE,-731.0,,2986120150,20.736945
WRITE,-735.0,,2986408132,20.738945
WRITE,-738.0,,2986696113,20.740945
WRITE,-741.0,,2986984095,20.742945
WRITE,-744.0,,2987272076,20.744945
WRITE,-747.0,,2987560058,20.746945
WRITE,-750.0,,2987848039,20.748945
WRITE,-752.0,,2988136020,20.750945
WRITE,-755.0,,2988424002,20.752944
WRITE,-758.0,,2988711983,20.754944
WRITE,-760.0,,2988999965,20.756944
WRITE,-762.0,,2989287946,20.758944
WRITE,-765.0,,2989575927,20.760944
WRITE,-767.0,,2989863909,20.762944
WRITE,-769.0,,2990151890,20.764944
WRITE,-771.0,,2990439872,20.766944
WRITE,-773.0,,2990727853,20.768943
WRITE,-775.0,,2991015835,20.770943
WRITE,-777.0,,2991303816,20.772943
WRITE,-778.0,,2991591797,20.774943
WRITE,-780.0,,2991879779,20.776943
WRITE,-781.0,,2992167760,20.778943
WRITE,-783.0,,2992455742,20.780943
WRITE,-784.0,,2992743723,20.782943
WRITE,-786.0,,2993031705,20.784942
WRITE,-787.0,,2993319686,20.786942
WRITE,-788.0,,2993607667,20.788942
WRITE,-789.0,,2993895649,20.790942
WRITE,-791.0,,2994183630,20.792942
WRITE,-792.0,,2994471612,20.794942
WRITE,-793.0,,2994759593,20.796942
WRITE,-794.0,,2995047575,20.798941
WRITE,-795.0,,2995335556,20.800941
WRITE,-796.0,,2995623537,20.802941
WRITE,-797.0,,2995911519,20.804941
WRITE,-798.0,,2996199500,20.806941
WRITE,-799.0,,2996487482,20.808941
WRITE,-800.0,,2996775463,20.810941
WRITE,-801.0,,2997063444,20.812941
WRITE,-802.0,,2997351426,20.814940
WRITE,-802.0,,2997639407,20.816940
WRITE,-803.0,,2997927389,20.818940
WRITE,-804.0,,2998215370,20.820940
WRITE,-804.0,,2998503352,20.822940
WRITE,-805.0,,2998791333,20.824940
WRITE,-806.0,,2999079314,20.826940
WRITE,-807.0,,2999367296,20.828940
WRITE,-807.0,,2999655277,20.830939
WRITE,-808.0,,2999943259,20.832939
WRITE,-808.0,,3000231240,20.834939
WRITE,-809.0,,3000519222,20.836939
WRITE,-810.0,,3000807203,20.838939
WRITE,-810.0,,3001095184,20.840939
WRITE,-811.0,,3001383166,20.842939
WRITE,-811.0,,3001671147,20.844939
WRITE,-812.0,,3001959129,20.846938
WRITE,-812.0,,3002247110,20.848938
WRITE,-813.0,,3002535091,20.850938
WRITE,-813.0,,3002823073,20.852938
WRITE,-814.0,,3003111054,20.854938
WRITE,-814.0,,3003399036,20.856938
WRITE,-814.0,,3003687017,20.858938
WRITE,-815.0,,3003974999,20.860937
WRITE,-815.0,,3004262980,20.862937
WRITE,-815.0,,3004550961,20.864937
WRITE,-816.0,,3004838943,20.866937
WRITE,-816.0,,3005126924,20.868937
WRITE,-816.0,,3005414906,20.870937
WRITE,-817.0,,3005702887,20.872937
WRITE,-817.0,,3005990869,20.874937
WRITE,-817.0,,3006278850,20.876936
WRITE,-818.0,,3006566831,20.878936
WRITE,-818.0,,3006854813,20.880936
WRITE,-818.0,,3007142794,20.882936
WRITE,-819.0,,3007430776,20.884936
WRITE,-819.0,,3007718757,20.886936
WRITE,-820.0,,3008006738,20.888936
WRITE,-820.0,,3008294720,20.890936
WRITE,-820.0,,3008582701,20.892935
WRITE,-821.0,,3008870683,20.894935
WRITE,-821.0,,3009158664,20.896935
WRITE,-821.0,,3009446646,20.898935
WRITE,-822.0,,3009734627,20.900935
WRITE,-822.0,,3010022608,20.902935
WRITE,-823.0,,3010310590,20.904935
WRITE,-823.0,,3010598571,20.906935
WRITE,-823.0,,3010886553,20.908934
WRITE,-823.0,,3011174534,20.910934
WRITE,-824.0,,3011462516,20.912934
WRITE,-824.0,,3011750497,20.914934
WRITE,-824.0,,3012038478,20.916934
WRITE,-825.0,,3012326460,20.918934
WRITE,-825.0,,3012614441,20.920934
WRITE,-825.0,,3012902423,20.922933
WRITE,-825.0,,3013190404,20.924933
WRITE,-826.0,,3013478386,20.926933
WRITE,-826.0,,3013766367,20.928933
WRITE,-826.0,,3014054348,20.930933
WRITE,-826.0,,3014342330,20.932933
WRITE,-827.0,,3014630311,20.934933
WRITE,-827.0,,3014918293,20.936933
WRITE,-827.0,,3015206274,20.938932
WRITE,-827.0,,3015494255,20.940932
WRITE,-828.0,,3015782237,20.942932
WRITE,-828.0,,3016070218,20.944932
WRITE,-828.0,,3016358200,20.946932
WRITE,-829.0,,3016646181,20.948932
WRITE,-829.0,,3016934163,20.950932
WRITE,-829.0,,3017222144,20.952932
WRITE,-829.0,,3017510125,20.954931
WRITE,-830.0,,3017798107,20.956931
WRITE,-830.0,,3018086088,20.958931
WRITE,-830.0,,3018374070,20.960931
WRITE,-830.0,,3018662051,20.962931
WRITE,-830.0,,3018950033,20.964931
WRITE,-830.0,,3019238014,20.966931
WRITE,-830.0,,3019525995,20.968931
WRITE,-830.0,,3019813977,20.970930
WRITE,-830.0,,3020101958,20.972930
WRITE,-830.0,,3020389940,20.974930
WRITE,-830.0,,3020677921,20.976930
WRITE,-830.0,,3020965902,20.978930
WRITE,-830.0,,3021253884,20.980930
WRITE,-830.0,,3021541865,20.982930
WRITE,-830.0,,3021829847,20.984929
WRITE,-830.0,,3022117828,20.986929
WRITE,-830.0,,3022405810,20.988929
WRITE,-830.0,,3022693791,20.990929
WRITE,-830.0,,3022981772,20.992929
WRITE,-830.0,,3023269754,20.994929
WRITE,-830.0,,3023557735,20.996929
WRITE,-830.0,,3023848339,20.998947
WRITE,-830.0,,3024133694,21.000928
WRITE,-830.0,,3024421676,21.002928
WRITE,-830.0,,3024709657,21.004928
WRITE,-830.0,,3024997638,21.006928
WRITE,-830.0,,3025285620,21.008928
WRITE,-830.0,,3025573601,21.010928
WRITE,-830.0,,3025861583,21.012928
WRITE,-830.0,,3026149564,21.014928
WRITE,-829.0,,3026437545,21.016927
WRITE,-827.0,,3026725527,21.018927
WRITE,-826.0,,3027013508,21.020927
WRITE,-825.0,,3027301490,21.022927
WRITE,-823.0,,3027589471,21.024927
WRITE,-821.0,,3027877453,21.026927
WRITE,-819.0,,3028165434,21.028927
WRITE,-817.0,,3028453415,21.030926
WRITE,-815.0,,3028741397,21.032926
WRITE,-813.0,,3029029378,21.034926
WRITE,-810.0,,3029317360,21.036926
WRITE,-808.0,,3029605341,21.038926
WRITE,-806.0,,3029893323,21.040926
WRITE,-803.0,,3030181304,21.042926
WRITE,-801.0,,3030469285,21.044926
WRITE,-798.0,,3030757267,21.046925
WRITE,-796.0,,3031045248,21.048925
WRITE,-794.0,,3031333230,21.050925
WRITE,-792.0,,3031621211,21.052925
WRITE,-790.0,,3031909193,21.054925
WRITE,-787.0,,3032197174,21.056925
WRITE,-786.0,,3032485155,21.058925
WRITE,-784.0,,3032773137,21.060925
WRITE,-782.0,,3033061118,21.062924
WRITE,-780.0,,3033349100,21.064924
WRITE,-778.0,,3033637081,21.066924
WRITE,-777.0,,3033925062,21.068924
WRITE,-775.0,,3034213044,21.070924
WRITE,-774.0,,3034501025,21.072924
WRITE,-772.0,,3034789007,21.074924
WRITE,-771.0,,3035076988,21.076924
WRITE,-770.0,,3035364970,21.078923
WRITE,-768.0,,3035652951,21.080923
WRITE,-767.0,,3035940932,21.082923
WRITE,-766.0,,3036228914,21.084923
WRITE,-765.0,,3036516895,21.086923
WRITE,-764.0,,3036804877,21.088923
WRITE,-763.0,,3037092858,21.090923
WRITE,-762.0,,3037380840,21.092923
WRITE,-761.0,,3037668821,21.094922
WRITE,-760.0,,3037956802,21.096922
WRITE,-759.0,,3038244784,21.098922
WRITE,-758.0,,3038532765,21.100922
WRITE,-757.0,,3038820747,21.102922
WRITE,-756.0,,3039108728,21.104922
WRITE,-755.0,,3039396709,21.106922
WRITE,-754.0,,3039684691,21.108921
WRITE,-753.0,,3039972672,21.110921
WRITE,-752.0,,3040260654,21.112921
WRITE,-751.0,,3040548635,21.114921
WRITE,-750.0,,3040836617,21.116921
WRITE,-749.0,,3041124598,21.118921
WRITE,-748.0,,3041412579,21.120921
WRITE,-747.0,,3041700561,21.122921
WRITE,-746.0,,3041988542,21.124920
WRITE,-746.0,,3042276524,21.126920
WRITE,-745.0,,3042564505,21.128920
WRITE,-744.0,,3042852487,21.130920
WRITE,-743.0,,3043140468,21.132920
WRITE,-743.0,,3043428449,21.134920
WRITE,-742.0,,3043716431,21.136920
WRITE,-742.0,,3044004412,21.138920
WRITE,-741.0,,3044292394,21.140919
WRITE,-741.0,,3044580375,21.142919
WRITE,-740.0,,3044868356,21.144919
WRITE,-740.0,,3045156338,21.146919
WRITE,-739.0,,3045444319,21.148919
WRITE,-739.0,,3045732301,21.150919
WRITE,-738.0,,3046020282,21.152919
WRITE,-738.0,,3046308264,21.154919
WRITE,-737.0,,3046596245,21.156918
WRITE,-737.0,,3046884226,21.158918
WRITE,-736.0,,3047172208,21.160918
WRITE,-736.0,,3047460189,21.162918
WRITE,-735.0,,3047748171,21.164918
WRITE,-735.0,,3048036152,21.166918
WRITE,-734.0,,3048324134,21.168918
WRITE,-734.0,,3048612115,21.170917
WRITE,-733.0,,3048900096,21.172917
WRITE,-733.0,,3049188078,21.174917
WRITE,-732.0,,3049476059,21.176917
WRITE,-732.0,,3049764041,21.178917
WRITE,-731.0,,3050052022,21.180917
WRITE,-731.0,,3050340004,21.182917
WRITE,-730.0,,3050627985,21.184917
WRITE,-730.0,,3050915966,21.186916
WRITE,-729.0,,3051203948,21.188916
WRITE,-728.0,,3051491929,21.190916
WRITE,-728.0,,3051779911,21.192916
WRITE,-727.0,,3052067892,21.194916
WRITE,-727.0,,3052355873,21.196916
WRITE,-727.0,,3052643855,21.198916
WRITE,-726.0,,3052931836,21.200916
WRITE,-726.0,,3053219818,21.202915
WRITE,-725.0,,3053507799,21.204915
WRITE,-725.0,,3053795781,21.206915
WRITE,-724.0,,3054083762,21.208915
WRITE,-724.0,,3054371743,21.210915
WRITE,-724.0,,3054659725,21.212915
WRITE,-723.0,,3054947706,21.214915
WRITE,-723.0,,3055235688,21.216915
WRITE,-723.0,,3055523669,21.218914
WRITE,-722.0,,3055811651,21.220914
WRITE,-722.0,,3056099632,21.222914
WRITE,-722.0,,3056387613,21.224914
WRITE,-721.0,,3056675595,21.226914
WRITE,-721.0,,3056963576,21.228914
